ID	Description	GeneRatio	BgRatio	pvalue	p.adjust	qvalue	geneID	Count
GO:0009206	purine ribonucleoside triphosphate biosynthetic process	27/1057	82/8616	7.539385588103601e-7	0.001639331609014326	0.0015513159217411619	FLCN/ATP5ME/NDUFV3/ATP5PO/ATP5MF/NDUFS5/NDUFB9/NDUFA6/NDUFA1/ATP5MG/NDUFA7/ENO1/ATP5PD/TMSB4X/NDUFB4/NDUFB3/ATP5F1A/NME1/NDUFA2/ATP5MC1/NDUFA9/IMPDH2/ATP5MC2/NDUFB5/ATP5PB/NDUFA3/COX11	27
GO:0009145	purine nucleoside triphosphate biosynthetic process	27/1057	83/8616	9.889780554354549e-7	0.001639331609014326	0.0015513159217411619	FLCN/ATP5ME/NDUFV3/ATP5PO/ATP5MF/NDUFS5/NDUFB9/NDUFA6/NDUFA1/ATP5MG/NDUFA7/ENO1/ATP5PD/TMSB4X/NDUFB4/NDUFB3/ATP5F1A/NME1/NDUFA2/ATP5MC1/NDUFA9/IMPDH2/ATP5MC2/NDUFB5/ATP5PB/NDUFA3/COX11	27
GO:0006754	ATP biosynthetic process	25/1057	74/8616	1.1238562219019601e-6	0.001639331609014326	0.0015513159217411619	FLCN/ATP5ME/NDUFV3/ATP5PO/ATP5MF/NDUFS5/NDUFB9/NDUFA6/NDUFA1/ATP5MG/NDUFA7/ENO1/ATP5PD/TMSB4X/NDUFB4/NDUFB3/ATP5F1A/NDUFA2/ATP5MC1/NDUFA9/ATP5MC2/NDUFB5/ATP5PB/NDUFA3/COX11	25
GO:0046034	ATP metabolic process	29/1057	98/8616	3.5029581008065895e-6	0.0030960648674819014	0.002929837195389637	ATP1B1/FLCN/ENPP1/ATP5ME/NDUFV3/AK4/ATP5PO/ATP5MF/NDUFS5/NDUFB9/NDUFA6/NDUFA1/ATP5MG/NDUFA7/ENO1/ATP5PD/TMSB4X/NDUFB4/NDUFB3/ATP5F1A/NDUFA2/ATP5MC1/NDUFA9/ATP5MC2/HSPA8/NDUFB5/ATP5PB/NDUFA3/COX11	29
GO:0009201	ribonucleoside triphosphate biosynthetic process	27/1057	88/8616	3.537551265404366e-6	0.0030960648674819014	0.002929837195389637	FLCN/ATP5ME/NDUFV3/ATP5PO/ATP5MF/NDUFS5/NDUFB9/NDUFA6/NDUFA1/ATP5MG/NDUFA7/ENO1/ATP5PD/TMSB4X/NDUFB4/NDUFB3/ATP5F1A/NME1/NDUFA2/ATP5MC1/NDUFA9/IMPDH2/ATP5MC2/NDUFB5/ATP5PB/NDUFA3/COX11	27
GO:0009205	purine ribonucleoside triphosphate metabolic process	32/1057	115/8616	4.802255678791062e-6	0.0031396837914326693	0.0029711142200269706	ATP1B1/FLCN/ENPP1/ATP5ME/NDUFV3/MFN1/AK4/ATP5PO/ATP5MF/NDUFS5/NDUFB9/NDUFA6/NDUFA1/ATP5MG/NDUFA7/ENO1/ATP5PD/TMSB4X/NDUFB4/NDUFB3/ATP5F1A/NME1/NDUFA2/ATP5MC1/NDUFA9/IMPDH2/ATP5MC2/HSPA8/NDUFB5/ATP5PB/NDUFA3/COX11	32
GO:0009142	nucleoside triphosphate biosynthetic process	28/1057	95/8616	5.604758358643072e-6	0.0031396837914326693	0.0029711142200269706	FLCN/ATP5ME/NDUFV3/AK4/ATP5PO/ATP5MF/NDUFS5/NDUFB9/NDUFA6/NDUFA1/ATP5MG/NDUFA7/ENO1/ATP5PD/TMSB4X/NDUFB4/NDUFB3/ATP5F1A/NME1/NDUFA2/ATP5MC1/NDUFA9/IMPDH2/ATP5MC2/NDUFB5/ATP5PB/NDUFA3/COX11	28
GO:0015986	proton motive force-driven ATP synthesis	21/1057	61/8616	5.73982411596466e-6	0.0031396837914326693	0.0029711142200269706	ATP5ME/NDUFV3/ATP5PO/ATP5MF/NDUFS5/NDUFB9/NDUFA6/NDUFA1/ATP5MG/NDUFA7/ATP5PD/NDUFB4/NDUFB3/ATP5F1A/NDUFA2/ATP5MC1/NDUFA9/ATP5MC2/NDUFB5/ATP5PB/NDUFA3	21
GO:1902600	proton transmembrane transport	25/1057	83/8616	1.1596065297233206e-5	0.005594937851672695	0.0052945457299337015	ATP1B1/CHP1/SLC16A1/LETM1/ATP5ME/TMCO3/ATP5PO/ATP5MF/SLC15A4/SLC25A5/GHITM/COX6B1/ATP5MG/ATP5PD/ATP6V1G1/COX7A2L/TMSB4X/ATP6V1F/ATP5F1A/ATP5MC1/COX15/ATP5MC2/UQCR10/ATP5PB/SLC25A12	25
GO:0031954	positive regulation of protein autophosphorylation	10/1057	18/8616	1.2785506973657896e-5	0.005594937851672695	0.0052945457299337015	PDGFA/DDX3X/RAP2B/RAP2C/RAP2A/PDGFC/CALM2/MRE11/RASSF2/CALM1	10
GO:0009144	purine nucleoside triphosphate metabolic process	32/1057	121/8616	1.5242911070784571e-5	0.006063907167795753	0.00573833609114512	ATP1B1/FLCN/ENPP1/ATP5ME/NDUFV3/MFN1/AK4/ATP5PO/ATP5MF/NDUFS5/NDUFB9/NDUFA6/NDUFA1/ATP5MG/NDUFA7/ENO1/ATP5PD/TMSB4X/NDUFB4/NDUFB3/ATP5F1A/NME1/NDUFA2/ATP5MC1/NDUFA9/IMPDH2/ATP5MC2/HSPA8/NDUFB5/ATP5PB/NDUFA3/COX11	32
GO:0009199	ribonucleoside triphosphate metabolic process	32/1057	122/8616	1.8284197415228716e-5	0.006667637324086739	0.006309651985220155	ATP1B1/FLCN/ENPP1/ATP5ME/NDUFV3/MFN1/AK4/ATP5PO/ATP5MF/NDUFS5/NDUFB9/NDUFA6/NDUFA1/ATP5MG/NDUFA7/ENO1/ATP5PD/TMSB4X/NDUFB4/NDUFB3/ATP5F1A/NME1/NDUFA2/ATP5MC1/NDUFA9/IMPDH2/ATP5MC2/HSPA8/NDUFB5/ATP5PB/NDUFA3/COX11	32
GO:0042776	proton motive force-driven mitochondrial ATP synthesis	19/1057	56/8616	2.0176497227161447e-5	0.006791719374312192	0.006427072072198635	ATP5ME/NDUFV3/ATP5PO/ATP5MF/NDUFS5/NDUFB9/NDUFA6/NDUFA1/ATP5MG/NDUFA7/ATP5PD/NDUFB4/NDUFB3/ATP5F1A/NDUFA2/NDUFA9/NDUFB5/ATP5PB/NDUFA3	19
GO:0031952	regulation of protein autophosphorylation	12/1057	27/8616	3.242540525296452e-5	0.010135255241926624	0.009591093553771612	CHP1/PDGFA/ENPP1/DDX3X/RAP2B/RAP2C/RAP2A/PDGFC/CALM2/MRE11/RASSF2/CALM1	12
GO:0006119	oxidative phosphorylation	29/1057	115/8616	9.649345987236287e-5	0.028150358693430664	0.026638966395640392	ATP5ME/NDUFV3/AK4/C2orf69/ATP5PO/ATP5MF/UQCRQ/COX6A1/NDUFS5/GHITM/NDUFB9/NDUFA6/NDUFA1/COX6B1/ATP5MG/NDUFA7/ATP5PD/COX7A2L/UQCC2/NDUFB4/NDUFB3/ATP5F1A/NDUFA2/NDUFA9/COX15/UQCR10/NDUFB5/ATP5PB/NDUFA3	29
GO:0006812	monoatomic cation transport	74/1057	397/8616	1.1741930190588e-4	0.03211417907125818	0.030389969322219205	CTNNB1/PPP3CA/ATP1B1/FKBP1A/CHP1/SLC12A2/SLC16A1/LETM1/SFXN1/SLC38A2/YWHAE/SLC48A1/ARHGAP1/STC1/KCNJ2/FGF13/ATP5ME/CAMK2D/SCN7A/NIPAL3/TMCO3/SLC30A7/YWHAH/SLC39A11/SLC22A5/ANXA2/MAGED2/ERO1A/ATP5PO/ATP5MF/SLC4A7/ATP1B2/SLC15A4/SLC25A5/GHITM/CACNB2/CDK2/CALM2/SELENOK/LRP2/ITGB3/PLCB3/COX6B1/CALM1/ATP5MG/SMDT1/ATP5PD/COMMD9/ATP6V1G1/COX7A2L/SLC40A1/TMSB4X/ORAI3/SUMO1/FTL/ATP6V1F/ATP5F1A/CUL5/ATP5MC1/MFSD4B/NDUFA9/COX15/TMCO1/TRPM7/ATP5MC2/PLCE1/RANGRF/UQCR10/ATP5PB/CASK/B2M/PRNP/TMBIM6/SLC25A12	74
GO:0006164	purine nucleotide biosynthetic process	39/1057	175/8616	1.278142870347679e-4	0.03290090118024379	0.03113445233404192	NADK2/PRPS2/FLCN/AFMID/DCAKD/ATP5ME/NDUFV3/PFAS/AK4/ATP5PO/ATP5MF/SLC4A7/PPT1/MPC2/NDUFS5/NDUFB9/NDUFA6/NDUFA1/PTGIS/ATP5MG/NDUFA7/ENO1/ATP5PD/ELOVL6/TMSB4X/PDHB/NDUFB4/NDUFB3/ATP5F1A/NME1/NDUFA2/ATP5MC1/NDUFA9/IMPDH2/ATP5MC2/NDUFB5/ATP5PB/NDUFA3/COX11	39
GO:0017148	negative regulation of translation	35/1057	152/8616	1.4180665546237908e-4	0.034474773572409495	0.032623823543216336	CNOT9/CALR/TNRC6B/EIF4EBP2/CIRBP/DDX3X/CNOT7/EIF4E/YTHDF1/FTO/LSM14A/HNRNPU/CPEB1/CNOT6L/TOB1/MEX3D/TRIM2/PAN3/EIF4E2/DDX6/SRP9/IGF2BP1/EIF6/AGO2/LARP1/IGFBP5/PAIP2/AGO3/ROCK2/EIF2S1/ZFP36L2/NOCT/NHLRC3/YTHDF3/CNOT11	35
GO:0006091	generation of precursor metabolites and energy	64/1057	334/8616	1.5051111565570535e-4	0.03466508642680877	0.03280391850357589	PPP1CB/PRPS2/INSR/TP53/HK2/FLCN/PRXL2C/ENPP1/ARNT/FOXK2/COQ10B/GSR/ATP5ME/NDUFV3/OGT/DHRS3/ACOX1/AK4/C2orf69/H6PD/ATP5PO/ATP5MF/CYBB/UQCRQ/COX6A1/PER2/TPI1/NDUFS5/GHITM/NDUFB9/NDUFA6/NDUFA1/EIF6/IRS1/COX6B1/HMGCL/ATP5MG/GPI/NDUFA7/ENO1/ATP5PD/FDX1/COX7A2L/IDH1/UQCC2/PDHB/PFKM/NDUFB4/NDUFB3/ATP5F1A/NDUFA2/CIAPIN1/NDUFA9/COX15/PFKFB2/MTFR1L/CHCHD5/UQCR10/NDUFB5/ATP5PB/QDPR/NDUFA3/SLC25A12/COX11	64
GO:0006811	monoatomic ion transport	81/1057	448/8616	1.626846546743455e-4	0.0355954024427468	0.03368428586783554	CTNNB1/PPP3CA/ATP1B1/FKBP1A/CHP1/SLC12A2/SLC16A1/LETM1/SFXN1/SLC38A2/YWHAE/SLC48A1/ARHGAP1/STC1/KCNJ2/FGF13/ATP5ME/STOM/CAMK2D/SCN7A/NIPAL3/TMCO3/TMEM150C/SLC30A7/YWHAH/SLC39A11/SLC22A5/ANXA2/MAGED2/ERO1A/ATP5PO/ATP5MF/SLC4A7/CYBB/ATP1B2/SLC15A4/SLC25A5/GHITM/CACNB2/CDK2/CALM2/SELENOK/LRP2/ITGB3/PLCB3/COX6B1/CALM1/ATP5MG/SMDT1/ATP5PD/COMMD9/ATP6V1G1/COX7A2L/CLIC1/SLC40A1/TMSB4X/SFXN3/ORAI3/LRRC8A/SUMO1/FTL/ATP6V1F/ATP5F1A/CUL5/ATP5MC1/MFSD4B/NDUFA9/COX15/YWHAQ/TMCO1/TRPM7/ATP5MC2/PLCE1/RANGRF/UQCR10/ATP5PB/CASK/B2M/PRNP/TMBIM6/SLC25A12	81
GO:0009141	nucleoside triphosphate metabolic process	32/1057	136/8616	1.7680203594207274e-4	0.03665540096579513	0.03468737308751998	ATP1B1/FLCN/ENPP1/ATP5ME/NDUFV3/MFN1/AK4/ATP5PO/ATP5MF/NDUFS5/NDUFB9/NDUFA6/NDUFA1/ATP5MG/NDUFA7/ENO1/ATP5PD/TMSB4X/NDUFB4/NDUFB3/ATP5F1A/NME1/NDUFA2/ATP5MC1/NDUFA9/IMPDH2/ATP5MC2/HSPA8/NDUFB5/ATP5PB/NDUFA3/COX11	32
GO:0045444	fat cell differentiation	29/1057	119/8616	1.8428218035820222e-4	0.03665540096579513	0.03468737308751998	CTBP1/FLCN/WNT5A/TBL1XR1/ENPP1/ALDH6A1/RREB1/SENP2/FOSL2/RUNX1T1/FTO/HNRNPU/OSBPL11/TRIB2/ERO1A/PER2/TAF8/ZNF516/SLC2A4/CCND1/ZBTB7C/ZFP36L2/STK4/TCF7L2/PDGFRA/NOCT/DUSP10/JDP2/SYAP1	29
GO:0009152	purine ribonucleotide biosynthetic process	34/1057	150/8616	2.416980178823061e-4	0.045985675054477024	0.043516704912997355	FLCN/DCAKD/ATP5ME/NDUFV3/PFAS/AK4/ATP5PO/ATP5MF/PPT1/MPC2/NDUFS5/NDUFB9/NDUFA6/NDUFA1/ATP5MG/NDUFA7/ENO1/ATP5PD/ELOVL6/TMSB4X/PDHB/NDUFB4/NDUFB3/ATP5F1A/NME1/NDUFA2/ATP5MC1/NDUFA9/IMPDH2/ATP5MC2/NDUFB5/ATP5PB/NDUFA3/COX11	34
