logFC	AveExpr	t	P.Value	adj.P.Val	B	ENSEMBL_ID	contrast	direction	SYMBOL	ENTREZID	GENENAME
3.55117138771209	3.2445251877376435	20.344063275317552	4.797094548370285e-10	2.532205999741488e-6	13.295093570317494	ENSG00000157456	CBD_vs_Eto	Up	CCNB2	9133	cyclin B2
3.473479811396877	2.3859438960932895	20.116268813484055	5.410269848189319e-10	2.532205999741488e-6	13.19424733292393	ENSG00000117650	CBD_vs_Eto	Up	NEK2	4751	NIMA related kinase 2
2.6773257412329734	2.2383790072136014	19.4984060929308	7.547426437429313e-10	2.532205999741488e-6	12.912552263567349	ENSG00000145386	CBD_vs_Eto	Up	CCNA2	890	cyclin A2
3.428840135989601	4.587529551673607	19.139004005258048	9.202629205529264e-10	2.532205999741488e-6	12.743001366183329	ENSG00000131747	CBD_vs_Eto	Up	TOP2A	7153	DNA topoisomerase II alpha
3.1062757869640385	2.688711838039827	19.13702132443386	9.212790813228774e-10	2.532205999741488e-6	12.742054052979821	ENSG00000115163	CBD_vs_Eto	Up	CENPA	1058	centromere protein A
3.508058006741398	3.0057316708258517	18.985010037544413	1.0029482426759222e-9	2.532205999741488e-6	12.669026704951094	ENSG00000166851	CBD_vs_Eto	Up	PLK1	5347	polo like kinase 1
2.893319593602096	2.4531056986157465	18.77793831902947	1.1271424391574727e-9	2.532205999741488e-6	12.568271740709715	ENSG00000169679	CBD_vs_Eto	Up	BUB1	699	BUB1 mitotic checkpoint serine/threonine kinase
3.1289949952367744	3.264634740284242	18.490636501644047	1.3280195829245075e-9	2.6105544951338505e-6	12.425991362696873	ENSG00000198901	CBD_vs_Eto	Up	PRC1	9055	protein regulator of cytokinesis 1
3.7932292501939457	3.0211101830195877	18.13342436976155	1.6339214377431106e-9	2.7030841323393083e-6	12.244946287502387	ENSG00000089685	CBD_vs_Eto	Up	BIRC5	332	baculoviral IAP repeat containing 5
2.366447126480578	3.0382578793199744	18.047085088877232	1.7188631135312911e-9	2.7030841323393083e-6	12.200481731281965	ENSG00000138180	CBD_vs_Eto	Up	CEP55	55165	centrosomal protein 55
2.9356195601751147	1.9291604090592611	17.675768321155278	2.1430949190556243e-9	3.06384642700625e-6	12.006040825574544	ENSG00000143228	CBD_vs_Eto	Up	NUF2	83540	NUF2 component of NDC80 kinetochore complex
3.297520197509397	2.211896659593864	17.436896504700574	2.4755596739474275e-9	3.244220952708104e-6	11.878135457667057	ENSG00000126787	CBD_vs_Eto	Up	DLGAP5	9787	DLG associated protein 5
2.689647890423923	2.0122176173488997	17.162314880147598	2.9286555507118674e-9	3.542772091576525e-6	11.728301470764297	ENSG00000237649	CBD_vs_Eto	Up	KIFC1	3833	kinesin family member C1
3.2956263562378023	2.725880132876136	16.228397769611455	5.288878257935381e-9	5.940921391735128e-6	11.195085458186831	ENSG00000068489	CBD_vs_Eto	Up	PRR11	55771	proline rich 11
2.030154061381649	1.374241164016085	16.00098124241678	6.136848168742814e-9	6.133265743499169e-6	11.059446187821358	ENSG00000118193	CBD_vs_Eto	Up	KIF14	9928	kinesin family member 14
-1.7374368018739303	0.43435920046848253	-15.975642797153315	6.2401279343753476e-9	6.133265743499169e-6	11.04418706604627	ENSG00000252774	CBD_vs_Eto	Down	LOC124900364	124900364	small nucleolar RNA SNORA48
3.520915631102226	3.403924134663572	15.511502001385463	8.508916933730553e-9	7.871248688226275e-6	10.75935138158064	ENSG00000178999	CBD_vs_Eto	Up	AURKB	9212	aurora kinase B
2.2223998074212736	1.6529265388138636	14.837080969760809	1.3562097020047479e-8	1.0652327825080982e-5	10.326712288772509	ENSG00000158402	CBD_vs_Eto	Up	CDC25C	995	cell division cycle 25C
2.5352952202030403	2.0392476537178834	14.636444246159092	1.5637976341007424e-8	1.0652327825080982e-5	10.19350480448093	ENSG00000090889	CBD_vs_Eto	Up	KIF4A	24137	kinesin family member 4A
2.950252588404131	2.183479108114601	14.532106265297584	1.685204050222454e-8	1.0652327825080982e-5	10.123387355775435	ENSG00000142945	CBD_vs_Eto	Up	KIF2C	11004	kinesin family member 2C
2.725266702587649	2.161694926916503	14.528589560130737	1.6894706426483474e-8	1.0652327825080982e-5	10.121013864709251	ENSG00000265415	CBD_vs_Eto	Up	NA	NA	NA
3.787312084078712	2.7130722451629206	14.51206869191524	1.7096721173782975e-8	1.0652327825080982e-5	10.10985468548968	ENSG00000135451	CBD_vs_Eto	Up	TROAP	10024	trophinin associated protein
2.3136106393283162	2.5066015111241318	14.491332891797184	1.735399985624067e-8	1.0652327825080982e-5	10.095827614601248	ENSG00000100162	CBD_vs_Eto	Up	CENPM	79019	centromere protein M
3.2166287081750706	3.137024922393382	14.442680713760666	1.797432451961528e-8	1.0652327825080982e-5	10.06282454173748	ENSG00000168078	CBD_vs_Eto	Up	PBK	55872	PDZ binding kinase
3.066193757614928	3.557952998335671	14.418022536282914	1.8297890177128533e-8	1.0652327825080982e-5	10.04604856060648	ENSG00000170312	CBD_vs_Eto	Up	CDK1	983	cyclin dependent kinase 1
1.9163824244465206	3.084481852948026	14.38072463816276	1.8799408212349164e-8	1.0652327825080982e-5	10.020610135075522	ENSG00000153044	CBD_vs_Eto	Up	CENPH	64946	centromere protein H
4.125476763165847	3.7466486627976257	14.364129819416291	1.9027332544921172e-8	1.0652327825080982e-5	10.009267409155502	ENSG00000175063	CBD_vs_Eto	Up	UBE2C	11065	ubiquitin conjugating enzyme E2 C
2.096648247022749	1.8921229316531736	14.360864935613993	1.907252726731377e-8	1.0652327825080982e-5	10.007034048180515	ENSG00000263513	CBD_vs_Eto	Up	FAM72C	554282	family with sequence similarity 72 member C
2.37291922091899	1.7667551529854524	14.29152548871781	2.0060455648783544e-8	1.0652327825080982e-5	9.959463371206649	ENSG00000121211	CBD_vs_Eto	Up	MND1	84057	meiotic nuclear divisions 1
2.3611191561878817	1.7525626204310987	14.273848726373645	2.0321113744908395e-8	1.0652327825080982e-5	9.947293630303768	ENSG00000129810	CBD_vs_Eto	Up	SGO1	151648	shugoshin 1
2.8724492046003665	2.307541361478004	14.190468030227981	2.160127049324938e-8	1.095811547667225e-5	9.889655014752524	ENSG00000072571	CBD_vs_Eto	Up	HMMR	3161	hyaluronan mediated motility receptor
2.459036827487596	2.2060458938590513	14.130978690014137	2.2568112571130798e-8	1.1090816821675091e-5	9.848293978546916	ENSG00000134690	CBD_vs_Eto	Up	CDCA8	55143	cell division cycle associated 8
1.8978364396481129	3.1558289420367807	14.066453779632871	2.367024993484215e-8	1.1279950014403868e-5	9.803206226190607	ENSG00000146918	CBD_vs_Eto	Up	NCAPG2	54892	non-SMC condensin II complex subunit G2
3.5920171349793684	3.4782730691879933	13.971876308003775	2.5392803490102817e-8	1.1744918461334026e-5	9.736690971897723	ENSG00000117399	CBD_vs_Eto	Up	CDC20	991	cell division cycle 20
2.899429166506945	2.1582234318687936	13.847730365257423	2.786380276061174e-8	1.2519604634668007e-5	9.648600229733848	ENSG00000129195	CBD_vs_Eto	Up	PIMREG	54478	PICALM interacting mitotic regulator
-1.5050836165811101	3.86074249052628	-13.77334616473687	2.946869980571346e-8	1.2872910365129162e-5	9.595390014530032	ENSG00000164938	CBD_vs_Eto	Down	TP53INP1	94241	tumor protein p53 inducible nuclear protein 1
2.011377148645894	1.8114390135454008	13.676711144881432	3.1705436218435125e-8	1.3475667296516508e-5	9.525777185210057	ENSG00000215784	CBD_vs_Eto	Up	FAM72D	728833	family with sequence similarity 72 member D
1.8605810643130547	3.55696323166514	13.614190264618074	3.3250462621442575e-8	1.3760441452231736e-5	9.480444083196385	ENSG00000137807	CBD_vs_Eto	Up	KIF23	9493	kinesin family member 23
1.9708866890944678	3.6080639807674943	13.498994719485763	3.631577109439749e-8	1.4643636313602434e-5	9.396303849417741	ENSG00000104889	CBD_vs_Eto	Up	RNASEH2A	10535	ribonuclease H2 subunit A
2.566198577404191	2.59101144472855	13.285500721395023	4.2840358215814175e-8	1.674597499965156e-5	9.238230703749942	ENSG00000111665	CBD_vs_Eto	Up	CDCA3	83461	cell division cycle associated 3
2.23282449276394	1.5288653895280615	13.261229563606348	4.365922516760231e-8	1.674597499965156e-5	9.220082143310318	ENSG00000024526	CBD_vs_Eto	Up	DEPDC1	55635	DEP domain containing 1
2.0717666659436227	3.83062708733183	13.215614777233043	4.524456835488747e-8	1.6940859094022866e-5	9.185874674766392	ENSG00000137804	CBD_vs_Eto	Up	NUSAP1	51203	nucleolar and spindle associated protein 1
2.535427647886429	2.0538947190586176	13.150433160041358	4.761946780936714e-8	1.706011734010038e-5	9.13676729882707	ENSG00000117724	CBD_vs_Eto	Up	CENPF	1063	centromere protein F
1.7439263343955436	1.681695973722346	13.147412881566824	4.773274595983827e-8	1.706011734010038e-5	9.134485357576523	ENSG00000164109	CBD_vs_Eto	Up	MAD2L1	4085	mitotic arrest deficient 2 like 1
-1.5341172249169859	1.8303112349437083	-13.075470263681439	5.051941157975488e-8	1.765485036673834e-5	9.079959126352716	ENSG00000198753	CBD_vs_Eto	Down	PLXNB3	5365	plexin B3
1.674396372830426	1.3796267207749358	12.993518974077785	5.391078576868689e-8	1.805143613947846e-5	9.017445532581966	ENSG00000135476	CBD_vs_Eto	Up	ESPL1	9700	extra spindle pole bodies like 1, separase
2.2055935289674564	2.682530574964302	12.992604725148013	5.3949987190352764e-8	1.805143613947846e-5	9.016745703176149	ENSG00000198826	CBD_vs_Eto	Up	ARHGAP11A	9824	Rho GTPase activating protein 11A
2.0691833297295275	2.820830296485761	12.922849816949721	5.703423092217179e-8	1.8685839905876533e-5	8.963191566510261	ENSG00000113368	CBD_vs_Eto	Up	LMNB1	4001	lamin B1
2.0401932179144007	1.8370586828116913	12.703095385106927	6.807089552115246e-8	2.1846589856441706e-5	8.792401210723913	ENSG00000183856	CBD_vs_Eto	Up	IQGAP3	128239	IQ motif containing GTPase activating protein 3
2.0832594485698164	1.4373882489387135	12.669470209783286	6.995524671060954e-8	2.1996483248682594e-5	8.765986764200152	ENSG00000169607	CBD_vs_Eto	Up	CKAP2L	150468	cytoskeleton associated protein 2 like
2.381626536054551	1.769867689340725	12.645459997523483	7.133540923838307e-8	2.1996483248682594e-5	8.747079196947015	ENSG00000112742	CBD_vs_Eto	Up	TTK	7272	TTK protein kinase
2.329714329801609	6.443340626816259	12.560100355314379	7.648662787694885e-8	2.3131321346017263e-5	8.679546642498122	ENSG00000173207	CBD_vs_Eto	Up	CKS1B	1163	CDC28 protein kinase regulatory subunit 1B
2.1990717423179342	1.5352035878277361	12.502232653834806	8.020781563611457e-8	2.3628168242236824e-5	8.633484213730004	ENSG00000075218	CBD_vs_Eto	Up	GTSE1	51512	G2 and S-phase expressed 1
-1.2828028332286854	3.8802674859463133	-12.488274856616624	8.113449606262168e-8	2.3628168242236824e-5	8.622339762840934	ENSG00000065357	CBD_vs_Eto	Down	DGKA	1606	diacylglycerol kinase alpha
2.1977521616375615	1.5349307723172372	12.411480592717353	8.644535468295278e-8	2.4717084504438465e-5	8.560785699315314	ENSG00000171241	CBD_vs_Eto	Up	SHCBP1	79801	SHC binding and spindle associated 1
-1.581967182602802	6.8685844552386	-12.35388626038871	9.067584567994578e-8	2.5239444973080796e-5	8.514354760291972	ENSG00000135919	CBD_vs_Eto	Down	SERPINE2	5270	serpin family E member 2
2.0975089047351463	4.248489076749907	12.343240361908997	9.148215461437145e-8	2.5239444973080796e-5	8.505747176148132	ENSG00000100526	CBD_vs_Eto	Up	CDKN3	1033	cyclin dependent kinase inhibitor 3
-1.7707791549954035	2.4765475165662516	-12.19943632599441	1.031710693568764e-7	2.7973590288038587e-5	8.388700755504994	ENSG00000114268	CBD_vs_Eto	Down	PFKFB4	5210	6-phosphofructo-2-kinase/fructose-2,6-biphosphatase 4
1.6334608622605644	1.4146244331278262	12.058890419567572	1.161766490878986e-7	3.0965999721293114e-5	8.27289352339892	ENSG00000142731	CBD_vs_Eto	Up	PLK4	10733	polo like kinase 4
1.9861358161804494	2.9364141019036025	11.950508305887544	1.2742041118297907e-7	3.339688977105882e-5	8.182619627968934	ENSG00000187634	CBD_vs_Eto	Up	SAMD11	148398	sterile alpha motif domain containing 11
1.6935266823749908	1.451952478483845	11.930468579922545	1.2962590964479294e-7	3.341798450941006e-5	8.165834636374417	ENSG00000154920	CBD_vs_Eto	Up	EME1	146956	essential meiotic structure-specific endonuclease 1
2.299796018456871	4.033855833174716	11.838277957230217	1.4031960479707102e-7	3.549720705855751e-5	8.088237945126817	ENSG00000088325	CBD_vs_Eto	Up	TPX2	22974	TPX2 microtubule nucleation factor
1.8372310672937804	3.101126256373159	11.822812192327836	1.4220552236354592e-7	3.549720705855751e-5	8.07515910692683	ENSG00000203760	CBD_vs_Eto	Up	CENPW	387103	centromere protein W
2.3427704733536934	2.189407375897519	11.677289766187773	1.6136030234541304e-7	3.9649251791936963e-5	7.951224068362285	ENSG00000156970	CBD_vs_Eto	Up	BUB1B	701	BUB1 mitotic checkpoint serine/threonine kinase B
1.84677535692795	1.4951213059950008	11.617964432140452	1.6995717653976475e-7	4.095428800299349e-5	7.900242835996144	ENSG00000122966	CBD_vs_Eto	Up	CIT	11113	citron rho-interacting serine/threonine kinase
2.501623524753068	2.64165453893508	11.605141622069919	1.7187988097402837e-7	4.095428800299349e-5	7.889188490622008	ENSG00000076382	CBD_vs_Eto	Up	SPAG5	10615	sperm associated antigen 5
2.4461642729521094	2.6911534251029123	11.580585370302071	1.756281246802192e-7	4.122280430927055e-5	7.867984000696056	ENSG00000111206	CBD_vs_Eto	Up	FOXM1	2305	forkhead box M1
2.811316225127694	2.8588866085306446	11.554597595773718	1.796916568922559e-7	4.1556338180700233e-05	7.845493268585647	ENSG00000011426	CBD_vs_Eto	Up	ANLN	54443	anillin, actin binding protein
1.278361157936519	1.3545796111750368	11.457157882356046	1.9586024367012018e-7	4.463910423125087e-5	7.76070385919653	ENSG00000136982	CBD_vs_Eto	Up	DSCC1	79075	DNA replication and sister chromatid cohesion 1
1.2281802507271031	6.991468018029214	11.429287846307778	2.007701295527134e-7	4.510444367637101e-5	7.736317200754916	ENSG00000164032	CBD_vs_Eto	Up	H2AZ1	3015	H2A.Z variant histone 1
1.6709623703892968	3.345548422887929	11.40943112314965	2.0434967315981921e-7	4.526201352269461e-5	7.718905469924215	ENSG00000140525	CBD_vs_Eto	Up	FANCI	55215	FA complementation group I
-1.0601556958969482	0.31665086383517294	-11.357891128865877	2.139677421973079e-7	4.673412102492866e-5	7.673568086138742	ENSG00000249156	CBD_vs_Eto	Down	TAF11L12	112488739	TATA-box binding protein associated factor 11 like 12
1.5736371949376227	4.152872540492167	11.169944850681283	2.5342531408062103e-7	5.452331002426564e-5	7.50646469204889	ENSG00000010292	CBD_vs_Eto	Up	NCAPD2	9918	non-SMC condensin I complex subunit D2
1.8626599791372431	5.6776680271755335	11.156379947226249	2.5656396679356844e-7	5.452331002426564e-5	7.494295130000049	ENSG00000108106	CBD_vs_Eto	Up	UBE2S	27338	ubiquitin conjugating enzyme E2 S
1.4381157579299437	0.8678471345902297	11.114559392331966	2.6650860699222217e-7	5.5881524714129144e-5	7.456683116309389	ENSG00000140451	CBD_vs_Eto	Up	PIF1	80119	PIF1 5'-to-3' DNA helicase
1.9291379723342033	2.2775609200272764	10.989994271423612	2.9868869258093353e-7	6.180497867799686e-5	7.343812269464948	ENSG00000121152	CBD_vs_Eto	Up	NCAPH	23397	non-SMC condensin I complex subunit H
1.1938439472940878	6.713966705187284	10.897318253302647	3.2535819702254195e-7	6.644912995294149e-5	7.259010708660762	ENSG00000136938	CBD_vs_Eto	Up	ANP32B	10541	acidic nuclear phosphoprotein 32 family member B
-1.5707723500915973	5.831650057508791	-10.882934058749953	3.2972404797466713e-7	6.647744074935404e-5	7.245784900330483	ENSG00000135679	CBD_vs_Eto	Down	MDM2	4193	MDM2 proto-oncogene
1.4727893125170497	3.1082741904152718	10.848779867997631	3.403468928257655e-7	6.775057261491124e-5	7.214312114285189	ENSG00000142856	CBD_vs_Eto	Up	ITGB3BP	23421	integrin subunit beta 3 binding protein
1.5348440181404501	1.3334570189396282	10.813071245396529	3.5185107698581496e-7	6.916512545848657e-5	7.181302582328433	ENSG00000102384	CBD_vs_Eto	Up	CENPI	2491	centromere protein I
1.4220311941811312	4.4168428421042645	10.786260317352976	3.607655459550364e-7	7.004196266282595e-5	7.156447797547232	ENSG00000106268	CBD_vs_Eto	Up	NUDT1	4521	nudix hydrolase 1
2.8423112033774656	1.9659340329339048	10.741386416429412	3.7623824102654385e-7	7.215515339491986e-5	7.1147122033514005	ENSG00000148773	CBD_vs_Eto	Up	MKI67	4288	marker of proliferation Ki-67
2.084230829319778	1.5660156184346172	10.706010557674958	3.8894285451369135e-7	7.30922853423715e-5	7.081690069704889	ENSG00000109805	CBD_vs_Eto	Up	NCAPG	64151	non-SMC condensin I complex subunit G
3.3329840792810748	4.044091476582667	10.701977683999452	3.904204482232739e-7	7.30922853423715e-5	7.077918762083375	ENSG00000164104	CBD_vs_Eto	Up	HMGB2	3148	high mobility group box 2
1.5946807696498473	3.576596395208095	10.652000986178923	4.092447118409871e-7	7.571508633425133e-5	7.031068224748957	ENSG00000161800	CBD_vs_Eto	Up	RACGAP1	29127	Rac GTPase activating protein 1
-1.1536355489448669	4.6088047421252565	-10.619947303619623	4.2183428496326327e-7	7.713681355037533e-5	7.000906893967889	ENSG00000196562	CBD_vs_Eto	Down	SULF2	55959	sulfatase 2
-1.7753371054173503	2.947084426412339	-10.548618138757622	4.5138169734208926e-7	8.066396105001928e-5	6.933470693695799	ENSG00000145040	CBD_vs_Eto	Down	UCN2	90226	urocortin 2
1.307319562770994	2.34754702417537	10.471071936410416	4.860688262384297e-7	8.588672316208478e-5	6.859654918768909	ENSG00000006634	CBD_vs_Eto	Up	DBF4	10926	DBF4 zinc finger
1.5022663631778908	2.6379646724068393	10.453012423901033	4.945548658673355e-7	8.641522022921909e-5	6.842388583834209	ENSG00000073111	CBD_vs_Eto	Up	MCM2	4171	minichromosome maintenance complex component 2
1.6907672842691852	1.3119909476213056	10.41999740337403	5.104861402972045e-7	8.700963946869366e-5	6.810749359708005	ENSG00000139734	CBD_vs_Eto	Up	DIAPH3	81624	diaphanous related formin 3
1.1125554514234963	1.5807459703720168	10.411743529036672	5.145552887313055e-7	8.700963946869366e-5	6.802824406405035	ENSG00000285600	CBD_vs_Eto	Up	NA	NA	NA
1.4874174963518985	1.066292639286193	10.359485810017928	5.411477003718666e-7	9.053285889412739e-5	6.752509066243233	ENSG00000163808	CBD_vs_Eto	Up	KIF15	56992	kinesin family member 15
3.008000224184487	2.637177200078729	10.293922484825098	5.766356551859151e-7	9.476478452101253e-5	6.689038541746221	ENSG00000101057	CBD_vs_Eto	Up	MYBL2	4605	MYB proto-oncogene like 2
1.8511745537505653	3.9795526695719925	10.290607950639686	5.784954415628388e-7	9.476478452101253e-5	6.6858195849296305	ENSG00000087586	CBD_vs_Eto	Up	AURKA	6790	aurora kinase A
1.151271368366756	2.309783705697924	10.252989386720547	6.000644897470477e-7	9.728468212125848e-5	6.649216511904971	ENSG00000121957	CBD_vs_Eto	Up	GPSM2	29899	G protein signaling modulator 2
2.121503797428071	2.5796841626681033	10.236456982522615	6.098175994894749e-7	9.785705683236207e-5	6.633090017050165	ENSG00000138160	CBD_vs_Eto	Up	KIF11	3832	kinesin family member 11
2.0857528537081866	1.5565008095371606	10.198131502055116	6.330938374858215e-7	1.0002960792491904e-4	6.595610325405119	ENSG00000066279	CBD_vs_Eto	Up	ASPM	259266	assembly factor for spindle microtubules
2.2999087067707906	1.8682613415718676	10.193328719400736	6.360778832819474e-7	1.0002960792491904e-4	6.590904130929761	ENSG00000093009	CBD_vs_Eto	Up	CDC45	8318	cell division cycle 45
1.7063513596516506	2.4569926149750123	10.160331993042748	6.569955899479944e-7	1.0229616482695208e-4	6.558514196273617	ENSG00000075702	CBD_vs_Eto	Up	WDR62	284403	WD repeat domain 62
-1.4852044371770203	5.636780898899974	-10.095881606398644	7.000328379644048e-7	1.0792859225321795e-4	6.494961737375842	ENSG00000256664	CBD_vs_Eto	Down	NA	NA	NA
2.6006117458946676	1.9036121961252885	10.076293957611838	7.137100963005375e-7	1.0896898033419662e-4	6.4755713104611985	ENSG00000186185	CBD_vs_Eto	Up	KIF18B	146909	kinesin family member 18B
1.1575020392906694	7.0616564255817575	9.966541459885343	7.958972415573658e-7	1.2034884635318398e-4	6.366265825250105	ENSG00000189403	CBD_vs_Eto	Up	HMGB1	3146	high mobility group box 1
3.132507611223696	4.119868088118659	9.943957550760798	8.140482100841239e-7	1.2192116335031364e-4	6.343634445567471	ENSG00000167900	CBD_vs_Eto	Up	TK1	7083	thymidine kinase 1
1.6970286145466575	1.6792869429982247	9.892352879700237	8.57227277906376e-7	1.2717694502222332e-4	6.291741246458951	ENSG00000231864	CBD_vs_Eto	Up	NA	NA	NA
1.1936626439870759	3.6863259222174882	9.880821651504604	8.672107156591846e-7	1.274556608827695e-4	6.28011117906353	ENSG00000006704	CBD_vs_Eto	Up	GTF2IRD1	9569	GTF2I repeat domain containing 1
-1.9667547895859554	1.0326608710028498	-9.856127653223979	8.89015942719563e-7	1.2945059921488748e-4	6.255163131007242	ENSG00000283740	CBD_vs_Eto	Down	TAF11L11	112488746	TATA-box binding protein associated factor 11 like 11
1.547541870506431	2.0319041064807357	9.7280324510007	1.0120671732044653e-6	1.4601622353957268e-4	6.12481613339877	ENSG00000144554	CBD_vs_Eto	Up	FANCD2	2177	FA complementation group D2
1.0945265858276976	4.244330858225712	9.68730141195098	1.0549629409891467e-6	1.4979533736156993e-4	6.083038185601296	ENSG00000183688	CBD_vs_Eto	Up	RFLNB	359845	refilin B
1.8308393790921738	3.345076505329141	9.678788704514297	1.0641742251887711e-6	1.4979533736156993e-4	6.074286350076232	ENSG00000233966	CBD_vs_Eto	Up	NA	NA	NA
-1.2374868960352243	2.674016703216926	-9.676342768818635	1.0668369442004218e-6	1.4979533736156993e-4	6.0717704036987605	ENSG00000184678	CBD_vs_Eto	Down	H2BC21	8349	H2B clustered histone 21
1.2536296702756662	4.6473062912050525	9.587869309801869	1.1681676207740816e-6	1.61805832808946e-4	5.980371958129833	ENSG00000166582	CBD_vs_Eto	Up	CENPV	201161	centromere protein V
-1.5858760889980665	2.745690231095494	-9.58389831523453	1.172953385490261e-6	1.61805832808946e-4	5.976251690462577	ENSG00000256940	CBD_vs_Eto	Down	PPP1R14B-AS1	105369340	PPP1R14B antisense RNA 1
2.588535268208157	5.185573058077415	9.564900628431241	1.1961442850165816e-6	1.6357013066235445e-4	5.956518378000331	ENSG00000164611	CBD_vs_Eto	Up	PTTG1	9232	PTTG1 regulator of sister chromatid separation, securin
1.4672904615505904	2.065296109875071	9.503136279031771	1.2750335730996723e-6	1.7285498250487453e-4	5.892115876634904	ENSG00000092470	CBD_vs_Eto	Up	WDR76	79968	WD repeat domain 76
1.629375279440068	2.2035133578490274	9.433721604324278	1.3704665041797614e-6	1.8420475422846946e-4	5.819283345238899	ENSG00000188610	CBD_vs_Eto	Up	FAM72B	653820	family with sequence similarity 72 member B
1.8140390113049802	3.699133129945343	9.41296274723909	1.4004857613120278e-6	1.85100632791513e-4	5.797408636384706	ENSG00000077942	CBD_vs_Eto	Up	FBLN1	2192	fibulin 1
1.8394722254979894	3.4517846191125643	9.390899299611876	1.4331727463371137e-6	1.8626507941237562e-4	5.7741116778098736	ENSG00000079616	CBD_vs_Eto	Up	KIF22	3835	kinesin family member 22
1.671670235039047	3.5369966530878876	9.33782137803956	1.5152361812982744e-6	1.953164277630874e-4	5.717864820997383	ENSG00000165304	CBD_vs_Eto	Up	MELK	9833	maternal embryonic leucine zipper kinase
1.4059285845955172	2.1585772984045715	9.267244272648972	1.6323169427257163e-6	2.0814864135415982e-4	5.642630362629847	ENSG00000164087	CBD_vs_Eto	Up	POC1A	25886	POC1 centriolar protein A
1.231945632317096	5.735867687968039	9.262080830442127	1.641258522695906e-6	2.0814864135415982e-4	5.637106195756308	ENSG00000183010	CBD_vs_Eto	Up	PYCR1	5831	pyrroline-5-carboxylate reductase 1
2.710397188094966	2.9492323824932716	9.245125741618287	1.6709941209596399e-6	2.1022442836969037e-4	5.618947355980836	ENSG00000171848	CBD_vs_Eto	Up	RRM2	6241	ribonucleotide reductase regulatory subunit M2
1.5374791021048502	3.1947063548825727	9.181618621291493	1.7876556311863597e-6	2.2311644806378327e-4	5.550668239307585	ENSG00000166451	CBD_vs_Eto	Up	CENPN	55839	centromere protein N
2.048450098510192	1.8710286561199205	9.168030093224743	1.8137433984628423e-6	0.00022458998963957997	5.536004472087365	ENSG00000167513	CBD_vs_Eto	Up	CDT1	81620	chromatin licensing and DNA replication factor 1
-1.1876894520017864	3.0860874085874275	-9.15055030791031	1.8479084396174736e-6	2.2703287594862803e-4	5.5171133373535195	ENSG00000248583	CBD_vs_Eto	Down	NA	NA	NA
1.0732225576783705	4.164873972957831	9.116061723755985	1.9173752936083197e-6	2.3374142532778635e-4	5.47974674703438	ENSG00000177917	CBD_vs_Eto	Up	ARL6IP6	151188	ADP ribosylation factor like GTPase 6 interacting protein 6
1.6352380311001702	2.3633561593569476	9.090248179414091	1.9712141301522233e-6	2.3663598023491498e-4	5.451697780144702	ENSG00000136943	CBD_vs_Eto	Up	CTSV	1515	cathepsin V
2.088179347203597	4.25130654796015	9.080666764543006	1.9916117039973266e-6	2.3727337618986333e-4	5.441268853453291	ENSG00000134057	CBD_vs_Eto	Up	CCNB1	891	cyclin B1
-1.087652475852357	6.208624876005882	-9.049140745526573	2.06035227877663e-6	2.4361729275219007e-4	5.406886130426514	ENSG00000197903	CBD_vs_Eto	Down	H2BC12	85236	H2B clustered histone 12
1.334853824890001	1.2267182152407259	8.991250082508147	2.193347885163654e-6	2.5740737941853454e-4	5.343476547728233	ENSG00000186193	CBD_vs_Eto	Up	SAPCD2	89958	suppressor APC domain containing 2
1.1203245979056038	2.8912622655973577	8.96451434258913	2.2578747558874974e-6	2.630173215636058e-4	5.314071986726798	ENSG00000100749	CBD_vs_Eto	Up	VRK1	7443	VRK serine/threonine kinase 1
1.6228756497464776	5.553167679375206	8.935185332051006	2.3310271953128176e-6	2.6757469834663776e-4	5.281727646384688	ENSG00000117632	CBD_vs_Eto	Up	STMN1	3925	stathmin 1
-1.12078150052445	3.813818267576459	-8.902247571283185	2.4162449546916745e-6	2.732594004761087e-4	5.245293808169347	ENSG00000153029	CBD_vs_Eto	Down	MR1	3140	major histocompatibility complex, class I-related
1.2155426999891663	4.948497471335762	8.896039876608286	2.432679388697394e-6	2.732594004761087e-4	5.238414177515477	ENSG00000259781	CBD_vs_Eto	Up	NA	NA	NA
1.650310364252237	3.087827726171735	8.853513496551075	2.5485635662605565e-6	2.8406142819468566e-4	5.191173044023683	ENSG00000235823	CBD_vs_Eto	Up	OLMALINC	90271	oligodendrocyte maturation-associated long intergenic non-coding RNA
1.0008010119703934	2.0407555953340726	8.847661871506418	2.564970291469246e-6	2.8406142819468566e-4	5.184657390817577	ENSG00000020633	CBD_vs_Eto	Up	RUNX3	864	RUNX family transcription factor 3
1.5161979518721531	2.8578069169925766	8.839639067117648	2.587650202849051e-6	2.8437741729628996e-4	5.175718156108614	ENSG00000123219	CBD_vs_Eto	Up	CENPK	64105	centromere protein K
1.3915126431922236	1.1611953488925144	8.828382618422108	2.6198372363782894e-6	2.8437741729628996e-4	5.163164150614696	ENSG00000137310	CBD_vs_Eto	Up	TCF19	6941	transcription factor 19
1.4920284217621929	1.4109963603810696	8.827606159751172	2.6220733503727614e-6	2.8437741729628996e-4	5.162297681328525	ENSG00000138778	CBD_vs_Eto	Up	CENPE	1062	centromere protein E
1.1661403109642703	1.8709700822057775	8.81830236979243	2.649028116897779e-6	2.8533298744064706e-4	5.151910265657365	ENSG00000138182	CBD_vs_Eto	Up	KIF20B	9585	kinesin family member 20B
1.1360075665725633	5.632619073401547	8.80724544102438	2.6814517476346166e-6	2.868606134918502e-4	5.139553295726181	ENSG00000198830	CBD_vs_Eto	Up	HMGN2	3151	high mobility group nucleosomal binding domain 2
1.8664386673759674	3.0553866436829034	8.787137251605264	2.7415211537361096e-6	2.8721848577009646e-4	5.117046756356212	ENSG00000013810	CBD_vs_Eto	Up	TACC3	10460	transforming acidic coiled-coil containing protein 3
-1.2631496782768359	7.934385432088855	-8.78304222179286	2.753931457829572e-6	2.8721848577009646e-4	5.112457903579948	ENSG00000233276	CBD_vs_Eto	Down	GPX1	2876	glutathione peroxidase 1
1.922525757448275	2.1301541930481482	8.782965149858176	2.7541656110532764e-6	2.8721848577009646e-4	5.112371519943061	ENSG00000127564	CBD_vs_Eto	Up	PKMYT1	9088	protein kinase, membrane associated tyrosine/threonine 1
-1.3026377829457665	2.4968275379272526	-8.781752474545	2.7578526867152846e-6	2.8721848577009646e-4	5.111012245916152	ENSG00000260912	CBD_vs_Eto	Down	NA	NA	NA
1.4784303400985879	1.778972073868566	8.775031677066146	2.778383772576955e-6	2.8745304741806054e-4	5.103476070823543	ENSG00000152253	CBD_vs_Eto	Up	SPC25	57405	SPC25 component of NDC80 kinetochore complex
-1.2632799792724465	1.1258114309526663	-8.744337288315148	2.874271629156972e-6	2.921228443691746e-4	5.068995025394749	ENSG00000162643	CBD_vs_Eto	Down	DNAI3	126820	dynein axonemal intermediate chain 3
-1.2960266298213081	1.1641012591436442	-8.742774876370115	2.879247162483916e-6	2.921228443691746e-4	5.067237105311445	ENSG00000168824	CBD_vs_Eto	Down	NSG1	27065	neuronal vesicle trafficking associated 1
1.2243787362137084	6.980757029290477	8.669804294965227	3.122307346720882e-6	3.1274780467855154e-4	4.9848364885096625	ENSG00000136068	CBD_vs_Eto	Up	FLNB	2317	filamin B
1.1619837532709636	0.8134917664589423	8.651850724071512	3.1854460676553388e-6	3.1705268898701177e-4	4.964472652474747	ENSG00000267374	CBD_vs_Eto	Up	MIR924HG	647946	MIR924 host gene
1.0615258429002896	3.7727581986715157	8.633213877456278	3.2524482901816738e-6	3.2098405491805417e-4	4.943295992497399	ENSG00000100242	CBD_vs_Eto	Up	SUN2	25777	Sad1 and UNC84 domain containing 2
1.2475924413941417	1.323849024807383	8.62955868678109	3.265766805728645e-6	3.2098405491805417e-4	4.939138149117893	ENSG00000258725	CBD_vs_Eto	Up	PRC1-AS1	100507118	PRC1 antisense RNA 1
1.535419919509331	5.624135916415143	8.598505811632922	3.3813184013988486e-6	3.302771004993683e-4	4.903754952325331	ENSG00000176046	CBD_vs_Eto	Up	NUPR1	26471	nuclear protein 1, transcriptional regulator
1.076430821155052	0.9776048686695504	8.53769352162747	3.620594426388313e-6	3.514658515393988e-4	4.834150100625061	ENSG00000165244	CBD_vs_Eto	Up	ZNF367	195828	zinc finger protein 367
1.4862934187324512	1.4819610199491164	8.502576071221672	3.7670438100638845e-6	3.628951814321498e-4	4.793765860094366	ENSG00000051180	CBD_vs_Eto	Up	RAD51	5888	RAD51 recombinase
1.1944380068703697	1.349779092586404	8.498492271750665	3.784484913828855e-6	3.628951814321498e-4	4.789060552317258	ENSG00000285948	CBD_vs_Eto	Up	NA	NA	NA
1.1103027368325464	3.4355892623876074	8.456633771665127	3.968363397169848e-6	3.7594266737284957e-4	4.740722764024406	ENSG00000133315	CBD_vs_Eto	Up	MACROD1	28992	mono-ADP ribosylhydrolase 1
1.405840603099369	6.492111724232936	8.397187140838854	4.2462623410710525e-6	3.9986060823762496e-4	4.671731858214434	ENSG00000123975	CBD_vs_Eto	Up	CKS2	1164	CDC28 protein kinase regulatory subunit 2
2.275031740766436	2.429489971386258	8.380069643676729	4.3301233014808225e-6	4.0533047047075846e-4	4.651791205579512	ENSG00000112984	CBD_vs_Eto	Up	KIF20A	10112	kinesin family member 20A
1.0383650130001092	1.1250707669852635	8.36603640440634	4.400206891483729e-6	4.094535714525037e-4	4.635418412228802	ENSG00000140534	CBD_vs_Eto	Up	TICRR	90381	TOPBP1 interacting checkpoint and replication regulator
1.0103305466598174	0.8997231288223455	8.344022632666096	4.512622947405357e-6	4.174441674758626e-4	4.609688984990727	ENSG00000231304	CBD_vs_Eto	Up	SGO1-AS1	100874028	SGO1 antisense RNA 1
1.6526672139820733	2.204252994448181	8.337552485074765	4.54624966175046e-6	4.180954513490511e-4	4.602116140585762	ENSG00000035499	CBD_vs_Eto	Up	DEPDC1B	55789	DEP domain containing 1B
1.0485836618703894	3.8688555608897324	8.319440958085274	4.641824368264732e-6	4.244030814844836e-4	4.580892202658736	ENSG00000109685	CBD_vs_Eto	Up	NSD2	7468	nuclear receptor binding SET domain protein 2
1.1192874188628639	4.016550334206545	8.291848915857647	4.791617424894549e-6	4.33063078298228e-4	4.5484856211167894	ENSG00000293339	CBD_vs_Eto	Up	NA	NA	NA
1.9656131236521428	1.7558342779523837	8.254606788284386	5.002122160911163e-6	4.474039472185023e-4	4.504604990642111	ENSG00000105011	CBD_vs_Eto	Up	ASF1B	55723	anti-silencing function 1B histone chaperone
-1.1526244874368379	3.9605970351242092	-8.253730878023342	5.007191575127585e-6	4.474039472185023e-4	4.503571004410967	ENSG00000279208	CBD_vs_Eto	Down	NA	NA	NA
1.243764415602323	1.9763708294677624	8.247646663835182	5.042557790657108e-6	4.480184396377044e-4	4.496386300466941	ENSG00000163507	CBD_vs_Eto	Up	CIP2A	57650	cellular inhibitor of PP2A
1.1454306916251298	4.810569842237443	8.230525457714007	5.1435329364638115e-6	4.544224660608421e-4	4.47614509209078	ENSG00000143401	CBD_vs_Eto	Up	ANP32E	81611	acidic nuclear phosphoprotein 32 family member E
-1.6195084743985602	7.084281200180438	-8.200203480358478	5.327751315709163e-6	4.6806825246280606e-4	4.440213406764013	ENSG00000115129	CBD_vs_Eto	Down	TP53I3	9540	tumor protein p53 inducible protein 3
1.3698136719060776	2.2877211849770243	8.13181255864562	5.769897832298571e-6	4.931381158191703e-4	4.358773181491868	ENSG00000091651	CBD_vs_Eto	Up	ORC6	23594	origin recognition complex subunit 6
1.7289209103778695	4.90625706960189	8.106349754732582	5.944485477818793e-6	5.02596659269776e-4	4.328310833890525	ENSG00000166508	CBD_vs_Eto	Up	MCM7	4176	minichromosome maintenance complex component 7
1.567670808664682	1.6953286508925174	8.072061640214354	6.18863756219758e-6	5.176729484208465e-4	4.287168739638883	ENSG00000111247	CBD_vs_Eto	Up	RAD51AP1	10635	RAD51 associated protein 1
-1.561158085461221	5.839136732508202	-7.994412239011761	6.782429852791649e-6	5.526450355699558e-4	4.193478895810003	ENSG00000187837	CBD_vs_Eto	Down	H1-2	3006	H1.2 linker histone, cluster member
-1.0630114415704432	3.100788554125627	-7.965981281113321	7.014960537229628e-6	5.660281598180355e-4	4.158993769698473	ENSG00000080546	CBD_vs_Eto	Down	SESN1	27244	sestrin 1
1.2324171682676197	1.230159772881564	7.964639523596504	7.026144638684592e-6	5.660281598180355e-4	4.1573638863549895	ENSG00000197299	CBD_vs_Eto	Up	BLM	641	BLM RecQ like helicase
1.9898918892019044	1.7317923704177476	7.956945550959546	7.0906490833112674e-6	5.660281598180355e-4	4.14801353106327	ENSG00000161888	CBD_vs_Eto	Up	SPC24	147841	SPC24 component of NDC80 kinetochore complex
-1.0600122969163779	0.7920913665149901	-7.933697883630822	7.289458464976414e-6	5.760503709558748e-4	4.119717548932989	ENSG00000183607	CBD_vs_Eto	Down	GKN2	200504	gastrokine 2
1.860671738508778	3.036691181179732	7.917610595591679	7.430544941516364e-6	5.761952812333504e-4	4.100098523841558	ENSG00000122952	CBD_vs_Eto	Up	ZWINT	11130	ZW10 interacting kinetochore protein
-1.2752545928753598	4.159086683462854	-7.89532203836714	7.630898686975343e-6	5.882525134871287e-4	4.072864899105001	ENSG00000026103	CBD_vs_Eto	Down	FAS	355	Fas cell surface death receptor
1.6588828820226027	1.3635558321816472	7.8471275615839655	8.084298302901748e-6	6.171537626768587e-4	4.013770782156104	ENSG00000131153	CBD_vs_Eto	Up	GINS2	51659	GINS complex subunit 2
1.079578990659937	2.7525602543105876	7.830358906364666	8.248787430749272e-6	6.217933220052242e-4	3.993143145926849	ENSG00000213853	CBD_vs_Eto	Up	EMP2	2013	epithelial membrane protein 2
-1.1235373385298981	6.563924772271634	-7.828857404746863	8.263690976668691e-6	6.217933220052242e-4	3.9912944215306556	ENSG00000161513	CBD_vs_Eto	Down	FDXR	2232	ferredoxin reductase
1.009802257915641	3.7150686434598206	7.79575791253109	8.599703081843396e-6	6.368167983304941e-4	3.9504703281383247	ENSG00000244274	CBD_vs_Eto	Up	DBNDD2	55861	dysbindin domain containing 2
-1.0626934402239336	1.883187826543909	-7.794732356138529	8.610346291212736e-6	6.368167983304941e-4	3.949203280123859	ENSG00000178809	CBD_vs_Eto	Down	TRIM73	375593	tripartite motif containing 73
1.1675287412434563	2.0057323434979217	7.79329063464491	8.625332445910926e-6	6.368167983304941e-4	3.9474218519955926	ENSG00000162063	CBD_vs_Eto	Up	CCNF	899	cyclin F
1.835823732577758	3.29648243876665	7.785582339005238	8.705935211900145e-6	6.39602689208948e-4	3.9378929387340715	ENSG00000100297	CBD_vs_Eto	Up	MCM5	4174	minichromosome maintenance complex component 5
1.3949575263105933	1.6511918272451316	7.759122747412686	8.988841417186446e-6	6.48433578562725e-4	3.905128100229371	ENSG00000143476	CBD_vs_Eto	Up	DTL	51514	denticleless E3 ubiquitin protein ligase homolog
1.3092222626801133	2.2334416390687974	7.753156597356975	9.053989294177e-6	6.501508476722718e-4	3.8977282802995603	ENSG00000242282	CBD_vs_Eto	Up	NA	NA	NA
1.9704807315437574	2.684861747642075	7.746893196027111	9.122930338444602e-6	6.521236477380901e-4	3.889955039607729	ENSG00000146670	CBD_vs_Eto	Up	CDCA5	113130	cell division cycle associated 5
1.1988138559019361	2.611509690489951	7.735052076185456	9.254814127974645e-6	6.585574976313541e-4	3.8752462522778988	ENSG00000184445	CBD_vs_Eto	Up	KNTC1	9735	kinetochore associated 1
-2.754006169389781	0.688501542347445	-7.728312954985998	9.330788222916303e-6	6.5920888703553e-4	3.8668672964933126	ENSG00000207181	CBD_vs_Eto	Down	SNORA14B	677802	small nucleolar RNA, H/ACA box 14B
1.1654114369604625	1.5673525133076418	7.724689246002892	9.371917763413159e-6	6.5920888703553e-4	3.862359498106086	ENSG00000100479	CBD_vs_Eto	Up	POLE2	5427	DNA polymerase epsilon 2, accessory subunit
1.1079824245746979	1.3709663612447875	7.656631448282104	1.0181761172216023e-5	7.116372275300851e-4	3.7773937804257702	ENSG00000085840	CBD_vs_Eto	Up	ORC1	4998	origin recognition complex subunit 1
1.0508722037717328	2.881521973770285	7.614011633361089	1.0727042743156281e-5	7.271270438744641e-4	3.7238908752465782	ENSG00000186153	CBD_vs_Eto	Up	WWOX	51741	WW domain containing oxidoreductase
1.5625205220872067	2.6717986600973624	7.603180359717087	1.0870571474137015e-5	7.336935922844579e-4	3.7102574503636685	ENSG00000198056	CBD_vs_Eto	Up	PRIM1	5557	DNA primase subunit 1
-1.2198818611707845	4.181547124416027	-7.594672795128654	1.0984756786478833e-5	7.350905754219836e-4	3.6995385440667388	ENSG00000288825	CBD_vs_Eto	Down	H2AC18	8337	H2A clustered histone 18
1.1256019883095298	2.607880344664726	7.559111850502361	1.1476204520433595e-5	7.551246539261034e-4	3.6546355257967384	ENSG00000184661	CBD_vs_Eto	Up	CDCA2	157313	cell division cycle associated 2
-1.2159521577920374	4.180131892811225	-7.552904977772353	1.1564381712580804e-5	7.577561117168573e-4	3.646781688375082	ENSG00000288859	CBD_vs_Eto	Down	H2AC19	723790	H2A clustered histone 19
4.050563965941048	3.282492568202565	7.535725688125288	1.1812259624554824e-5	7.615031767029405e-4	3.625018511382745	ENSG00000274430	CBD_vs_Eto	Up	NA	NA	NA
1.0395975733691625	0.887044492488088	7.532387184609509	1.1861090481318925e-5	7.615031767029405e-4	3.6207848648298437	ENSG00000186871	CBD_vs_Eto	Up	ERCC6L	54821	ERCC excision repair 6 like, spindle assembly checkpoint helicase
1.6137915772392697	2.3865431812564024	7.522796258928417	1.2002584748890503e-5	7.672871860205368e-4	3.6086144829601032	ENSG00000101412	CBD_vs_Eto	Up	E2F1	1869	E2F transcription factor 1
1.1462830373693083	1.6723778357077899	7.515601637878609	1.210991805713446e-5	7.7101445897367e-4	3.5994772161607926	ENSG00000161692	CBD_vs_Eto	Up	DBF4B	80174	DBF4 zinc finger B
1.4448382490485072	1.2262087369209256	7.468924611731975	1.2831843124496895e-5	8.007681149834847e-4	3.5400366810513386	ENSG00000165480	CBD_vs_Eto	Up	SKA3	221150	spindle and kinetochore associated complex subunit 3
1.1763784859864588	7.0984229510432515	7.457491305269294	1.3015644416960405e-5	8.039183235808179e-4	3.5254346198509445	ENSG00000122861	CBD_vs_Eto	Up	PLAU	5328	plasminogen activator, urokinase
-1.0039479923575363	1.4122504851967357	-7.434995289020696	1.338560790203234e-5	8.222737104193773e-4	3.4966549554834927	ENSG00000155428	CBD_vs_Eto	Down	TRIM74	378108	tripartite motif containing 74
-1.448250235463937	3.641912170006231	-7.4121449152291765	1.3773002225779474e-5	8.386330124584468e-4	3.46735550027733	ENSG00000277586	CBD_vs_Eto	Down	NEFL	4747	neurofilament light chain
1.4346070478107484	1.6051712324781675	7.408551400378283	1.3835014160951048e-5	8.386330124584468e-4	3.4627416793980537	ENSG00000285077	CBD_vs_Eto	Up	ARHGAP11B	89839	Rho GTPase activating protein 11B
1.2614191001502568	1.8771104318085292	7.396610902023573	1.4043232195439541e-5	8.461450938907365e-4	3.4473989842752673	ENSG00000127586	CBD_vs_Eto	Up	CHTF18	63922	chromosome transmission fidelity factor 18
1.7366658025721913	4.4486833307158005	7.38957770319107	1.416745166171828e-5	8.503715451609987e-4	3.4383532293672943	ENSG00000258315	CBD_vs_Eto	Up	C17orf49	124944	chromosome 17 open reading frame 49
-1.0577052265665898	2.4671313197232276	-7.341913309014856	1.504106289088002e-5	8.959687690226484e-4	3.3768813577639705	ENSG00000163071	CBD_vs_Eto	Down	SPATA18	132671	spermatogenesis associated 18
1.142439261755536	2.741739200914556	7.332177091317463	1.5226535914830452e-5	9.00197382694074e-4	3.3642885879817275	ENSG00000149503	CBD_vs_Eto	Up	INCENP	3619	inner centromere protein
1.035881567803456	3.0772242467594744	7.325113995798037	1.5362624467256215e-5	9.048413197455851e-4	3.355145526121751	ENSG00000125885	CBD_vs_Eto	Up	MCM8	84515	minichromosome maintenance 8 homologous recombination repair factor
1.674477901041703	1.4023720137867135	7.32147447129255	1.5433259070958333e-5	9.056098214548163e-4	3.350431693612242	ENSG00000174371	CBD_vs_Eto	Up	EXO1	9156	exonuclease 1
1.7228754380457565	2.3049254333817166	7.314233835027134	1.5574822934129136e-5	9.071469091189437e-4	3.3410486650791213	ENSG00000179750	CBD_vs_Eto	Up	APOBEC3B	9582	apolipoprotein B mRNA editing enzyme catalytic subunit 3B
1.3913394193113047	1.5803802066758645	7.283564692604216	1.619010735382386e-5	9.360501038464487e-4	3.3012293999635034	ENSG00000151725	CBD_vs_Eto	Up	CENPU	79682	centromere protein U
3.1218886264522805	5.009990169776748	7.274057422144669	1.638610708160481e-5	9.439117947447517e-4	3.2888607628833757	ENSG00000092621	CBD_vs_Eto	Up	PHGDH	26227	phosphoglycerate dehydrogenase
1.4153918211213776	3.5717196959490325	7.253947153850285	1.6809147918568115e-5	9.612387642450988e-4	3.2626591105606852	ENSG00000113810	CBD_vs_Eto	Up	SMC4	10051	structural maintenance of chromosomes 4
1.9428834916894735	1.6447914738618508	7.247225275067197	1.695315461812252e-5	9.659612663934593e-4	3.2538893935988202	ENSG00000154839	CBD_vs_Eto	Up	SKA1	220134	spindle and kinetochore associated complex subunit 1
-1.0339822098936011	6.730121278956975	-7.225296885958735	1.743222965890404e-5	9.82577934107258e-4	3.2252393375330772	ENSG00000086061	CBD_vs_Eto	Down	DNAJA1	3301	DnaJ heat shock protein family (Hsp40) member A1
1.0892619471573937	2.5672088002845665	7.21666039184452	1.7624888190204123e-5	9.898892559969644e-4	3.2139382137497456	ENSG00000166881	CBD_vs_Eto	Up	NEMP1	23306	nuclear envelope integral membrane protein 1
1.2978989201091364	6.346020747104733	7.204210324172685	1.7906654488368626e-5	9.97140517804691e-4	3.1976296767259047	ENSG00000167601	CBD_vs_Eto	Up	AXL	558	AXL receptor tyrosine kinase
1.3036599570371163	3.804256480388261	7.19720949694837	1.8067217667437058e-5	0.0010004403698525182	3.1884502374360704	ENSG00000289754	CBD_vs_Eto	Up	NA	NA	NA
-1.124071761391856	2.5183316481332927	-7.183051771350517	1.8396669685457033e-5	0.0010096090408354503	3.169867014959456	ENSG00000233133	CBD_vs_Eto	Down	NA	NA	NA
1.1056260706058834	4.208008719259948	7.179907906374612	1.8470699886746778e-5	0.0010096090408354503	3.1657368431094746	ENSG00000259952	CBD_vs_Eto	Up	NA	NA	NA
1.478801110965661	2.604394006702253	7.179107561134064	1.84895970851208e-5	0.0010096090408354503	3.1646852021655523	ENSG00000094804	CBD_vs_Eto	Up	CDC6	990	cell division cycle 6
1.5571378817847281	1.861521357298699	7.166238224601336	1.8796327827316682e-5	0.0010228064062712185	3.147763503212831	ENSG00000127528	CBD_vs_Eto	Up	KLF2	10365	KLF transcription factor 2
-1.3839132254463906	1.9971512688398534	-7.147284703479001	1.9258064814823512e-5	0.0010371655043764196	3.1228020023964103	ENSG00000182612	CBD_vs_Eto	Down	TSPAN10	83882	tetraspanin 10
-1.0945182036877934	1.7037824276374582	-7.141792633449642	1.9394125652930095e-5	0.0010378261611920872	3.1155601593581324	ENSG00000197191	CBD_vs_Eto	Down	CYSRT1	375791	cysteine rich tail 1
-1.0435061267664452	4.08166172339968	-7.139190958466641	1.9458939745494562e-5	0.0010378261611920872	3.1121281985294296	ENSG00000033100	CBD_vs_Eto	Down	CHPF2	54480	chondroitin polymerizing factor 2
-1.3691860805959035	2.5688404549437576	-7.13617727074882	1.9534309024091174e-5	0.0010378261611920872	3.108151617772192	ENSG00000132517	CBD_vs_Eto	Down	SLC52A1	55065	solute carrier family 52 member 1
1.0714634438002457	1.3083283749806396	7.124796241026993	1.9821777127071447e-5	0.0010460310976520993	3.0931234308590874	ENSG00000177602	CBD_vs_Eto	Up	HASPIN	83903	histone H3 associated protein kinase
-1.395192122550803	2.5670808231011306	-7.121172862298756	1.991424919923144e-5	0.0010473962639033902	3.088335306018415	ENSG00000137491	CBD_vs_Eto	Down	SLCO2B1	11309	solute carrier organic anion transporter family member 2B1
1.1437206222747531	3.668804707082592	7.1159600961646365	2.0048097542009607e-5	0.0010509212731521437	3.081443827804323	ENSG00000163918	CBD_vs_Eto	Up	RFC4	5984	replication factor C subunit 4
1.3319337341454691	4.083165697623127	7.101468371952696	2.0425303887668974e-5	0.0010666404387731305	3.0622662697131418	ENSG00000119403	CBD_vs_Eto	Up	PHF19	26147	PHD finger protein 19
1.1936912717352077	1.7735976702601512	7.097058391969463	2.0541598678704656e-5	0.0010666404387731305	3.056424809642822	ENSG00000163535	CBD_vs_Eto	Up	SGO2	151246	shugoshin 2
-1.3487080216770444	5.601368813862708	-7.0351609126346055	2.225111334589923e-5	0.0011342797810590108	2.9741622504204486	ENSG00000257181	CBD_vs_Eto	Down	NA	NA	NA
-1.3172379156296046	3.032967445459576	-7.027559005504659	2.247137634165756e-5	0.0011399511753190541	2.9640239701318354	ENSG00000279718	CBD_vs_Eto	Down	NA	NA	NA
1.0188050855022772	3.4121761323461075	6.985947133858163	2.371927792865043e-5	0.0011955428355960149	2.9083912052140413	ENSG00000128944	CBD_vs_Eto	Up	KNSTRN	90417	kinetochore localized astrin (SPAG5) binding protein
1.4291288423589923	1.3754410813412932	6.965945710518831	2.434538971324852e-5	0.0012231808262956748	2.8815677209911144	ENSG00000178752	CBD_vs_Eto	Up	ERFE	151176	erythroferrone
1.2261104817373067	3.10067111269429	6.950107243318071	2.4853768247175705e-5	0.0012447463676913538	2.8602889068230386	ENSG00000111445	CBD_vs_Eto	Up	RFC5	5985	replication factor C subunit 5
1.3801827388894008	2.3990214996751957	6.938983746448238	2.52176109778586e-5	0.0012549751589803935	2.8453244030377434	ENSG00000230176	CBD_vs_Eto	Up	LINC01433	728228	long intergenic non-protein coding RNA 1433
1.0404176272613643	4.03389312808372	6.93070444942252	2.5492130478595365e-5	0.001258472629521228	2.834175384516083	ENSG00000132182	CBD_vs_Eto	Up	NUP210	23225	nucleoporin 210
-1.3661239881218723	6.118067306371993	-6.910349681882109	2.6180766201006718e-5	0.001281834364999644	2.806726013942651	ENSG00000110092	CBD_vs_Eto	Down	CCND1	595	cyclin D1
-1.0707057731561203	4.07031741726885	-6.9070257114631355	2.6295104945740213e-5	0.001281834364999644	2.802238162550708	ENSG00000215251	CBD_vs_Eto	Down	FASTKD5	60493	FAST kinase domains 5
1.0731372781857762	0.8452251308867832	6.906075281562221	2.632789647048741e-5	0.001281834364999644	2.800954666926147	ENSG00000137812	CBD_vs_Eto	Up	KNL1	57082	kinetochore scaffold 1
-1.0036657839135494	3.154029894759264	-6.895168270766513	2.6707364339974555e-5	0.0012923077280321226	2.7862166855441437	ENSG00000136114	CBD_vs_Eto	Down	THSD1	55901	thrombospondin type 1 domain containing 1
1.3931622699606105	2.227238165906511	6.866811244326117	2.7721667827452814e-5	0.0013250788700745377	2.7478241241740697	ENSG00000112029	CBD_vs_Eto	Up	FBXO5	26271	F-box protein 5
1.0812159535304438	3.6147872366230667	6.840589561129328	2.8696423670538198e-5	0.0013592769838641073	2.7122254515836843	ENSG00000123485	CBD_vs_Eto	Up	HJURP	55355	Holliday junction recognition protein
1.3290748142033775	2.417365777545796	6.82004248936671	2.948591277875901e-5	0.0013800460248772745	2.6842652769783406	ENSG00000224126	CBD_vs_Eto	Up	NA	NA	NA
1.0425102942788866	4.294688312770407	6.790243408439003	3.0672560152649797e-5	0.0014145357212919962	2.6436127930871454	ENSG00000131652	CBD_vs_Eto	Up	THOC6	79228	THO complex subunit 6
1.3603210779942316	1.4356490198788687	6.786051805337297	3.084354314391324e-5	0.0014182618698280105	2.637884796219259	ENSG00000171320	CBD_vs_Eto	Up	ESCO2	157570	establishment of sister chromatid cohesion N-acetyltransferase 2
1.5283996626990506	2.9564228711768443	6.779919062440607	3.1095552722178424e-5	0.0014215368084563311	2.62949982317965	ENSG00000071539	CBD_vs_Eto	Up	TRIP13	9319	thyroid hormone receptor interactor 13
1.1463740861872642	5.196727480050793	6.766861117791647	3.163952085524832e-5	0.0014388132528651587	2.6116292443361893	ENSG00000139289	CBD_vs_Eto	Up	PHLDA1	22822	pleckstrin homology like domain family A member 1
1.1507329645753734	3.0298803010427324	6.721341217615473	3.3616995232850265e-5	0.0014976228527813125	2.5491497564417713	ENSG00000188290	CBD_vs_Eto	Up	HES4	57801	hes family bHLH transcription factor 4
1.0281048641100465	2.437628021016531	6.712629301820322	3.401034481627819e-5	0.001502378321856154	2.5371595489525856	ENSG00000134222	CBD_vs_Eto	Up	PSRC1	84722	proline and serine rich coiled-coil 1
-1.0682799666853704	3.978113767216395	-6.708522039563566	3.419749933187298e-5	0.001506414214266203	2.5315031030991797	ENSG00000126391	CBD_vs_Eto	Down	FRMD8	83786	FERM domain containing 8
1.49087149256317	2.8065388543155407	6.663438112061606	3.6325949082764116e-5	0.0015714177071185931	2.4692615519454044	ENSG00000156802	CBD_vs_Eto	Up	ATAD2	29028	ATPase family AAA domain containing 2
1.3600608224180168	1.7904062240180791	6.642638636831529	3.735537416773496e-5	0.0015834248360156334	2.440451812429167	ENSG00000272636	CBD_vs_Eto	Up	DOC2B	8447	double C2 domain beta
1.0001060402329927	5.766940350703255	6.612057183481254	3.89261014700727e-5	0.0016324049912489688	2.3979841298678934	ENSG00000147408	CBD_vs_Eto	Up	CSGALNACT1	55790	chondroitin sulfate N-acetylgalactosaminyltransferase 1
1.3088626431634278	3.5423019013080115	6.5866875772058275	4.0282845351998056e-5	0.001667073752646109	2.3626555747254727	ENSG00000132967	CBD_vs_Eto	Up	HMGB1P5	10354	high mobility group box 1 pseudogene 5
-1.3192135189191936	1.4184374804400715	-6.577735393956372	4.0773617561869275e-5	0.0016743962191557234	2.3501678312135468	ENSG00000290697	CBD_vs_Eto	Down	NA	NA	NA
-3.7394044860089974	3.439312856916023	-6.575471286828687	4.089875134550603e-5	0.0016749316761964265	2.347007775841611	ENSG00000200381	CBD_vs_Eto	Down	RNA5S4	100169755	RNA, 5S ribosomal 4
1.4108658288460987	1.484251361192825	6.54478597505624	4.263585310001644e-5	0.0017307784187264841	2.3041093623390196	ENSG00000080986	CBD_vs_Eto	Up	NDC80	10403	NDC80 kinetochore complex component
1.0298897284024222	3.399740695935108	6.539846633155892	4.29227765040906e-5	0.0017307784187264841	2.297191848344065	ENSG00000245694	CBD_vs_Eto	Up	CRNDE	643911	colorectal neoplasia differentially expressed
-3.7698353713906108	3.437600807335116	-6.526947001800367	4.368190423307834e-5	0.0017524021070647704	2.2791099546054276	ENSG00000199270	CBD_vs_Eto	Down	RNA5S12	100169763	RNA, 5S ribosomal 12
-3.898441684470407	3.4681158339091427	-6.507369720283648	4.486159766154132e-5	0.0017815492041045424	2.2516233644516213	ENSG00000199910	CBD_vs_Eto	Down	RNA5S10	100169761	RNA, 5S ribosomal 10
-1.8308139228094307	5.550037946455434	-6.498406133863207	4.541307076083167e-5	0.0017898896009645084	2.2390205723245504	ENSG00000290032	CBD_vs_Eto	Down	NA	NA	NA
1.0857031225585163	2.012852311006932	6.484268481128565	4.6297674605077645e-5	0.0018156539422430201	2.2191202035846587	ENSG00000167670	CBD_vs_Eto	Up	CHAF1A	10036	chromatin assembly factor 1 subunit A
-1.3082829137235894	4.694253738731343	-6.479173410916436	4.6620983755769694e-5	0.0018237850511025728	2.2119414484702613	ENSG00000291174	CBD_vs_Eto	Down	NA	NA	NA
-3.6345065297021404	3.4209415039855173	-6.474707555079526	4.6906353799753405e-5	0.0018303953346275983	2.2056462415369875	ENSG00000200343	CBD_vs_Eto	Down	RNA5S8	100169759	RNA, 5S ribosomal 8
-3.6345065297021404	3.402132045217076	-6.417798769561046	5.0711199676518405e-5	0.0019450837222266548	2.1251808906614933	ENSG00000202521	CBD_vs_Eto	Down	RNA5S7	100169758	RNA, 5S ribosomal 7
-1.2323447147904938	3.0895302401425675	-6.4041849454542605	5.1669517155894866e-5	0.0019675231726709397	2.105864366650751	ENSG00000272157	CBD_vs_Eto	Down	NA	NA	NA
1.4886920919224158	1.6153612571277312	6.39825115326628	5.209326160624833e-5	0.0019786636384465633	2.097436802752558	ENSG00000139354	CBD_vs_Eto	Up	GAS2L3	283431	growth arrest specific 2 like 3
-3.593754409441257	3.4247525177102442	-6.389996562431476	5.268893414799859e-5	0.0019786636384465633	2.085704839622803	ENSG00000199352	CBD_vs_Eto	Down	RNA5S1	100169751	RNA, 5S ribosomal 1
1.1395210612571058	2.884302913008199	6.385174308229946	5.304028920733211e-5	0.0019859799716059638	2.078846694779898	ENSG00000246985	CBD_vs_Eto	Up	SOCS2-AS1	144481	SOCS2 antisense RNA 1
1.1642004706367777	2.7122298483441907	6.375045423320507	5.3786480226292004e-5	0.002001668244066752	2.0644308574232486	ENSG00000205309	CBD_vs_Eto	Up	NT5M	56953	5',3'-nucleotidase, mitochondrial
1.2318336393473732	3.1022248377419324	6.373847399774293	5.3875478123249897e-5	0.002001668244066752	2.062724825229928	ENSG00000221829	CBD_vs_Eto	Up	FANCG	2189	FA complementation group G
-3.6077256950976744	3.4044448553920628	-6.36298824883144	5.468939764982502e-5	0.002013280772951398	2.04725173540465	ENSG00000201355	CBD_vs_Eto	Down	RNA5S14	100169765	RNA, 5S ribosomal 14
-3.6077256950976744	3.4006250642575635	-6.36161048358571	5.479360109520528e-5	0.002013280772951398	2.0452873825980014	ENSG00000202526	CBD_vs_Eto	Down	RNA5S13	100169764	RNA, 5S ribosomal 13
-1.0903112766350533	4.029507607979758	-6.336718508531806	5.6713277111027874e-5	0.002055987513077649	2.0097514017714637	ENSG00000149809	CBD_vs_Eto	Down	TM7SF2	7108	transmembrane 7 superfamily member 2
-1.810444349394401	3.015862651071519	-6.336374069814322	5.674033960801854e-5	0.002055987513077649	2.0092590641902373	ENSG00000161544	CBD_vs_Eto	Down	CYGB	114757	cytoglobin
1.136497463499549	1.4288429471330668	6.326604325266725	5.7513727510408405e-5	0.0020697045282120886	1.9952872935737567	ENSG00000278023	CBD_vs_Eto	Up	RDM1	201299	RAD52 motif containing 1
-3.54922843336607	3.3880623478632734	-6.313816940251921	5.85430747635054e-5	0.0020810677444463646	1.976979574010624	ENSG00000200370	CBD_vs_Eto	Down	RNA5S17	100169768	RNA, 5S ribosomal 17
-3.54922843336607	3.3880623478632734	-6.313816940251921	5.85430747635054e-5	0.0020810677444463646	1.976979574010624	ENSG00000201925	CBD_vs_Eto	Down	RNA5S15	100169766	RNA, 5S ribosomal 15
-1.1333679463687312	1.4936297864872954	-6.2986467570854	5.9789844006265355e-5	0.0021034789414821676	1.955230376312791	ENSG00000173805	CBD_vs_Eto	Down	HAP1	9001	huntingtin associated protein 1
1.1178750102054202	2.712626987910142	6.288409815261483	6.06471979451556e-5	0.002110039457711321	1.9405354465081857	ENSG00000149929	CBD_vs_Eto	Up	HIRIP3	8479	HIRA interacting protein 3
-3.54922843336607	3.382449072828981	-6.284757450917444	6.0956260764500796e-5	0.0021114496845430386	1.935288953335494	ENSG00000199337	CBD_vs_Eto	Down	RNA5S3	100169754	RNA, 5S ribosomal 3
-3.54922843336607	3.3857246173368583	-6.274957961613303	6.179384333721797e-5	0.0021276914278197854	1.9212029834773006	ENSG00000201588	CBD_vs_Eto	Down	RNA5S2	100169753	RNA, 5S ribosomal 2
2.931765131914995	2.9192058582139935	6.269399301571633	6.227441584702013e-5	0.0021276914278197854	1.9132068054048474	ENSG00000276150	CBD_vs_Eto	Up	NA	NA	NA
1.1461878474333533	2.7293426936998535	6.2687619534028345	6.232977242595456e-5	0.0021276914278197854	1.9122896946278694	ENSG00000179242	CBD_vs_Eto	Up	CDH4	1002	cadherin 4
-3.54922843336607	3.3933845696420777	-6.230814806275794	6.572236325406588e-5	0.00218509489330537	1.8575817531769658	ENSG00000202257	CBD_vs_Eto	Down	RNA5S16	100169767	RNA, 5S ribosomal 16
-1.0030620779012773	2.761518396966996	-6.219963789190735	6.672837735084067e-5	0.002204559794578404	1.8419003381093013	ENSG00000214900	CBD_vs_Eto	Down	LINC01599	196913	long intergenic non-protein coding RNA 1599
-3.779090025169664	3.4547177806468468	-6.2117808961036785	6.749790695920108e-5	0.002225308353963095	1.8300636978045954	ENSG00000199396	CBD_vs_Eto	Down	RNA5S5	100169756	RNA, 5S ribosomal 5
-3.54922843336607	3.4114405415305784	-6.186643642868976	6.99217483000057e-5	0.0022813058376885678	1.7936427630080853	ENSG00000200624	CBD_vs_Eto	Down	RNA5S6	100169757	RNA, 5S ribosomal 6
-1.1652477306589368	1.8472082263967817	-6.181944119744041	7.038512858493843e-5	0.0022916698387717223	1.7868237147383468	ENSG00000227568	CBD_vs_Eto	Down	NA	NA	NA
1.0451600115694282	5.829647078183686	6.140646482208587	7.460110239333878e-5	0.002388472670374856	1.7267649995288785	ENSG00000131016	CBD_vs_Eto	Up	AKAP12	9590	A-kinase anchoring protein 12
1.4144744943357765	1.2992210559551665	6.1230903457426775	7.647436701749415e-5	0.002427601226358218	1.7011595269417548	ENSG00000065328	CBD_vs_Eto	Up	MCM10	55388	minichromosome maintenance 10 replication initiation factor
2.778122814161407	3.414915951922163	6.102624193567116	7.872176461240722e-5	0.0024702031177907297	1.6712541977329156	ENSG00000166803	CBD_vs_Eto	Up	PCLAF	9768	PCNA clamp associated factor
1.2007746875908198	3.3396156444232465	6.101448610734089	7.885298010498195e-5	0.0024702031177907297	1.6695346057198535	ENSG00000131094	CBD_vs_Eto	Up	C1QL1	10882	complement C1q like 1
1.058750925704654	2.2823692528174875	6.037705625108181	8.632954119637518e-5	0.002656787406759679	1.5759978072684913	ENSG00000177084	CBD_vs_Eto	Up	POLE	5426	DNA polymerase epsilon, catalytic subunit
-2.829156188320557	3.562467134090359	-6.002405943854977	9.079248393660607e-5	0.0027510647444837517	1.5239482140500087	ENSG00000199334	CBD_vs_Eto	Down	RNA5S11	100169762	RNA, 5S ribosomal 11
-1.5069160994182074	3.022605396316506	-5.968145479314441	9.536017462438815e-5	0.002847475094998929	1.4732598332706655	ENSG00000162616	CBD_vs_Eto	Down	DNAJB4	11080	DnaJ heat shock protein family (Hsp40) member B4
1.1552473748556276	0.7663078063789666	5.965305852105523	9.57496129303906e-5	0.002847475094998929	1.4690510326617865	ENSG00000085999	CBD_vs_Eto	Up	RAD54L	8438	RAD54 like
-1.0984179876863158	4.4371229621479396	-5.957272807424008	9.686051614282186e-5	0.0028686035345800685	1.457138443299387	ENSG00000179046	CBD_vs_Eto	Down	TRIML2	205860	tripartite motif family like 2
12.79808206204447	7.9555958713326	5.9511563569528185	9.77155885839013e-5	0.0028788142427138247	1.448061841330512	ENSG00000229344	CBD_vs_Eto	Up	MTCO2P12	107075310	MT-CO2 pseudogene 12
-1.2701477530152334	3.9548653205986524	-5.908776517575339	1.0386598435626453e-4	0.0030192171349105656	1.3850237707568347	ENSG00000173559	CBD_vs_Eto	Down	NABP1	64859	nucleic acid binding protein 1
2.1077381537061504	5.500730477607061	5.905273993665523	1.0439244521429937e-4	0.003028921759114524	1.379802361428979	ENSG00000100889	CBD_vs_Eto	Up	PCK2	5106	phosphoenolpyruvate carboxykinase 2, mitochondrial
1.1257165778877782	4.9633148388108514	5.902940258840282	1.0474480581872964e-4	0.0030324462942566592	1.376322351128449	ENSG00000263585	CBD_vs_Eto	Up	NA	NA	NA
1.3256003013059807	5.334985189399884	5.901044633153157	1.0503195171163892e-4	0.0030324462942566592	1.3734950616073132	ENSG00000257453	CBD_vs_Eto	Up	NA	NA	NA
1.1167469410069213	2.7741047506445478	5.8932620394013	1.0621967233252557e-4	0.003053767033091951	1.3618820481296687	ENSG00000101447	CBD_vs_Eto	Up	FAM83D	81610	family with sequence similarity 83 member D
-1.0550954817852725	0.8881065995953028	-5.888857637968566	1.0689817792310106e-4	0.003067665594924612	1.355306032856035	ENSG00000185924	CBD_vs_Eto	Down	RTN4RL1	146760	reticulon 4 receptor like 1
-1.0096113601429568	1.7453362818326092	-5.885888084363755	1.073582501732575e-4	0.003075256543214294	1.3508707478330724	ENSG00000123243	CBD_vs_Eto	Down	ITIH5	80760	inter-alpha-trypsin inhibitor heavy chain 5
1.2372222664402508	3.0061990251393307	5.879514254239327	1.0835289067968362e-4	0.0030981046524158266	1.3413465921837453	ENSG00000133119	CBD_vs_Eto	Up	RFC3	5983	replication factor C subunit 3
1.0765759190556385	0.992512797546725	5.8758192589737765	1.0893399227728215e-4	0.0030999499491848673	1.335822630847277	ENSG00000284946	CBD_vs_Eto	Up	NA	NA	NA
1.3192794553415004	4.5808392480158835	5.872194816252324	1.0950722748996519e-4	0.0030999499491848673	1.3304022333963772	ENSG00000163923	CBD_vs_Eto	Up	RPL39L	116832	ribosomal protein L39 like
1.1208581925511971	2.6932658283255635	5.859494470558597	1.1154140484762882e-4	0.0031267382043383436	1.311393776969659	ENSG00000164758	CBD_vs_Eto	Up	MED30	90390	mediator complex subunit 30
-1.102281282894637	1.6043023426178917	-5.854388480435464	1.123705361764326e-4	0.00313879050072927	1.3037451509981484	ENSG00000129521	CBD_vs_Eto	Down	EGLN3	112399	egl-9 family hypoxia inducible factor 3
1.1858449344850448	1.3979785598891863	5.833093444694422	1.1590001679678048e-4	0.003199217117226528	1.271805282196544	ENSG00000253917	CBD_vs_Eto	Up	NA	NA	NA
-1.0667596866887412	1.0441286067756477	-5.7719814692762155	1.26700954818168e-4	0.0034176658927452994	1.179781924861114	ENSG00000186462	CBD_vs_Eto	Down	NAP1L2	4674	nucleosome assembly protein 1 like 2
-1.3583253775463726	1.2674041050372356	-5.763295690472731	1.2832111757173502e-4	0.0034474678845240895	1.1666590202619282	ENSG00000180596	CBD_vs_Eto	Down	H2BC4	8347	H2B clustered histone 4
1.156610985587493	5.035602669932698	5.760005233871744	1.2894063978022136e-4	0.0034525691307243198	1.1616847928113128	ENSG00000114346	CBD_vs_Eto	Up	ECT2	1894	epithelial cell transforming 2
-1.0730342892666105	2.5006549679360965	-5.740849409325638	1.326111099362506e-4	0.0034932032074664605	1.13269565660012	ENSG00000153294	CBD_vs_Eto	Down	ADGRF4	221393	adhesion G protein-coupled receptor F4
-1.3994585247652869	3.7541935775891773	-5.7083552836935985	1.3909420610840628e-4	0.0035976899428631533	1.0834001509253337	ENSG00000124098	CBD_vs_Eto	Down	FAM210B	116151	family with sequence similarity 210 member B
1.2864417647812008	2.399404745868589	5.696201769249762	1.416050375048379e-4	0.0036333819265235417	1.0649234042546976	ENSG00000012048	CBD_vs_Eto	Up	BRCA1	672	BRCA1 DNA repair associated
-1.7763102251251879	0.9380932364827193	-5.696085222134091	1.4162934763823802e-4	0.0036333819265235417	1.0647461168195456	ENSG00000264785	CBD_vs_Eto	Down	NA	NA	NA
1.1850704922308912	4.22915990351642	5.693471647396182	1.4217567225428335e-4	0.003641457038877622	1.060769922691998	ENSG00000138678	CBD_vs_Eto	Up	GPAT3	84803	glycerol-3-phosphate acyltransferase 3
1.4842039608529864	1.9222206135184718	5.690724399134925	1.4275235861166e-4	0.003650282262645472	1.0565893002159328	ENSG00000128564	CBD_vs_Eto	Up	VGF	7425	VGF nerve growth factor inducible
-1.4401178279498348	8.643993269923051	-5.66552176474569	1.4816044812774115e-4	0.0037497613460504	1.0181863989101991	ENSG00000124762	CBD_vs_Eto	Down	CDKN1A	1026	cyclin dependent kinase inhibitor 1A
-2.673566695521561	2.267791269082734	-5.649683334868536	1.5167040377347783e-4	0.0038040969214381375	0.9940054595928025	ENSG00000128510	CBD_vs_Eto	Down	CPA4	51200	carboxypeptidase A4
-1.79848394709358	2.4723650808058766	-5.648104232475778	1.5202516911157532e-4	0.0038069232634532378	0.9915926195083724	ENSG00000276851	CBD_vs_Eto	Down	NA	NA	NA
1.0660825075529636	2.5151480608337784	5.630015802021406	1.5615255161118523e-4	0.0038610928091784573	0.9639281667960979	ENSG00000276043	CBD_vs_Eto	Up	UHRF1	29128	ubiquitin like with PHD and ring finger domains 1
1.1025184145984965	1.9080278464784164	5.604972473768997	1.620648189793132e-4	0.003928516282197566	0.9255490064119263	ENSG00000109674	CBD_vs_Eto	Up	NEIL3	55247	nei like DNA glycosylase 3
-1.0779525194319	9.323310756296253	-5.599357348716977	1.634228548898231e-4	0.003943019335906266	0.9169313589852646	ENSG00000197747	CBD_vs_Eto	Down	S100A10	6281	S100 calcium binding protein A10
-1.0723827568168938	2.1435065002843117	-5.588025608945107	1.6620047628844483e-4	0.003984251052000127	0.8995264653617836	ENSG00000250016	CBD_vs_Eto	Down	NA	NA	NA
12.825354572762002	8.094464958317916	5.56206595585527	1.7275473092568159e-4	0.004092686701911641	0.8595841948990071	ENSG00000237973	CBD_vs_Eto	Up	MTCO1P12	107075141	MT-CO1 pseudogene 12
-1.0264370854437275	1.7209442952886707	-5.5383458289213845	1.789841772004808e-4	0.004194791610513802	0.8230028525442927	ENSG00000205413	CBD_vs_Eto	Down	SAMD9	54809	sterile alpha motif domain containing 9
1.1978887271490786	3.3652403836195983	5.528367195432449	1.816757755070079e-4	0.004245220275814571	0.8075895284121817	ENSG00000188486	CBD_vs_Eto	Up	H2AX	3014	H2A.X variant histone
15.338994890662702	9.793209898524832	5.50330226066933	1.8862829473771474e-4	0.004336796144803073	0.7688102112809148	ENSG00000278791	CBD_vs_Eto	Up	NA	NA	NA
1.0021304004654832	5.466677223340639	5.499300457478474	1.8976424887062965e-4	0.004344576088245139	0.7626104390935264	ENSG00000130669	CBD_vs_Eto	Up	PAK4	10298	p21 (RAC1) activated kinase 4
-1.1206551424852642	2.3908406493558125	-5.4962875737120624	1.9062428468072907e-4	0.004344576088245139	0.7579412255207334	ENSG00000255150	CBD_vs_Eto	Down	EID3	493861	EP300 interacting inhibitor of differentiation 3
-1.0629678691285704	4.091838268680463	-5.4802476176304	1.9527320065204946e-4	0.004393732783943423	0.7330613530612542	ENSG00000108439	CBD_vs_Eto	Down	PNPO	55163	pyridoxamine 5'-phosphate oxidase
1.0622103865912431	2.1136209779747435	5.463215161109735	2.0034194756194128e-4	0.004447701778539987	0.7066015221058244	ENSG00000235092	CBD_vs_Eto	Up	NA	NA	NA
-1.042477437574488	2.7460375296910184	-5.462550851904647	2.0054245260175586e-4	0.004447701778539987	0.705568676961077	ENSG00000084710	CBD_vs_Eto	Down	EFR3B	22979	EFR3 homolog B
1.3381116316814134	2.6797391288515726	5.448387644784129	2.0486838096131656e-4	0.00449966502653305	0.6835331325968301	ENSG00000175643	CBD_vs_Eto	Up	RMI2	116028	RecQ mediated genome instability 2
-1.1487577203523727	4.1787934849275095	-5.445642031678292	2.0571839833698392e-4	0.004512032820428744	0.679258092950338	ENSG00000159388	CBD_vs_Eto	Down	BTG2	7832	BTG anti-proliferation factor 2
1.8680341789428137	2.38363900557874	5.409836837046892	2.1715294869322508e-4	0.004703784120040851	0.6234088442947989	ENSG00000185885	CBD_vs_Eto	Up	IFITM1	8519	interferon induced transmembrane protein 1
1.263251365511779	3.9107912412318275	5.36150578057639	2.3366956387274097e-4	0.004952409112483456	0.5477304089567063	ENSG00000120699	CBD_vs_Eto	Up	EXOSC8	11340	exosome component 8
-1.0882796803015742	0.834284104252701	-5.357569102766373	2.3507240145853838e-4	0.004962078638036207	0.541551508353133	ENSG00000153822	CBD_vs_Eto	Down	KCNJ16	3773	potassium inwardly rectifying channel subfamily J member 16
-1.0265861043909021	1.2171353054702836	-5.32995537912723	2.451673432207124e-4	0.005073028473011741	0.4981475614166788	ENSG00000164199	CBD_vs_Eto	Down	ADGRV1	84059	adhesion G protein-coupled receptor V1
11.619483322548003	7.6096370117462	5.325542851909735	2.4682263778190585e-4	0.005088167084499018	0.49120175648866393	ENSG00000198744	CBD_vs_Eto	Up	MTCO3P12	107075270	MT-CO3 pseudogene 12
-1.3691195607064295	0.951806209345839	-5.309256179884457	2.53035746905236e-4	0.005147788041179484	0.46554070676876513	ENSG00000165828	CBD_vs_Eto	Down	PRAP1	118471	proline rich acidic protein 1
10.405992227990337	6.669128660109886	5.302953374707711	2.554845134170537e-4	0.005184192849027854	0.4555999535833175	ENSG00000225630	CBD_vs_Eto	Up	MTND2P28	100652939	MT-ND2 pseudogene 28
1.0959018326108299	1.7650518902455419	5.292337810529505	2.5966587612916896e-4	0.005241984041087691	0.43884435368304864	ENSG00000160957	CBD_vs_Eto	Up	RECQL4	9401	RecQ like helicase 4
1.2080352511941375	1.495727127839908	5.288684731035025	2.611215252456798e-4	0.00526461167437636	0.43307462662778473	ENSG00000165490	CBD_vs_Eto	Up	DDIAS	220042	DNA damage induced apoptosis suppressor
11.508883087007	7.401220336218609	5.284741091427085	2.627026747906856e-4	0.0052829440713022015	0.42684385405337455	ENSG00000248527	CBD_vs_Eto	Up	MTATP6P1	106480796	MT-ATP6 pseudogene 1
-1.11225566506337	2.102263976033325	-5.278071457090939	2.6539993014757033e-4	0.005316415714089282	0.41630110031193546	ENSG00000285160	CBD_vs_Eto	Down	NA	NA	NA
1.2874274870477826	7.974329327388005	5.266852022106701	2.700036359628934e-4	0.0053604550050896605	0.3985521725321215	ENSG00000168209	CBD_vs_Eto	Up	DDIT4	54541	DNA damage inducible transcript 4
-1.5324382209854222	1.7826749633778856	-5.266652479633428	2.700862773145099e-4	0.0053604550050896605	0.39823633838996475	ENSG00000138356	CBD_vs_Eto	Down	AOX1	316	aldehyde oxidase 1
-1.0818559683037705	3.3253268475670144	-5.263659278770138	2.713291481655456e-4	0.0053604550050896605	0.3934980468390119	ENSG00000151640	CBD_vs_Eto	Down	DPYSL4	10570	dihydropyrimidinase like 4
1.2982508891458933	3.374454924837713	5.259545773334843	2.7304710852003123e-4	0.005380875725045127	0.38698421759559576	ENSG00000160200	CBD_vs_Eto	Up	CBS	875	cystathionine beta-synthase
-1.045517681983581	5.467044250225124	-5.2478573544908365	2.7799189669574907e-4	0.005437438516713122	0.3684622366263879	ENSG00000188042	CBD_vs_Eto	Down	ARL4C	10123	ADP ribosylation factor like GTPase 4C
-1.067252594419216	5.302115589667835	-5.1778458981513324	3.096682720239404e-4	0.005881453195469187	0.2571141518894846	ENSG00000163513	CBD_vs_Eto	Down	TGFBR2	7048	transforming growth factor beta receptor 2
11.118210666552272	7.170662041129858	5.174023856465878	3.115041518696697e-4	0.005902065412412562	0.25101555130113784	ENSG00000240409	CBD_vs_Eto	Up	MTATP8P1	106480795	MT-ATP8 pseudogene 1
1.251535048142764	3.2123476626218577	5.1662498175667615	3.152740072064491e-4	0.005930620858048587	0.23860463947227117	ENSG00000274276	CBD_vs_Eto	Up	LOC102724560	102724560	cystathionine beta-synthase like
1.0230381525779517	1.7363929726135927	5.147844731256846	3.2439314547309643e-4	0.006047591549915923	0.20918782935524227	ENSG00000167550	CBD_vs_Eto	Up	RHEBL1	121268	RHEB like 1
-1.225808455612833	4.10357495309364	-5.142336306787157	3.2717640068249325e-4	0.006050280529441522	0.20037446906358092	ENSG00000264019	CBD_vs_Eto	Down	NA	NA	NA
-1.0141883491183674	3.5498937107009993	-5.122817432810429	3.3724408827635514e-4	0.006181236051554733	0.16911041368779323	ENSG00000078237	CBD_vs_Eto	Down	TIGAR	57103	TP53 induced glycolysis regulatory phosphatase
9.873801959440286	6.382075856247416	5.115422238677879	3.4114371028209884e-4	0.006238169753367775	0.15725132569052747	ENSG00000225972	CBD_vs_Eto	Up	MTND1P23	100887749	MT-ND1 pseudogene 23
1.1969217185738787	1.4750381646252826	5.109373960218027	3.4436856518231957e-4	0.006275249195894737	0.14754648797434733	ENSG00000268942	CBD_vs_Eto	Up	NA	NA	NA
1.6939894816318555	7.061102353846652	5.105255079479774	3.4658315529861926e-4	0.00628172813593479	0.14093455894487406	ENSG00000090861	CBD_vs_Eto	Up	AARS1	16	alanyl-tRNA synthetase 1
-1.2907477459077905	2.1920116002370227	-5.063255496152024	3.700451187020185e-4	0.006590407176339685	0.07337852618050533	ENSG00000279806	CBD_vs_Eto	Down	NA	NA	NA
-1.0096010220342642	2.0825324212270058	-5.047666751450546	3.791760877351391e-4	0.006722574019980605	0.04824162368102858	ENSG00000278224	CBD_vs_Eto	Down	PRICKLE4	29964	prickle planar cell polarity protein 4
1.1682102179469838	2.6568677692111726	5.037799653546215	3.8507860398233665e-4	0.006811862909140862	0.03231345378511996	ENSG00000161243	CBD_vs_Eto	Up	FBXO27	126433	F-box protein 27
1.0347891563265157	1.5698022545304904	5.025491698626553	3.925777937153451e-4	0.0068749202494070355	0.012426158278156407	ENSG00000142552	CBD_vs_Eto	Up	RCN3	57333	reticulocalbin 3
1.0764055982997096	2.4022091879929626	5.010545317467009	4.018927975403151e-4	0.007006836068868065	-0.011752520677302591	ENSG00000140025	CBD_vs_Eto	Up	EFCAB11	90141	EF-hand calcium binding domain 11
1.053180164495447	2.335379004840636	4.953024706091114	4.39980086040481e-4	0.007423955829477043	-0.10509062280477632	ENSG00000185480	CBD_vs_Eto	Up	PARPBP	55010	PARP1 binding protein
-1.1044222169306772	2.332986971031386	-4.944385319917954	4.4602244302924607e-4	0.0074828693151400795	-0.11914890520011934	ENSG00000132274	CBD_vs_Eto	Down	TRIM22	10346	tripartite motif containing 22
-1.0307334323217168	3.924245336520122	-4.899932379568255	4.7852949129567336e-4	0.007847085276450217	-0.19164520711070399	ENSG00000148798	CBD_vs_Eto	Down	INA	9118	internexin neuronal intermediate filament protein alpha
-1.2171916701357066	3.5427778371142473	-4.833306092084853	5.320182246441228e-4	0.00844535210185791	-0.30080460791135	ENSG00000197019	CBD_vs_Eto	Down	SERTAD1	29950	SERTA domain containing 1
1.2101643777448237	4.238996949052191	4.830831810923651	5.341222564878032e-4	0.008458818333864242	-0.3048699357108706	ENSG00000126453	CBD_vs_Eto	Up	BCL2L12	83596	BCL2 like 12
-1.1273826542168852	1.4516306156991052	-4.809170926497409	5.529210253246854e-4	0.008669228359178468	-0.3404944775258416	ENSG00000185527	CBD_vs_Eto	Down	PDE6G	5148	phosphodiesterase 6G
-10.207994791399596	3.398790134138473	-4.791989611189513	5.683280874581944e-4	0.008832684068000677	-0.3687962216659768	ENSG00000264614	CBD_vs_Eto	Down	MIR5588	100847054	microRNA 5588
1.0591244922463858	1.0201003007898721	4.773799791497237	5.851339343648645e-4	0.009003734101586947	-0.39880196097123033	ENSG00000215158	CBD_vs_Eto	Up	NA	NA	NA
-1.5347111838357839	2.4801422187792626	-4.73218888313543	6.255799475458489e-4	0.00934641385783073	-0.46760726885455384	ENSG00000263934	CBD_vs_Eto	Down	NA	NA	NA
-1.1213240105704863	3.7458368518642717	-4.692562579900014	6.668422507687983e-4	0.00976420971656436	-0.5333419578234668	ENSG00000186594	CBD_vs_Eto	Down	MIR22HG	84981	MIR22 host gene
1.1052232202638965	1.4146332661746477	4.683027851380974	6.771922521145583e-4	0.009890158546946736	-0.5491892810553587	ENSG00000225976	CBD_vs_Eto	Up	NA	NA	NA
-1.192848785720757	2.895276726068025	-4.678961596931789	6.816575206237258e-4	0.009929232496412511	-0.5559512353724081	ENSG00000105246	CBD_vs_Eto	Down	EBI3	10148	Epstein-Barr virus induced 3
-1.0099886897563302	4.920663810406314	-4.672319448100634	6.890182554647574e-4	0.009994939623169304	-0.5670013564294187	ENSG00000135048	CBD_vs_Eto	Down	CEMIP2	23670	cell migration inducing hyaluronidase 2
1.3416989494331732	1.835062729925225	4.657550643069912	7.056863470653788e-4	0.010153360927676255	-0.5915916745916858	ENSG00000104147	CBD_vs_Eto	Up	OIP5	11339	Opa interacting protein 5
1.4107148048761955	6.56503922539033	4.655632641001854	7.078819475689124e-4	0.01016634840864723	-0.594787241456693	ENSG00000187840	CBD_vs_Eto	Up	EIF4EBP1	1978	eukaryotic translation initiation factor 4E binding protein 1
1.0341894448977333	4.046929272664069	4.604150842222966	7.695826424915104e-4	0.010850993539078908	-0.6807364408943011	ENSG00000151743	CBD_vs_Eto	Up	AMN1	196394	antagonist of mitotic exit network 1 homolog
2.474410969927603	6.009887299572753	4.598124731178423	7.771663238961166e-4	0.010883096713793703	-0.6908191083387969	ENSG00000070669	CBD_vs_Eto	Up	ASNS	440	asparagine synthetase (glutamine-hydrolyzing)
-1.8578348095246866	0.7722517026608033	-4.596522785054646	7.791955207020492e-4	0.010892114452053712	-0.6935001981412956	ENSG00000290162	CBD_vs_Eto	Down	NA	NA	NA
-1.6479085509631204	0.6683991246487649	-4.594659308310167	7.815630129045003e-4	0.010896152429907954	-0.6966194052876062	ENSG00000270722	CBD_vs_Eto	Down	LOC124904619	124904619	U1 spliceosomal RNA
-1.463865658538654	2.3975169840098527	-4.547684196495569	8.43811148391342e-4	0.011469088177770741	-0.775393487209465	ENSG00000139278	CBD_vs_Eto	Down	GLIPR1	11010	GLI pathogenesis related 1
1.0673208681707684	1.9410939259799989	4.516470163823209	8.880390600762242e-4	0.011845040083764802	-0.8278892996657845	ENSG00000259316	CBD_vs_Eto	Up	NA	NA	NA
1.54776312203221	7.1675003502246755	4.496613245894198	9.174366396535361e-4	0.012113861121067599	-0.8613471554111305	ENSG00000138166	CBD_vs_Eto	Up	DUSP5	1847	dual specificity phosphatase 5
1.4987233318361248	8.249139152481286	4.49342483046513	9.222514142661547e-4	0.012115474249637876	-0.8667239631048336	ENSG00000137309	CBD_vs_Eto	Up	HMGA1	3159	high mobility group AT-hook 1
1.1952793876722445	2.231007734605964	4.411000883990592	0.0010563812417993255	0.013247728395961875	-1.0061463396921955	ENSG00000224174	CBD_vs_Eto	Up	NA	NA	NA
-1.6057531934154197	1.2623155459280169	-4.315068722842465	0.0012386509267251515	0.014734511704750175	-1.1694262232785286	ENSG00000258314	CBD_vs_Eto	Down	NA	NA	NA
1.085644888634793	0.5569119496776654	4.279287472309337	0.0013148197922334868	0.015316189668639861	-1.230595977011892	ENSG00000263968	CBD_vs_Eto	Up	RN7SL381P	106479362	RNA, 7SL, cytoplasmic 381, pseudogene
1.3000462709164844	4.169203923030815	4.24223225293547	0.0013988840397929645	0.016022469344343888	-1.2940932746523988	ENSG00000157514	CBD_vs_Eto	Up	TSC22D3	1831	TSC22 domain family member 3
1.1011033740747367	5.720447795390152	4.219210394718544	0.0014539257300326591	0.016425600596618965	-1.3336185514270529	ENSG00000184897	CBD_vs_Eto	Up	H1-10	8971	H1.10 linker histone
1.0529979711736432	4.226365749800066	4.212704191760845	0.0014698878345419002	0.016534661005726696	-1.3447991157942187	ENSG00000257698	CBD_vs_Eto	Up	GIHCG	100506844	GIHCG inhibitor of miR-200b/200a/429 expression
1.1307089825676933	3.2056505353032976	4.172961370616878	0.0015714500176606308	0.017354370068631376	-1.4131925462402402	ENSG00000164949	CBD_vs_Eto	Up	GEM	2669	GTP binding protein overexpressed in skeletal muscle
-1.1134886347576973	1.6562460739170293	-4.149387080664472	0.0016351318476831287	0.017857002386572833	-1.4538395798555142	ENSG00000266680	CBD_vs_Eto	Down	NA	NA	NA
1.0779912071614026	2.696072277917819	4.144492108604134	0.0016486891773028387	0.017930364907030174	-1.4622867193318179	ENSG00000121621	CBD_vs_Eto	Up	KIF18A	81930	kinesin family member 18A
1.0174598013164036	2.9867823510053824	4.143516659086083	0.0016514048126206832	0.017935077405575182	-1.4639703229100016	ENSG00000080031	CBD_vs_Eto	Up	PTPRH	5794	protein tyrosine phosphatase receptor type H
2.4021348031420513	1.4891830572108258	4.115372558813933	0.0017318011543502607	0.018615382743207246	-1.5125880085739603	ENSG00000206760	CBD_vs_Eto	Up	SNORA6	574040	small nucleolar RNA, H/ACA box 6
-1.2881967930705835	6.287398972840926	-4.104624390562317	0.0017635722043051775	0.01886267813216449	-1.5311760202149003	ENSG00000214548	CBD_vs_Eto	Down	MEG3	55384	maternally expressed 3
1.1945257053760039	3.735790021373525	4.103251872892371	0.0017676728397283401	0.01887197764940114	-1.5335504976042804	ENSG00000139514	CBD_vs_Eto	Up	SLC7A1	6541	solute carrier family 7 member 1
-1.0770985083750326	2.983893050377825	-4.101624991753261	0.0017725463085623012	0.018911169096642297	-1.536365270130692	ENSG00000265840	CBD_vs_Eto	Down	NA	NA	NA
1.2753401714315897	7.185662550613026	4.072977865364918	0.0018606946728032985	0.019585866415331103	-1.5859722462019263	ENSG00000105281	CBD_vs_Eto	Up	SLC1A5	6510	solute carrier family 1 member 5
-2.3350550743346137	1.0688187502013116	-4.002102914955035	0.002098969406978035	0.021137402906203976	-1.709041772443829	ENSG00000275625	CBD_vs_Eto	Down	NA	NA	NA
1.535524966885263	3.08481324721423	4.000577387514599	0.002104434104943214	0.02115060295382897	-1.7116959016544824	ENSG00000115902	CBD_vs_Eto	Up	SLC1A4	6509	solute carrier family 1 member 4
-1.3940392580732521	1.8310470664305663	-3.9992907483836375	0.002109054570097327	0.021179433058333693	-1.713934575680625	ENSG00000293413	CBD_vs_Eto	Down	NA	NA	NA
-1.3420572763725533	1.6391576357736541	-3.9901295223909297	0.002142260144092697	0.021417153862683884	-1.729878909898095	ENSG00000136881	CBD_vs_Eto	Down	BAAT	570	bile acid-CoA:amino acid N-acyltransferase
-1.1270106700698599	2.3235958390549927	-3.984273825810074	0.0021637690361763604	0.021508766236894357	-1.7400742343608284	ENSG00000138207	CBD_vs_Eto	Down	RBP4	5950	retinol binding protein 4
1.3592975630030235	3.1447478840980057	3.980410182679524	0.0021780836820884017	0.02156961208093338	-1.7468028954234196	ENSG00000072041	CBD_vs_Eto	Up	SLC6A15	55117	solute carrier family 6 member 15
-1.0783544511207233	1.2026803424913834	-3.9697113419730905	0.002218238645867516	0.021870859526590947	-1.7654422485579113	ENSG00000170373	CBD_vs_Eto	Down	CST1	1469	cystatin SN
-1.071800384261746	2.7850099871292073	-3.956650487794498	0.002268304258057602	0.02214236670528482	-1.7882104296277346	ENSG00000163050	CBD_vs_Eto	Down	COQ8A	56997	coenzyme Q8A
-1.1072053676117273	2.1047146320662318	-3.950838894909256	0.002290957802463023	0.022280520965697895	-1.7983462397168912	ENSG00000269888	CBD_vs_Eto	Down	NA	NA	NA
1.4020644749074367	4.601892830749044	3.917280299999356	0.002426447963264624	0.023224784339804915	-1.8569317384934303	ENSG00000103089	CBD_vs_Eto	Up	FA2H	79152	fatty acid 2-hydroxylase
1.020510882205107	6.4129406676196465	3.9140166634591007	0.0024400613903611456	0.023298363949495676	-1.8626344018962735	ENSG00000003436	CBD_vs_Eto	Up	TFPI	7035	tissue factor pathway inhibitor
-2.6969868836211814	3.2263429792638285	-3.886980630423517	0.0025559301436928333	0.024126385017835233	-1.9099094556358054	ENSG00000201185	CBD_vs_Eto	Down	RNA5SP202	100873463	RNA, 5S ribosomal pseudogene 202
-1.1919008581997375	0.6947329834002414	-3.8809414250432153	0.0025825839581213425	0.024232527043804436	-1.920477772853479	ENSG00000205274	CBD_vs_Eto	Down	TRBV20OR9-2	6962	T cell receptor beta variable 20/OR9-2 (non-functional)
1.0487505027712163	2.886455249292405	3.8729406821158827	0.0026183397399355433	0.0243645034025008	-1.9344832241768257	ENSG00000076864	CBD_vs_Eto	Up	RAP1GAP	5909	RAP1 GTPase activating protein
-1.2776785882995962	1.1831082256513283	-3.8624827650779103	0.002665852625107949	0.024666007063834743	-1.952797730031504	ENSG00000240386	CBD_vs_Eto	Down	LCE1F	353137	late cornified envelope 1F
1.5741466673842335	2.5554159717068465	3.7937283445665266	0.003001313104307929	0.026696068935716338	-2.0734147325617505	ENSG00000111981	CBD_vs_Eto	Up	ULBP1	80329	UL16 binding protein 1
1.4517551002061149	7.027613891682017	3.7747004916099716	0.003101670829248386	0.027173411621540775	-2.1068573914270736	ENSG00000065911	CBD_vs_Eto	Up	MTHFD2	10797	methylenetetrahydrofolate dehydrogenase (NADP+ dependent) 2, methenyltetrahydrofolate cyclohydrolase
1.8862405890625258	3.4458318558627994	3.7634763416503145	0.003162492308350135	0.027522608766526967	-2.1265965351996154	ENSG00000290318	CBD_vs_Eto	Up	NA	NA	NA
-1.0131363824835737	1.9230717083251576	-3.747075581183248	0.0032535919804536476	0.02805152822621385	-2.155455054373112	ENSG00000258663	CBD_vs_Eto	Down	NA	NA	NA
1.0005037784997268	2.5516040051161593	3.744375172936377	0.003268849939043688	0.028083363162122302	-2.160208401176167	ENSG00000251503	CBD_vs_Eto	Up	CENPS-CORT	100526739	CENPS-CORT readthrough
1.0411587337738388	4.153390135863856	3.7164035630628907	0.0034313170660291185	0.02876009613580389	-2.2094733399618196	ENSG00000106665	CBD_vs_Eto	Up	CLIP2	7461	CAP-Gly domain containing linker protein 2
-1.3861928959342773	2.344066091869527	-3.702468155508068	0.003515349957756554	0.02926542797018505	-2.2340358994935867	ENSG00000279882	CBD_vs_Eto	Down	NA	NA	NA
-1.0301022822786972	1.049082298298206	-3.680737927438207	0.003650652204986708	0.029829907686699516	-2.272361715507027	ENSG00000181634	CBD_vs_Eto	Down	TNFSF15	9966	TNF superfamily member 15
1.352002545718097	3.623111400802881	3.6784397705301615	0.003665272558411617	0.029896305110778575	-2.276416674773566	ENSG00000088002	CBD_vs_Eto	Up	SULT2B1	6820	sulfotransferase family 2B member 1
1.5433718062208839	4.538863838199119	3.6726019405471155	0.0037026838846576783	0.030091040937001858	-2.286718589307874	ENSG00000183696	CBD_vs_Eto	Up	UPP1	7378	uridine phosphorylase 1
-1.8366176258552902	2.3348150937929004	-3.6649328232653198	0.00375243065752671	0.030324113319766206	-2.3002551995441145	ENSG00000147003	CBD_vs_Eto	Down	CLTRN	57393	collectrin, amino acid transport regulator
1.0375112489394698	2.329399265654416	3.6581465751250675	0.003797025621377786	0.030556770620489462	-2.3122363295754402	ENSG00000213347	CBD_vs_Eto	Up	MXD3	83463	MAX dimerization protein 3
-2.8447417616714503	1.1444977081609484	-3.6474662034772707	0.0038683207093414542	0.030969117844204835	-2.331097877125014	ENSG00000239183	CBD_vs_Eto	Down	SNORA84	100124534	small nucleolar RNA, H/ACA box 84
-1.548721456450112	9.420054549121572	-3.6073425152051453	0.004148727638076982	0.032426884113518205	-2.4020123340978703	ENSG00000108602	CBD_vs_Eto	Down	ALDH3A1	218	aldehyde dehydrogenase 3 family member A1
-1.1874066553446876	2.5949693803684033	-3.5929745834631484	0.00425416099944335	0.032686999077617046	-2.427426628910175	ENSG00000224645	CBD_vs_Eto	Down	NA	NA	NA
-1.2757140225320265	2.491214444939585	-3.565284617361536	0.00446520476661372	0.03375952411527277	-2.4764336679769627	ENSG00000267615	CBD_vs_Eto	Down	NA	NA	NA
1.058405492696366	5.793905591340855	3.467154740685445	0.0053038554080694165	0.03753754732101694	-2.6503727453613575	ENSG00000128342	CBD_vs_Eto	Up	LIF	3976	LIF interleukin 6 family cytokine
1.0548320678571539	7.422133195774282	3.4513383677479066	0.005453457535612885	0.0380807030157215	-2.6784406807537158	ENSG00000186907	CBD_vs_Eto	Up	RTN4RL2	349667	reticulon 4 receptor like 2
1.014015696051913	4.030360921247734	3.450031312043952	0.005466012537257282	0.03811907457246475	-2.680760545342406	ENSG00000130433	CBD_vs_Eto	Up	CACNG6	59285	calcium voltage-gated channel auxiliary subunit gamma 6
-1.2009373406659674	2.155960292351486	-3.433203824758614	0.005630321757218601	0.03893531621236686	-2.7106317664108186	ENSG00000274266	CBD_vs_Eto	Down	SNORA73A	6080	small nucleolar RNA, H/ACA box 73A
1.475612388816694	2.8654818991003976	3.418663870221797	0.005776367804492596	0.03956409411735652	-2.7364486217749313	ENSG00000130600	CBD_vs_Eto	Up	H19	283120	H19 imprinted maternally expressed transcript
1.0941681697880092	3.4443338463603705	3.4154842362656126	0.005808819289929515	0.03969155050206193	-2.7420950516930693	ENSG00000228716	CBD_vs_Eto	Up	DHFR	1719	dihydrofolate reductase
1.0342170399890795	0.8960972440573756	3.4137240685604615	0.005826863863853803	0.03975412630063554	-2.7452208866034864	ENSG00000015413	CBD_vs_Eto	Up	DPEP1	1800	dipeptidase 1
1.0613868295626285	3.0389799665762176	3.4073583251039703	0.005892603602404495	0.04004675669164716	-2.7565262758319493	ENSG00000216866	CBD_vs_Eto	Up	RPS2P55	286444	ribosomal protein S2 pseudogene 55
1.2276273887300595	0.9474284800260466	3.3978308835314857	0.005992416345631472	0.040427601652252475	-2.7734485480823716	ENSG00000291215	CBD_vs_Eto	Up	NA	NA	NA
1.0752080634756487	5.878851030358941	3.3966794730208276	0.0060045955642011985	0.04047504065264811	-2.7754937790358367	ENSG00000275719	CBD_vs_Eto	Up	NA	NA	NA
1.315685100282554	9.841153634613576	3.305538869392013	0.007053571212226578	0.04474564779486695	-2.9374591375950754	ENSG00000173812	CBD_vs_Eto	Up	EIF1	10209	eukaryotic translation initiation factor 1
-1.5581598948418265	0.9299815907519864	-3.3045393241685583	0.007066059005679673	0.044788731932010696	-2.939236004316613	ENSG00000277947	CBD_vs_Eto	Down	NA	NA	NA
1.294443630448682	7.051076802382438	3.266897430811055	0.0075531234631687275	0.0468746722895783	-3.0061551089089997	ENSG00000166986	CBD_vs_Eto	Up	MARS1	4141	methionyl-tRNA synthetase 1
-1.2932977446552787	1.6604104503890655	-3.2664548167878213	0.007559049796641574	0.0468929456023611	-3.006942008848541	ENSG00000263729	CBD_vs_Eto	Down	NA	NA	NA
1.1055128675748187	1.5490334603424132	3.2393869238795636	0.007930621023978275	0.04832117250022563	-3.055064451009335	ENSG00000130775	CBD_vs_Eto	Up	THEMIS2	9473	thymocyte selection associated family member 2
2.5991417607907494	1.1048586834777634	3.2358476762196835	0.007980561514472484	0.04853160857561883	-3.061356559381681	ENSG00000201129	CBD_vs_Eto	Up	SNORA58B	109617023	small nucleolar RNA, H/ACA box 58B
-1.0985458296731812	0.6594833379090035	-3.2227092958820234	0.008168765763461256	0.04898358629967217	-3.0847135844463156	ENSG00000166143	CBD_vs_Eto	Down	PPP1R14D	54866	protein phosphatase 1 regulatory inhibitor subunit 14D
