logFC	AveExpr	t	P.Value	adj.P.Val	B	ENSEMBL	contrast	direction
3.55117138771209	3.2445251877376435	20.344063275317552	4.797094548370285e-10	2.532205999741488e-6	13.295093570317494	ENSG00000157456	CBD_vs_Eto	Up
3.473479811396877	2.3859438960932895	20.116268813484055	5.410269848189319e-10	2.532205999741488e-6	13.19424733292393	ENSG00000117650	CBD_vs_Eto	Up
2.6773257412329734	2.2383790072136014	19.4984060929308	7.547426437429313e-10	2.532205999741488e-6	12.912552263567349	ENSG00000145386	CBD_vs_Eto	Up
3.428840135989601	4.587529551673607	19.139004005258048	9.202629205529264e-10	2.532205999741488e-6	12.743001366183329	ENSG00000131747	CBD_vs_Eto	Up
3.1062757869640385	2.688711838039827	19.13702132443386	9.212790813228774e-10	2.532205999741488e-6	12.742054052979821	ENSG00000115163	CBD_vs_Eto	Up
3.508058006741398	3.0057316708258517	18.985010037544413	1.0029482426759222e-9	2.532205999741488e-6	12.669026704951094	ENSG00000166851	CBD_vs_Eto	Up
2.893319593602096	2.4531056986157465	18.77793831902947	1.1271424391574727e-9	2.532205999741488e-6	12.568271740709715	ENSG00000169679	CBD_vs_Eto	Up
3.1289949952367744	3.264634740284242	18.490636501644047	1.3280195829245075e-9	2.6105544951338505e-6	12.425991362696873	ENSG00000198901	CBD_vs_Eto	Up
3.7932292501939457	3.0211101830195877	18.13342436976155	1.6339214377431106e-9	2.7030841323393083e-6	12.244946287502387	ENSG00000089685	CBD_vs_Eto	Up
2.366447126480578	3.0382578793199744	18.047085088877232	1.7188631135312911e-9	2.7030841323393083e-6	12.200481731281965	ENSG00000138180	CBD_vs_Eto	Up
2.9356195601751147	1.9291604090592611	17.675768321155278	2.1430949190556243e-9	3.06384642700625e-6	12.006040825574544	ENSG00000143228	CBD_vs_Eto	Up
3.297520197509397	2.211896659593864	17.436896504700574	2.4755596739474275e-9	3.244220952708104e-6	11.878135457667057	ENSG00000126787	CBD_vs_Eto	Up
2.689647890423923	2.0122176173488997	17.162314880147598	2.9286555507118674e-9	3.542772091576525e-6	11.728301470764297	ENSG00000237649	CBD_vs_Eto	Up
3.2956263562378023	2.725880132876136	16.228397769611455	5.288878257935381e-9	5.940921391735128e-6	11.195085458186831	ENSG00000068489	CBD_vs_Eto	Up
2.030154061381649	1.374241164016085	16.00098124241678	6.136848168742814e-9	6.133265743499169e-6	11.059446187821358	ENSG00000118193	CBD_vs_Eto	Up
3.520915631102226	3.403924134663572	15.511502001385463	8.508916933730553e-9	7.871248688226275e-6	10.75935138158064	ENSG00000178999	CBD_vs_Eto	Up
2.2223998074212736	1.6529265388138636	14.837080969760809	1.3562097020047479e-8	1.0652327825080982e-5	10.326712288772509	ENSG00000158402	CBD_vs_Eto	Up
2.5352952202030403	2.0392476537178834	14.636444246159092	1.5637976341007424e-8	1.0652327825080982e-5	10.19350480448093	ENSG00000090889	CBD_vs_Eto	Up
2.950252588404131	2.183479108114601	14.532106265297584	1.685204050222454e-8	1.0652327825080982e-5	10.123387355775435	ENSG00000142945	CBD_vs_Eto	Up
2.725266702587649	2.161694926916503	14.528589560130737	1.6894706426483474e-8	1.0652327825080982e-5	10.121013864709251	ENSG00000265415	CBD_vs_Eto	Up
3.787312084078712	2.7130722451629206	14.51206869191524	1.7096721173782975e-8	1.0652327825080982e-5	10.10985468548968	ENSG00000135451	CBD_vs_Eto	Up
2.3136106393283162	2.5066015111241318	14.491332891797184	1.735399985624067e-8	1.0652327825080982e-5	10.095827614601248	ENSG00000100162	CBD_vs_Eto	Up
3.2166287081750706	3.137024922393382	14.442680713760666	1.797432451961528e-8	1.0652327825080982e-5	10.06282454173748	ENSG00000168078	CBD_vs_Eto	Up
3.066193757614928	3.557952998335671	14.418022536282914	1.8297890177128533e-8	1.0652327825080982e-5	10.04604856060648	ENSG00000170312	CBD_vs_Eto	Up
1.9163824244465206	3.084481852948026	14.38072463816276	1.8799408212349164e-8	1.0652327825080982e-5	10.020610135075522	ENSG00000153044	CBD_vs_Eto	Up
4.125476763165847	3.7466486627976257	14.364129819416291	1.9027332544921172e-8	1.0652327825080982e-5	10.009267409155502	ENSG00000175063	CBD_vs_Eto	Up
2.096648247022749	1.8921229316531736	14.360864935613993	1.907252726731377e-8	1.0652327825080982e-5	10.007034048180515	ENSG00000263513	CBD_vs_Eto	Up
2.37291922091899	1.7667551529854524	14.29152548871781	2.0060455648783544e-8	1.0652327825080982e-5	9.959463371206649	ENSG00000121211	CBD_vs_Eto	Up
2.3611191561878817	1.7525626204310987	14.273848726373645	2.0321113744908395e-8	1.0652327825080982e-5	9.947293630303768	ENSG00000129810	CBD_vs_Eto	Up
2.8724492046003665	2.307541361478004	14.190468030227981	2.160127049324938e-8	1.095811547667225e-5	9.889655014752524	ENSG00000072571	CBD_vs_Eto	Up
2.459036827487596	2.2060458938590513	14.130978690014137	2.2568112571130798e-8	1.1090816821675091e-5	9.848293978546916	ENSG00000134690	CBD_vs_Eto	Up
1.8978364396481129	3.1558289420367807	14.066453779632871	2.367024993484215e-8	1.1279950014403868e-5	9.803206226190607	ENSG00000146918	CBD_vs_Eto	Up
3.5920171349793684	3.4782730691879933	13.971876308003775	2.5392803490102817e-8	1.1744918461334026e-5	9.736690971897723	ENSG00000117399	CBD_vs_Eto	Up
2.899429166506945	2.1582234318687936	13.847730365257423	2.786380276061174e-8	1.2519604634668007e-5	9.648600229733848	ENSG00000129195	CBD_vs_Eto	Up
2.011377148645894	1.8114390135454008	13.676711144881432	3.1705436218435125e-8	1.3475667296516508e-5	9.525777185210057	ENSG00000215784	CBD_vs_Eto	Up
1.8605810643130547	3.55696323166514	13.614190264618074	3.3250462621442575e-8	1.3760441452231736e-5	9.480444083196385	ENSG00000137807	CBD_vs_Eto	Up
1.9708866890944678	3.6080639807674943	13.498994719485763	3.631577109439749e-8	1.4643636313602434e-5	9.396303849417741	ENSG00000104889	CBD_vs_Eto	Up
2.566198577404191	2.59101144472855	13.285500721395023	4.2840358215814175e-8	1.674597499965156e-5	9.238230703749942	ENSG00000111665	CBD_vs_Eto	Up
2.23282449276394	1.5288653895280615	13.261229563606348	4.365922516760231e-8	1.674597499965156e-5	9.220082143310318	ENSG00000024526	CBD_vs_Eto	Up
2.0717666659436227	3.83062708733183	13.215614777233043	4.524456835488747e-8	1.6940859094022866e-5	9.185874674766392	ENSG00000137804	CBD_vs_Eto	Up
2.535427647886429	2.0538947190586176	13.150433160041358	4.761946780936714e-8	1.706011734010038e-5	9.13676729882707	ENSG00000117724	CBD_vs_Eto	Up
1.7439263343955436	1.681695973722346	13.147412881566824	4.773274595983827e-8	1.706011734010038e-5	9.134485357576523	ENSG00000164109	CBD_vs_Eto	Up
1.674396372830426	1.3796267207749358	12.993518974077785	5.391078576868689e-8	1.805143613947846e-5	9.017445532581966	ENSG00000135476	CBD_vs_Eto	Up
2.2055935289674564	2.682530574964302	12.992604725148013	5.3949987190352764e-8	1.805143613947846e-5	9.016745703176149	ENSG00000198826	CBD_vs_Eto	Up
2.0691833297295275	2.820830296485761	12.922849816949721	5.703423092217179e-8	1.8685839905876533e-5	8.963191566510261	ENSG00000113368	CBD_vs_Eto	Up
2.0401932179144007	1.8370586828116913	12.703095385106927	6.807089552115246e-8	2.1846589856441706e-5	8.792401210723913	ENSG00000183856	CBD_vs_Eto	Up
2.0832594485698164	1.4373882489387135	12.669470209783286	6.995524671060954e-8	2.1996483248682594e-5	8.765986764200152	ENSG00000169607	CBD_vs_Eto	Up
2.381626536054551	1.769867689340725	12.645459997523483	7.133540923838307e-8	2.1996483248682594e-5	8.747079196947015	ENSG00000112742	CBD_vs_Eto	Up
2.329714329801609	6.443340626816259	12.560100355314379	7.648662787694885e-8	2.3131321346017263e-5	8.679546642498122	ENSG00000173207	CBD_vs_Eto	Up
2.1990717423179342	1.5352035878277361	12.502232653834806	8.020781563611457e-8	2.3628168242236824e-5	8.633484213730004	ENSG00000075218	CBD_vs_Eto	Up
2.1977521616375615	1.5349307723172372	12.411480592717353	8.644535468295278e-8	2.4717084504438465e-5	8.560785699315314	ENSG00000171241	CBD_vs_Eto	Up
2.0975089047351463	4.248489076749907	12.343240361908997	9.148215461437145e-8	2.5239444973080796e-5	8.505747176148132	ENSG00000100526	CBD_vs_Eto	Up
1.6334608622605644	1.4146244331278262	12.058890419567572	1.161766490878986e-7	3.0965999721293114e-5	8.27289352339892	ENSG00000142731	CBD_vs_Eto	Up
1.9861358161804494	2.9364141019036025	11.950508305887544	1.2742041118297907e-7	3.339688977105882e-5	8.182619627968934	ENSG00000187634	CBD_vs_Eto	Up
1.6935266823749908	1.451952478483845	11.930468579922545	1.2962590964479294e-7	3.341798450941006e-5	8.165834636374417	ENSG00000154920	CBD_vs_Eto	Up
2.299796018456871	4.033855833174716	11.838277957230217	1.4031960479707102e-7	3.549720705855751e-5	8.088237945126817	ENSG00000088325	CBD_vs_Eto	Up
1.8372310672937804	3.101126256373159	11.822812192327836	1.4220552236354592e-7	3.549720705855751e-5	8.07515910692683	ENSG00000203760	CBD_vs_Eto	Up
2.3427704733536934	2.189407375897519	11.677289766187773	1.6136030234541304e-7	3.9649251791936963e-5	7.951224068362285	ENSG00000156970	CBD_vs_Eto	Up
1.84677535692795	1.4951213059950008	11.617964432140452	1.6995717653976475e-7	4.095428800299349e-5	7.900242835996144	ENSG00000122966	CBD_vs_Eto	Up
2.501623524753068	2.64165453893508	11.605141622069919	1.7187988097402837e-7	4.095428800299349e-5	7.889188490622008	ENSG00000076382	CBD_vs_Eto	Up
2.4461642729521094	2.6911534251029123	11.580585370302071	1.756281246802192e-7	4.122280430927055e-5	7.867984000696056	ENSG00000111206	CBD_vs_Eto	Up
2.811316225127694	2.8588866085306446	11.554597595773718	1.796916568922559e-7	4.1556338180700233e-05	7.845493268585647	ENSG00000011426	CBD_vs_Eto	Up
1.278361157936519	1.3545796111750368	11.457157882356046	1.9586024367012018e-7	4.463910423125087e-5	7.76070385919653	ENSG00000136982	CBD_vs_Eto	Up
1.2281802507271031	6.991468018029214	11.429287846307778	2.007701295527134e-7	4.510444367637101e-5	7.736317200754916	ENSG00000164032	CBD_vs_Eto	Up
1.6709623703892968	3.345548422887929	11.40943112314965	2.0434967315981921e-7	4.526201352269461e-5	7.718905469924215	ENSG00000140525	CBD_vs_Eto	Up
1.5736371949376227	4.152872540492167	11.169944850681283	2.5342531408062103e-7	5.452331002426564e-5	7.50646469204889	ENSG00000010292	CBD_vs_Eto	Up
1.8626599791372431	5.6776680271755335	11.156379947226249	2.5656396679356844e-7	5.452331002426564e-5	7.494295130000049	ENSG00000108106	CBD_vs_Eto	Up
1.4381157579299437	0.8678471345902297	11.114559392331966	2.6650860699222217e-7	5.5881524714129144e-5	7.456683116309389	ENSG00000140451	CBD_vs_Eto	Up
1.9291379723342033	2.2775609200272764	10.989994271423612	2.9868869258093353e-7	6.180497867799686e-5	7.343812269464948	ENSG00000121152	CBD_vs_Eto	Up
1.1938439472940878	6.713966705187284	10.897318253302647	3.2535819702254195e-7	6.644912995294149e-5	7.259010708660762	ENSG00000136938	CBD_vs_Eto	Up
1.4727893125170497	3.1082741904152718	10.848779867997631	3.403468928257655e-7	6.775057261491124e-5	7.214312114285189	ENSG00000142856	CBD_vs_Eto	Up
1.5348440181404501	1.3334570189396282	10.813071245396529	3.5185107698581496e-7	6.916512545848657e-5	7.181302582328433	ENSG00000102384	CBD_vs_Eto	Up
1.4220311941811312	4.4168428421042645	10.786260317352976	3.607655459550364e-7	7.004196266282595e-5	7.156447797547232	ENSG00000106268	CBD_vs_Eto	Up
2.8423112033774656	1.9659340329339048	10.741386416429412	3.7623824102654385e-7	7.215515339491986e-5	7.1147122033514005	ENSG00000148773	CBD_vs_Eto	Up
2.084230829319778	1.5660156184346172	10.706010557674958	3.8894285451369135e-7	7.30922853423715e-5	7.081690069704889	ENSG00000109805	CBD_vs_Eto	Up
3.3329840792810748	4.044091476582667	10.701977683999452	3.904204482232739e-7	7.30922853423715e-5	7.077918762083375	ENSG00000164104	CBD_vs_Eto	Up
1.5946807696498473	3.576596395208095	10.652000986178923	4.092447118409871e-7	7.571508633425133e-5	7.031068224748957	ENSG00000161800	CBD_vs_Eto	Up
1.307319562770994	2.34754702417537	10.471071936410416	4.860688262384297e-7	8.588672316208478e-5	6.859654918768909	ENSG00000006634	CBD_vs_Eto	Up
1.5022663631778908	2.6379646724068393	10.453012423901033	4.945548658673355e-7	8.641522022921909e-5	6.842388583834209	ENSG00000073111	CBD_vs_Eto	Up
1.6907672842691852	1.3119909476213056	10.41999740337403	5.104861402972045e-7	8.700963946869366e-5	6.810749359708005	ENSG00000139734	CBD_vs_Eto	Up
1.1125554514234963	1.5807459703720168	10.411743529036672	5.145552887313055e-7	8.700963946869366e-5	6.802824406405035	ENSG00000285600	CBD_vs_Eto	Up
1.4874174963518985	1.066292639286193	10.359485810017928	5.411477003718666e-7	9.053285889412739e-5	6.752509066243233	ENSG00000163808	CBD_vs_Eto	Up
3.008000224184487	2.637177200078729	10.293922484825098	5.766356551859151e-7	9.476478452101253e-5	6.689038541746221	ENSG00000101057	CBD_vs_Eto	Up
1.8511745537505653	3.9795526695719925	10.290607950639686	5.784954415628388e-7	9.476478452101253e-5	6.6858195849296305	ENSG00000087586	CBD_vs_Eto	Up
1.151271368366756	2.309783705697924	10.252989386720547	6.000644897470477e-7	9.728468212125848e-5	6.649216511904971	ENSG00000121957	CBD_vs_Eto	Up
2.121503797428071	2.5796841626681033	10.236456982522615	6.098175994894749e-7	9.785705683236207e-5	6.633090017050165	ENSG00000138160	CBD_vs_Eto	Up
2.0857528537081866	1.5565008095371606	10.198131502055116	6.330938374858215e-7	1.0002960792491904e-4	6.595610325405119	ENSG00000066279	CBD_vs_Eto	Up
2.2999087067707906	1.8682613415718676	10.193328719400736	6.360778832819474e-7	1.0002960792491904e-4	6.590904130929761	ENSG00000093009	CBD_vs_Eto	Up
1.7063513596516506	2.4569926149750123	10.160331993042748	6.569955899479944e-7	1.0229616482695208e-4	6.558514196273617	ENSG00000075702	CBD_vs_Eto	Up
2.6006117458946676	1.9036121961252885	10.076293957611838	7.137100963005375e-7	1.0896898033419662e-4	6.4755713104611985	ENSG00000186185	CBD_vs_Eto	Up
1.1575020392906694	7.0616564255817575	9.966541459885343	7.958972415573658e-7	1.2034884635318398e-4	6.366265825250105	ENSG00000189403	CBD_vs_Eto	Up
3.132507611223696	4.119868088118659	9.943957550760798	8.140482100841239e-7	1.2192116335031364e-4	6.343634445567471	ENSG00000167900	CBD_vs_Eto	Up
1.6970286145466575	1.6792869429982247	9.892352879700237	8.57227277906376e-7	1.2717694502222332e-4	6.291741246458951	ENSG00000231864	CBD_vs_Eto	Up
1.1936626439870759	3.6863259222174882	9.880821651504604	8.672107156591846e-7	1.274556608827695e-4	6.28011117906353	ENSG00000006704	CBD_vs_Eto	Up
1.547541870506431	2.0319041064807357	9.7280324510007	1.0120671732044653e-6	1.4601622353957268e-4	6.12481613339877	ENSG00000144554	CBD_vs_Eto	Up
1.0945265858276976	4.244330858225712	9.68730141195098	1.0549629409891467e-6	1.4979533736156993e-4	6.083038185601296	ENSG00000183688	CBD_vs_Eto	Up
1.8308393790921738	3.345076505329141	9.678788704514297	1.0641742251887711e-6	1.4979533736156993e-4	6.074286350076232	ENSG00000233966	CBD_vs_Eto	Up
1.2536296702756662	4.6473062912050525	9.587869309801869	1.1681676207740816e-6	1.61805832808946e-4	5.980371958129833	ENSG00000166582	CBD_vs_Eto	Up
2.588535268208157	5.185573058077415	9.564900628431241	1.1961442850165816e-6	1.6357013066235445e-4	5.956518378000331	ENSG00000164611	CBD_vs_Eto	Up
1.4672904615505904	2.065296109875071	9.503136279031771	1.2750335730996723e-6	1.7285498250487453e-4	5.892115876634904	ENSG00000092470	CBD_vs_Eto	Up
1.629375279440068	2.2035133578490274	9.433721604324278	1.3704665041797614e-6	1.8420475422846946e-4	5.819283345238899	ENSG00000188610	CBD_vs_Eto	Up
1.8140390113049802	3.699133129945343	9.41296274723909	1.4004857613120278e-6	1.85100632791513e-4	5.797408636384706	ENSG00000077942	CBD_vs_Eto	Up
1.8394722254979894	3.4517846191125643	9.390899299611876	1.4331727463371137e-6	1.8626507941237562e-4	5.7741116778098736	ENSG00000079616	CBD_vs_Eto	Up
1.671670235039047	3.5369966530878876	9.33782137803956	1.5152361812982744e-6	1.953164277630874e-4	5.717864820997383	ENSG00000165304	CBD_vs_Eto	Up
1.4059285845955172	2.1585772984045715	9.267244272648972	1.6323169427257163e-6	2.0814864135415982e-4	5.642630362629847	ENSG00000164087	CBD_vs_Eto	Up
1.231945632317096	5.735867687968039	9.262080830442127	1.641258522695906e-6	2.0814864135415982e-4	5.637106195756308	ENSG00000183010	CBD_vs_Eto	Up
2.710397188094966	2.9492323824932716	9.245125741618287	1.6709941209596399e-6	2.1022442836969037e-4	5.618947355980836	ENSG00000171848	CBD_vs_Eto	Up
1.5374791021048502	3.1947063548825727	9.181618621291493	1.7876556311863597e-6	2.2311644806378327e-4	5.550668239307585	ENSG00000166451	CBD_vs_Eto	Up
2.048450098510192	1.8710286561199205	9.168030093224743	1.8137433984628423e-6	0.00022458998963957997	5.536004472087365	ENSG00000167513	CBD_vs_Eto	Up
1.0732225576783705	4.164873972957831	9.116061723755985	1.9173752936083197e-6	2.3374142532778635e-4	5.47974674703438	ENSG00000177917	CBD_vs_Eto	Up
1.6352380311001702	2.3633561593569476	9.090248179414091	1.9712141301522233e-6	2.3663598023491498e-4	5.451697780144702	ENSG00000136943	CBD_vs_Eto	Up
2.088179347203597	4.25130654796015	9.080666764543006	1.9916117039973266e-6	2.3727337618986333e-4	5.441268853453291	ENSG00000134057	CBD_vs_Eto	Up
1.334853824890001	1.2267182152407259	8.991250082508147	2.193347885163654e-6	2.5740737941853454e-4	5.343476547728233	ENSG00000186193	CBD_vs_Eto	Up
1.1203245979056038	2.8912622655973577	8.96451434258913	2.2578747558874974e-6	2.630173215636058e-4	5.314071986726798	ENSG00000100749	CBD_vs_Eto	Up
1.6228756497464776	5.553167679375206	8.935185332051006	2.3310271953128176e-6	2.6757469834663776e-4	5.281727646384688	ENSG00000117632	CBD_vs_Eto	Up
1.2155426999891663	4.948497471335762	8.896039876608286	2.432679388697394e-6	2.732594004761087e-4	5.238414177515477	ENSG00000259781	CBD_vs_Eto	Up
1.650310364252237	3.087827726171735	8.853513496551075	2.5485635662605565e-6	2.8406142819468566e-4	5.191173044023683	ENSG00000235823	CBD_vs_Eto	Up
1.0008010119703934	2.0407555953340726	8.847661871506418	2.564970291469246e-6	2.8406142819468566e-4	5.184657390817577	ENSG00000020633	CBD_vs_Eto	Up
1.5161979518721531	2.8578069169925766	8.839639067117648	2.587650202849051e-6	2.8437741729628996e-4	5.175718156108614	ENSG00000123219	CBD_vs_Eto	Up
1.3915126431922236	1.1611953488925144	8.828382618422108	2.6198372363782894e-6	2.8437741729628996e-4	5.163164150614696	ENSG00000137310	CBD_vs_Eto	Up
1.4920284217621929	1.4109963603810696	8.827606159751172	2.6220733503727614e-6	2.8437741729628996e-4	5.162297681328525	ENSG00000138778	CBD_vs_Eto	Up
1.1661403109642703	1.8709700822057775	8.81830236979243	2.649028116897779e-6	2.8533298744064706e-4	5.151910265657365	ENSG00000138182	CBD_vs_Eto	Up
1.1360075665725633	5.632619073401547	8.80724544102438	2.6814517476346166e-6	2.868606134918502e-4	5.139553295726181	ENSG00000198830	CBD_vs_Eto	Up
1.8664386673759674	3.0553866436829034	8.787137251605264	2.7415211537361096e-6	2.8721848577009646e-4	5.117046756356212	ENSG00000013810	CBD_vs_Eto	Up
1.922525757448275	2.1301541930481482	8.782965149858176	2.7541656110532764e-6	2.8721848577009646e-4	5.112371519943061	ENSG00000127564	CBD_vs_Eto	Up
1.4784303400985879	1.778972073868566	8.775031677066146	2.778383772576955e-6	2.8745304741806054e-4	5.103476070823543	ENSG00000152253	CBD_vs_Eto	Up
1.2243787362137084	6.980757029290477	8.669804294965227	3.122307346720882e-6	3.1274780467855154e-4	4.9848364885096625	ENSG00000136068	CBD_vs_Eto	Up
1.1619837532709636	0.8134917664589423	8.651850724071512	3.1854460676553388e-6	3.1705268898701177e-4	4.964472652474747	ENSG00000267374	CBD_vs_Eto	Up
1.0615258429002896	3.7727581986715157	8.633213877456278	3.2524482901816738e-6	3.2098405491805417e-4	4.943295992497399	ENSG00000100242	CBD_vs_Eto	Up
1.2475924413941417	1.323849024807383	8.62955868678109	3.265766805728645e-6	3.2098405491805417e-4	4.939138149117893	ENSG00000258725	CBD_vs_Eto	Up
1.535419919509331	5.624135916415143	8.598505811632922	3.3813184013988486e-6	3.302771004993683e-4	4.903754952325331	ENSG00000176046	CBD_vs_Eto	Up
1.076430821155052	0.9776048686695504	8.53769352162747	3.620594426388313e-6	3.514658515393988e-4	4.834150100625061	ENSG00000165244	CBD_vs_Eto	Up
1.4862934187324512	1.4819610199491164	8.502576071221672	3.7670438100638845e-6	3.628951814321498e-4	4.793765860094366	ENSG00000051180	CBD_vs_Eto	Up
1.1944380068703697	1.349779092586404	8.498492271750665	3.784484913828855e-6	3.628951814321498e-4	4.789060552317258	ENSG00000285948	CBD_vs_Eto	Up
1.1103027368325464	3.4355892623876074	8.456633771665127	3.968363397169848e-6	3.7594266737284957e-4	4.740722764024406	ENSG00000133315	CBD_vs_Eto	Up
1.405840603099369	6.492111724232936	8.397187140838854	4.2462623410710525e-6	3.9986060823762496e-4	4.671731858214434	ENSG00000123975	CBD_vs_Eto	Up
2.275031740766436	2.429489971386258	8.380069643676729	4.3301233014808225e-6	4.0533047047075846e-4	4.651791205579512	ENSG00000112984	CBD_vs_Eto	Up
1.0383650130001092	1.1250707669852635	8.36603640440634	4.400206891483729e-6	4.094535714525037e-4	4.635418412228802	ENSG00000140534	CBD_vs_Eto	Up
1.0103305466598174	0.8997231288223455	8.344022632666096	4.512622947405357e-6	4.174441674758626e-4	4.609688984990727	ENSG00000231304	CBD_vs_Eto	Up
1.6526672139820733	2.204252994448181	8.337552485074765	4.54624966175046e-6	4.180954513490511e-4	4.602116140585762	ENSG00000035499	CBD_vs_Eto	Up
1.0485836618703894	3.8688555608897324	8.319440958085274	4.641824368264732e-6	4.244030814844836e-4	4.580892202658736	ENSG00000109685	CBD_vs_Eto	Up
1.1192874188628639	4.016550334206545	8.291848915857647	4.791617424894549e-6	4.33063078298228e-4	4.5484856211167894	ENSG00000293339	CBD_vs_Eto	Up
1.9656131236521428	1.7558342779523837	8.254606788284386	5.002122160911163e-6	4.474039472185023e-4	4.504604990642111	ENSG00000105011	CBD_vs_Eto	Up
1.243764415602323	1.9763708294677624	8.247646663835182	5.042557790657108e-6	4.480184396377044e-4	4.496386300466941	ENSG00000163507	CBD_vs_Eto	Up
1.1454306916251298	4.810569842237443	8.230525457714007	5.1435329364638115e-6	4.544224660608421e-4	4.47614509209078	ENSG00000143401	CBD_vs_Eto	Up
1.3698136719060776	2.2877211849770243	8.13181255864562	5.769897832298571e-6	4.931381158191703e-4	4.358773181491868	ENSG00000091651	CBD_vs_Eto	Up
1.7289209103778695	4.90625706960189	8.106349754732582	5.944485477818793e-6	5.02596659269776e-4	4.328310833890525	ENSG00000166508	CBD_vs_Eto	Up
1.567670808664682	1.6953286508925174	8.072061640214354	6.18863756219758e-6	5.176729484208465e-4	4.287168739638883	ENSG00000111247	CBD_vs_Eto	Up
1.2324171682676197	1.230159772881564	7.964639523596504	7.026144638684592e-6	5.660281598180355e-4	4.1573638863549895	ENSG00000197299	CBD_vs_Eto	Up
1.9898918892019044	1.7317923704177476	7.956945550959546	7.0906490833112674e-6	5.660281598180355e-4	4.14801353106327	ENSG00000161888	CBD_vs_Eto	Up
1.860671738508778	3.036691181179732	7.917610595591679	7.430544941516364e-6	5.761952812333504e-4	4.100098523841558	ENSG00000122952	CBD_vs_Eto	Up
1.6588828820226027	1.3635558321816472	7.8471275615839655	8.084298302901748e-6	6.171537626768587e-4	4.013770782156104	ENSG00000131153	CBD_vs_Eto	Up
1.079578990659937	2.7525602543105876	7.830358906364666	8.248787430749272e-6	6.217933220052242e-4	3.993143145926849	ENSG00000213853	CBD_vs_Eto	Up
1.009802257915641	3.7150686434598206	7.79575791253109	8.599703081843396e-6	6.368167983304941e-4	3.9504703281383247	ENSG00000244274	CBD_vs_Eto	Up
1.1675287412434563	2.0057323434979217	7.79329063464491	8.625332445910926e-6	6.368167983304941e-4	3.9474218519955926	ENSG00000162063	CBD_vs_Eto	Up
1.835823732577758	3.29648243876665	7.785582339005238	8.705935211900145e-6	6.39602689208948e-4	3.9378929387340715	ENSG00000100297	CBD_vs_Eto	Up
1.3949575263105933	1.6511918272451316	7.759122747412686	8.988841417186446e-6	6.48433578562725e-4	3.905128100229371	ENSG00000143476	CBD_vs_Eto	Up
1.3092222626801133	2.2334416390687974	7.753156597356975	9.053989294177e-6	6.501508476722718e-4	3.8977282802995603	ENSG00000242282	CBD_vs_Eto	Up
1.9704807315437574	2.684861747642075	7.746893196027111	9.122930338444602e-6	6.521236477380901e-4	3.889955039607729	ENSG00000146670	CBD_vs_Eto	Up
1.1988138559019361	2.611509690489951	7.735052076185456	9.254814127974645e-6	6.585574976313541e-4	3.8752462522778988	ENSG00000184445	CBD_vs_Eto	Up
1.1654114369604625	1.5673525133076418	7.724689246002892	9.371917763413159e-6	6.5920888703553e-4	3.862359498106086	ENSG00000100479	CBD_vs_Eto	Up
1.1079824245746979	1.3709663612447875	7.656631448282104	1.0181761172216023e-5	7.116372275300851e-4	3.7773937804257702	ENSG00000085840	CBD_vs_Eto	Up
1.0508722037717328	2.881521973770285	7.614011633361089	1.0727042743156281e-5	7.271270438744641e-4	3.7238908752465782	ENSG00000186153	CBD_vs_Eto	Up
1.5625205220872067	2.6717986600973624	7.603180359717087	1.0870571474137015e-5	7.336935922844579e-4	3.7102574503636685	ENSG00000198056	CBD_vs_Eto	Up
1.1256019883095298	2.607880344664726	7.559111850502361	1.1476204520433595e-5	7.551246539261034e-4	3.6546355257967384	ENSG00000184661	CBD_vs_Eto	Up
4.050563965941048	3.282492568202565	7.535725688125288	1.1812259624554824e-5	7.615031767029405e-4	3.625018511382745	ENSG00000274430	CBD_vs_Eto	Up
1.0395975733691625	0.887044492488088	7.532387184609509	1.1861090481318925e-5	7.615031767029405e-4	3.6207848648298437	ENSG00000186871	CBD_vs_Eto	Up
1.6137915772392697	2.3865431812564024	7.522796258928417	1.2002584748890503e-5	7.672871860205368e-4	3.6086144829601032	ENSG00000101412	CBD_vs_Eto	Up
1.1462830373693083	1.6723778357077899	7.515601637878609	1.210991805713446e-5	7.7101445897367e-4	3.5994772161607926	ENSG00000161692	CBD_vs_Eto	Up
1.4448382490485072	1.2262087369209256	7.468924611731975	1.2831843124496895e-5	8.007681149834847e-4	3.5400366810513386	ENSG00000165480	CBD_vs_Eto	Up
1.1763784859864588	7.0984229510432515	7.457491305269294	1.3015644416960405e-5	8.039183235808179e-4	3.5254346198509445	ENSG00000122861	CBD_vs_Eto	Up
1.4346070478107484	1.6051712324781675	7.408551400378283	1.3835014160951048e-5	8.386330124584468e-4	3.4627416793980537	ENSG00000285077	CBD_vs_Eto	Up
1.2614191001502568	1.8771104318085292	7.396610902023573	1.4043232195439541e-5	8.461450938907365e-4	3.4473989842752673	ENSG00000127586	CBD_vs_Eto	Up
1.7366658025721913	4.4486833307158005	7.38957770319107	1.416745166171828e-5	8.503715451609987e-4	3.4383532293672943	ENSG00000258315	CBD_vs_Eto	Up
1.142439261755536	2.741739200914556	7.332177091317463	1.5226535914830452e-5	9.00197382694074e-4	3.3642885879817275	ENSG00000149503	CBD_vs_Eto	Up
1.035881567803456	3.0772242467594744	7.325113995798037	1.5362624467256215e-5	9.048413197455851e-4	3.355145526121751	ENSG00000125885	CBD_vs_Eto	Up
1.674477901041703	1.4023720137867135	7.32147447129255	1.5433259070958333e-5	9.056098214548163e-4	3.350431693612242	ENSG00000174371	CBD_vs_Eto	Up
1.7228754380457565	2.3049254333817166	7.314233835027134	1.5574822934129136e-5	9.071469091189437e-4	3.3410486650791213	ENSG00000179750	CBD_vs_Eto	Up
1.3913394193113047	1.5803802066758645	7.283564692604216	1.619010735382386e-5	9.360501038464487e-4	3.3012293999635034	ENSG00000151725	CBD_vs_Eto	Up
3.1218886264522805	5.009990169776748	7.274057422144669	1.638610708160481e-5	9.439117947447517e-4	3.2888607628833757	ENSG00000092621	CBD_vs_Eto	Up
1.4153918211213776	3.5717196959490325	7.253947153850285	1.6809147918568115e-5	9.612387642450988e-4	3.2626591105606852	ENSG00000113810	CBD_vs_Eto	Up
1.9428834916894735	1.6447914738618508	7.247225275067197	1.695315461812252e-5	9.659612663934593e-4	3.2538893935988202	ENSG00000154839	CBD_vs_Eto	Up
1.0892619471573937	2.5672088002845665	7.21666039184452	1.7624888190204123e-5	9.898892559969644e-4	3.2139382137497456	ENSG00000166881	CBD_vs_Eto	Up
1.2978989201091364	6.346020747104733	7.204210324172685	1.7906654488368626e-5	9.97140517804691e-4	3.1976296767259047	ENSG00000167601	CBD_vs_Eto	Up
1.3036599570371163	3.804256480388261	7.19720949694837	1.8067217667437058e-5	0.0010004403698525182	3.1884502374360704	ENSG00000289754	CBD_vs_Eto	Up
1.1056260706058834	4.208008719259948	7.179907906374612	1.8470699886746778e-5	0.0010096090408354503	3.1657368431094746	ENSG00000259952	CBD_vs_Eto	Up
1.478801110965661	2.604394006702253	7.179107561134064	1.84895970851208e-5	0.0010096090408354503	3.1646852021655523	ENSG00000094804	CBD_vs_Eto	Up
1.5571378817847281	1.861521357298699	7.166238224601336	1.8796327827316682e-5	0.0010228064062712185	3.147763503212831	ENSG00000127528	CBD_vs_Eto	Up
1.0714634438002457	1.3083283749806396	7.124796241026993	1.9821777127071447e-5	0.0010460310976520993	3.0931234308590874	ENSG00000177602	CBD_vs_Eto	Up
1.1437206222747531	3.668804707082592	7.1159600961646365	2.0048097542009607e-5	0.0010509212731521437	3.081443827804323	ENSG00000163918	CBD_vs_Eto	Up
1.3319337341454691	4.083165697623127	7.101468371952696	2.0425303887668974e-5	0.0010666404387731305	3.0622662697131418	ENSG00000119403	CBD_vs_Eto	Up
1.1936912717352077	1.7735976702601512	7.097058391969463	2.0541598678704656e-5	0.0010666404387731305	3.056424809642822	ENSG00000163535	CBD_vs_Eto	Up
1.0188050855022772	3.4121761323461075	6.985947133858163	2.371927792865043e-5	0.0011955428355960149	2.9083912052140413	ENSG00000128944	CBD_vs_Eto	Up
1.4291288423589923	1.3754410813412932	6.965945710518831	2.434538971324852e-5	0.0012231808262956748	2.8815677209911144	ENSG00000178752	CBD_vs_Eto	Up
1.2261104817373067	3.10067111269429	6.950107243318071	2.4853768247175705e-5	0.0012447463676913538	2.8602889068230386	ENSG00000111445	CBD_vs_Eto	Up
1.3801827388894008	2.3990214996751957	6.938983746448238	2.52176109778586e-5	0.0012549751589803935	2.8453244030377434	ENSG00000230176	CBD_vs_Eto	Up
1.0404176272613643	4.03389312808372	6.93070444942252	2.5492130478595365e-5	0.001258472629521228	2.834175384516083	ENSG00000132182	CBD_vs_Eto	Up
1.0731372781857762	0.8452251308867832	6.906075281562221	2.632789647048741e-5	0.001281834364999644	2.800954666926147	ENSG00000137812	CBD_vs_Eto	Up
1.3931622699606105	2.227238165906511	6.866811244326117	2.7721667827452814e-5	0.0013250788700745377	2.7478241241740697	ENSG00000112029	CBD_vs_Eto	Up
1.0812159535304438	3.6147872366230667	6.840589561129328	2.8696423670538198e-5	0.0013592769838641073	2.7122254515836843	ENSG00000123485	CBD_vs_Eto	Up
1.3290748142033775	2.417365777545796	6.82004248936671	2.948591277875901e-5	0.0013800460248772745	2.6842652769783406	ENSG00000224126	CBD_vs_Eto	Up
1.0425102942788866	4.294688312770407	6.790243408439003	3.0672560152649797e-5	0.0014145357212919962	2.6436127930871454	ENSG00000131652	CBD_vs_Eto	Up
1.3603210779942316	1.4356490198788687	6.786051805337297	3.084354314391324e-5	0.0014182618698280105	2.637884796219259	ENSG00000171320	CBD_vs_Eto	Up
1.5283996626990506	2.9564228711768443	6.779919062440607	3.1095552722178424e-5	0.0014215368084563311	2.62949982317965	ENSG00000071539	CBD_vs_Eto	Up
1.1463740861872642	5.196727480050793	6.766861117791647	3.163952085524832e-5	0.0014388132528651587	2.6116292443361893	ENSG00000139289	CBD_vs_Eto	Up
1.1507329645753734	3.0298803010427324	6.721341217615473	3.3616995232850265e-5	0.0014976228527813125	2.5491497564417713	ENSG00000188290	CBD_vs_Eto	Up
1.0281048641100465	2.437628021016531	6.712629301820322	3.401034481627819e-5	0.001502378321856154	2.5371595489525856	ENSG00000134222	CBD_vs_Eto	Up
1.49087149256317	2.8065388543155407	6.663438112061606	3.6325949082764116e-5	0.0015714177071185931	2.4692615519454044	ENSG00000156802	CBD_vs_Eto	Up
1.3600608224180168	1.7904062240180791	6.642638636831529	3.735537416773496e-5	0.0015834248360156334	2.440451812429167	ENSG00000272636	CBD_vs_Eto	Up
1.0001060402329927	5.766940350703255	6.612057183481254	3.89261014700727e-5	0.0016324049912489688	2.3979841298678934	ENSG00000147408	CBD_vs_Eto	Up
1.3088626431634278	3.5423019013080115	6.5866875772058275	4.0282845351998056e-5	0.001667073752646109	2.3626555747254727	ENSG00000132967	CBD_vs_Eto	Up
1.4108658288460987	1.484251361192825	6.54478597505624	4.263585310001644e-5	0.0017307784187264841	2.3041093623390196	ENSG00000080986	CBD_vs_Eto	Up
1.0298897284024222	3.399740695935108	6.539846633155892	4.29227765040906e-5	0.0017307784187264841	2.297191848344065	ENSG00000245694	CBD_vs_Eto	Up
1.0857031225585163	2.012852311006932	6.484268481128565	4.6297674605077645e-5	0.0018156539422430201	2.2191202035846587	ENSG00000167670	CBD_vs_Eto	Up
1.4886920919224158	1.6153612571277312	6.39825115326628	5.209326160624833e-5	0.0019786636384465633	2.097436802752558	ENSG00000139354	CBD_vs_Eto	Up
1.1395210612571058	2.884302913008199	6.385174308229946	5.304028920733211e-5	0.0019859799716059638	2.078846694779898	ENSG00000246985	CBD_vs_Eto	Up
1.1642004706367777	2.7122298483441907	6.375045423320507	5.3786480226292004e-5	0.002001668244066752	2.0644308574232486	ENSG00000205309	CBD_vs_Eto	Up
1.2318336393473732	3.1022248377419324	6.373847399774293	5.3875478123249897e-5	0.002001668244066752	2.062724825229928	ENSG00000221829	CBD_vs_Eto	Up
1.136497463499549	1.4288429471330668	6.326604325266725	5.7513727510408405e-5	0.0020697045282120886	1.9952872935737567	ENSG00000278023	CBD_vs_Eto	Up
1.1178750102054202	2.712626987910142	6.288409815261483	6.06471979451556e-5	0.002110039457711321	1.9405354465081857	ENSG00000149929	CBD_vs_Eto	Up
2.931765131914995	2.9192058582139935	6.269399301571633	6.227441584702013e-5	0.0021276914278197854	1.9132068054048474	ENSG00000276150	CBD_vs_Eto	Up
1.1461878474333533	2.7293426936998535	6.2687619534028345	6.232977242595456e-5	0.0021276914278197854	1.9122896946278694	ENSG00000179242	CBD_vs_Eto	Up
1.0451600115694282	5.829647078183686	6.140646482208587	7.460110239333878e-5	0.002388472670374856	1.7267649995288785	ENSG00000131016	CBD_vs_Eto	Up
1.4144744943357765	1.2992210559551665	6.1230903457426775	7.647436701749415e-5	0.002427601226358218	1.7011595269417548	ENSG00000065328	CBD_vs_Eto	Up
2.778122814161407	3.414915951922163	6.102624193567116	7.872176461240722e-5	0.0024702031177907297	1.6712541977329156	ENSG00000166803	CBD_vs_Eto	Up
1.2007746875908198	3.3396156444232465	6.101448610734089	7.885298010498195e-5	0.0024702031177907297	1.6695346057198535	ENSG00000131094	CBD_vs_Eto	Up
1.058750925704654	2.2823692528174875	6.037705625108181	8.632954119637518e-5	0.002656787406759679	1.5759978072684913	ENSG00000177084	CBD_vs_Eto	Up
1.1552473748556276	0.7663078063789666	5.965305852105523	9.57496129303906e-5	0.002847475094998929	1.4690510326617865	ENSG00000085999	CBD_vs_Eto	Up
12.79808206204447	7.9555958713326	5.9511563569528185	9.77155885839013e-5	0.0028788142427138247	1.448061841330512	ENSG00000229344	CBD_vs_Eto	Up
2.1077381537061504	5.500730477607061	5.905273993665523	1.0439244521429937e-4	0.003028921759114524	1.379802361428979	ENSG00000100889	CBD_vs_Eto	Up
1.1257165778877782	4.9633148388108514	5.902940258840282	1.0474480581872964e-4	0.0030324462942566592	1.376322351128449	ENSG00000263585	CBD_vs_Eto	Up
1.3256003013059807	5.334985189399884	5.901044633153157	1.0503195171163892e-4	0.0030324462942566592	1.3734950616073132	ENSG00000257453	CBD_vs_Eto	Up
1.1167469410069213	2.7741047506445478	5.8932620394013	1.0621967233252557e-4	0.003053767033091951	1.3618820481296687	ENSG00000101447	CBD_vs_Eto	Up
1.2372222664402508	3.0061990251393307	5.879514254239327	1.0835289067968362e-4	0.0030981046524158266	1.3413465921837453	ENSG00000133119	CBD_vs_Eto	Up
1.0765759190556385	0.992512797546725	5.8758192589737765	1.0893399227728215e-4	0.0030999499491848673	1.335822630847277	ENSG00000284946	CBD_vs_Eto	Up
1.3192794553415004	4.5808392480158835	5.872194816252324	1.0950722748996519e-4	0.0030999499491848673	1.3304022333963772	ENSG00000163923	CBD_vs_Eto	Up
1.1208581925511971	2.6932658283255635	5.859494470558597	1.1154140484762882e-4	0.0031267382043383436	1.311393776969659	ENSG00000164758	CBD_vs_Eto	Up
1.1858449344850448	1.3979785598891863	5.833093444694422	1.1590001679678048e-4	0.003199217117226528	1.271805282196544	ENSG00000253917	CBD_vs_Eto	Up
1.156610985587493	5.035602669932698	5.760005233871744	1.2894063978022136e-4	0.0034525691307243198	1.1616847928113128	ENSG00000114346	CBD_vs_Eto	Up
1.2864417647812008	2.399404745868589	5.696201769249762	1.416050375048379e-4	0.0036333819265235417	1.0649234042546976	ENSG00000012048	CBD_vs_Eto	Up
1.1850704922308912	4.22915990351642	5.693471647396182	1.4217567225428335e-4	0.003641457038877622	1.060769922691998	ENSG00000138678	CBD_vs_Eto	Up
1.4842039608529864	1.9222206135184718	5.690724399134925	1.4275235861166e-4	0.003650282262645472	1.0565893002159328	ENSG00000128564	CBD_vs_Eto	Up
1.0660825075529636	2.5151480608337784	5.630015802021406	1.5615255161118523e-4	0.0038610928091784573	0.9639281667960979	ENSG00000276043	CBD_vs_Eto	Up
1.1025184145984965	1.9080278464784164	5.604972473768997	1.620648189793132e-4	0.003928516282197566	0.9255490064119263	ENSG00000109674	CBD_vs_Eto	Up
12.825354572762002	8.094464958317916	5.56206595585527	1.7275473092568159e-4	0.004092686701911641	0.8595841948990071	ENSG00000237973	CBD_vs_Eto	Up
1.1978887271490786	3.3652403836195983	5.528367195432449	1.816757755070079e-4	0.004245220275814571	0.8075895284121817	ENSG00000188486	CBD_vs_Eto	Up
15.338994890662702	9.793209898524832	5.50330226066933	1.8862829473771474e-4	0.004336796144803073	0.7688102112809148	ENSG00000278791	CBD_vs_Eto	Up
1.0021304004654832	5.466677223340639	5.499300457478474	1.8976424887062965e-4	0.004344576088245139	0.7626104390935264	ENSG00000130669	CBD_vs_Eto	Up
1.0622103865912431	2.1136209779747435	5.463215161109735	2.0034194756194128e-4	0.004447701778539987	0.7066015221058244	ENSG00000235092	CBD_vs_Eto	Up
1.3381116316814134	2.6797391288515726	5.448387644784129	2.0486838096131656e-4	0.00449966502653305	0.6835331325968301	ENSG00000175643	CBD_vs_Eto	Up
1.8680341789428137	2.38363900557874	5.409836837046892	2.1715294869322508e-4	0.004703784120040851	0.6234088442947989	ENSG00000185885	CBD_vs_Eto	Up
1.263251365511779	3.9107912412318275	5.36150578057639	2.3366956387274097e-4	0.004952409112483456	0.5477304089567063	ENSG00000120699	CBD_vs_Eto	Up
11.619483322548003	7.6096370117462	5.325542851909735	2.4682263778190585e-4	0.005088167084499018	0.49120175648866393	ENSG00000198744	CBD_vs_Eto	Up
10.405992227990337	6.669128660109886	5.302953374707711	2.554845134170537e-4	0.005184192849027854	0.4555999535833175	ENSG00000225630	CBD_vs_Eto	Up
1.0959018326108299	1.7650518902455419	5.292337810529505	2.5966587612916896e-4	0.005241984041087691	0.43884435368304864	ENSG00000160957	CBD_vs_Eto	Up
1.2080352511941375	1.495727127839908	5.288684731035025	2.611215252456798e-4	0.00526461167437636	0.43307462662778473	ENSG00000165490	CBD_vs_Eto	Up
11.508883087007	7.401220336218609	5.284741091427085	2.627026747906856e-4	0.0052829440713022015	0.42684385405337455	ENSG00000248527	CBD_vs_Eto	Up
1.2874274870477826	7.974329327388005	5.266852022106701	2.700036359628934e-4	0.0053604550050896605	0.3985521725321215	ENSG00000168209	CBD_vs_Eto	Up
1.2982508891458933	3.374454924837713	5.259545773334843	2.7304710852003123e-4	0.005380875725045127	0.38698421759559576	ENSG00000160200	CBD_vs_Eto	Up
11.118210666552272	7.170662041129858	5.174023856465878	3.115041518696697e-4	0.005902065412412562	0.25101555130113784	ENSG00000240409	CBD_vs_Eto	Up
1.251535048142764	3.2123476626218577	5.1662498175667615	3.152740072064491e-4	0.005930620858048587	0.23860463947227117	ENSG00000274276	CBD_vs_Eto	Up
1.0230381525779517	1.7363929726135927	5.147844731256846	3.2439314547309643e-4	0.006047591549915923	0.20918782935524227	ENSG00000167550	CBD_vs_Eto	Up
9.873801959440286	6.382075856247416	5.115422238677879	3.4114371028209884e-4	0.006238169753367775	0.15725132569052747	ENSG00000225972	CBD_vs_Eto	Up
1.1969217185738787	1.4750381646252826	5.109373960218027	3.4436856518231957e-4	0.006275249195894737	0.14754648797434733	ENSG00000268942	CBD_vs_Eto	Up
1.6939894816318555	7.061102353846652	5.105255079479774	3.4658315529861926e-4	0.00628172813593479	0.14093455894487406	ENSG00000090861	CBD_vs_Eto	Up
1.1682102179469838	2.6568677692111726	5.037799653546215	3.8507860398233665e-4	0.006811862909140862	0.03231345378511996	ENSG00000161243	CBD_vs_Eto	Up
1.0347891563265157	1.5698022545304904	5.025491698626553	3.925777937153451e-4	0.0068749202494070355	0.012426158278156407	ENSG00000142552	CBD_vs_Eto	Up
1.0764055982997096	2.4022091879929626	5.010545317467009	4.018927975403151e-4	0.007006836068868065	-0.011752520677302591	ENSG00000140025	CBD_vs_Eto	Up
1.053180164495447	2.335379004840636	4.953024706091114	4.39980086040481e-4	0.007423955829477043	-0.10509062280477632	ENSG00000185480	CBD_vs_Eto	Up
1.2101643777448237	4.238996949052191	4.830831810923651	5.341222564878032e-4	0.008458818333864242	-0.3048699357108706	ENSG00000126453	CBD_vs_Eto	Up
1.0591244922463858	1.0201003007898721	4.773799791497237	5.851339343648645e-4	0.009003734101586947	-0.39880196097123033	ENSG00000215158	CBD_vs_Eto	Up
1.1052232202638965	1.4146332661746477	4.683027851380974	6.771922521145583e-4	0.009890158546946736	-0.5491892810553587	ENSG00000225976	CBD_vs_Eto	Up
1.3416989494331732	1.835062729925225	4.657550643069912	7.056863470653788e-4	0.010153360927676255	-0.5915916745916858	ENSG00000104147	CBD_vs_Eto	Up
1.4107148048761955	6.56503922539033	4.655632641001854	7.078819475689124e-4	0.01016634840864723	-0.594787241456693	ENSG00000187840	CBD_vs_Eto	Up
1.0341894448977333	4.046929272664069	4.604150842222966	7.695826424915104e-4	0.010850993539078908	-0.6807364408943011	ENSG00000151743	CBD_vs_Eto	Up
2.474410969927603	6.009887299572753	4.598124731178423	7.771663238961166e-4	0.010883096713793703	-0.6908191083387969	ENSG00000070669	CBD_vs_Eto	Up
1.0673208681707684	1.9410939259799989	4.516470163823209	8.880390600762242e-4	0.011845040083764802	-0.8278892996657845	ENSG00000259316	CBD_vs_Eto	Up
1.54776312203221	7.1675003502246755	4.496613245894198	9.174366396535361e-4	0.012113861121067599	-0.8613471554111305	ENSG00000138166	CBD_vs_Eto	Up
1.4987233318361248	8.249139152481286	4.49342483046513	9.222514142661547e-4	0.012115474249637876	-0.8667239631048336	ENSG00000137309	CBD_vs_Eto	Up
1.1952793876722445	2.231007734605964	4.411000883990592	0.0010563812417993255	0.013247728395961875	-1.0061463396921955	ENSG00000224174	CBD_vs_Eto	Up
1.085644888634793	0.5569119496776654	4.279287472309337	0.0013148197922334868	0.015316189668639861	-1.230595977011892	ENSG00000263968	CBD_vs_Eto	Up
1.3000462709164844	4.169203923030815	4.24223225293547	0.0013988840397929645	0.016022469344343888	-1.2940932746523988	ENSG00000157514	CBD_vs_Eto	Up
1.1011033740747367	5.720447795390152	4.219210394718544	0.0014539257300326591	0.016425600596618965	-1.3336185514270529	ENSG00000184897	CBD_vs_Eto	Up
1.0529979711736432	4.226365749800066	4.212704191760845	0.0014698878345419002	0.016534661005726696	-1.3447991157942187	ENSG00000257698	CBD_vs_Eto	Up
1.1307089825676933	3.2056505353032976	4.172961370616878	0.0015714500176606308	0.017354370068631376	-1.4131925462402402	ENSG00000164949	CBD_vs_Eto	Up
1.0779912071614026	2.696072277917819	4.144492108604134	0.0016486891773028387	0.017930364907030174	-1.4622867193318179	ENSG00000121621	CBD_vs_Eto	Up
1.0174598013164036	2.9867823510053824	4.143516659086083	0.0016514048126206832	0.017935077405575182	-1.4639703229100016	ENSG00000080031	CBD_vs_Eto	Up
2.4021348031420513	1.4891830572108258	4.115372558813933	0.0017318011543502607	0.018615382743207246	-1.5125880085739603	ENSG00000206760	CBD_vs_Eto	Up
1.1945257053760039	3.735790021373525	4.103251872892371	0.0017676728397283401	0.01887197764940114	-1.5335504976042804	ENSG00000139514	CBD_vs_Eto	Up
1.2753401714315897	7.185662550613026	4.072977865364918	0.0018606946728032985	0.019585866415331103	-1.5859722462019263	ENSG00000105281	CBD_vs_Eto	Up
1.535524966885263	3.08481324721423	4.000577387514599	0.002104434104943214	0.02115060295382897	-1.7116959016544824	ENSG00000115902	CBD_vs_Eto	Up
1.3592975630030235	3.1447478840980057	3.980410182679524	0.0021780836820884017	0.02156961208093338	-1.7468028954234196	ENSG00000072041	CBD_vs_Eto	Up
1.4020644749074367	4.601892830749044	3.917280299999356	0.002426447963264624	0.023224784339804915	-1.8569317384934303	ENSG00000103089	CBD_vs_Eto	Up
1.020510882205107	6.4129406676196465	3.9140166634591007	0.0024400613903611456	0.023298363949495676	-1.8626344018962735	ENSG00000003436	CBD_vs_Eto	Up
1.0487505027712163	2.886455249292405	3.8729406821158827	0.0026183397399355433	0.0243645034025008	-1.9344832241768257	ENSG00000076864	CBD_vs_Eto	Up
1.5741466673842335	2.5554159717068465	3.7937283445665266	0.003001313104307929	0.026696068935716338	-2.0734147325617505	ENSG00000111981	CBD_vs_Eto	Up
1.4517551002061149	7.027613891682017	3.7747004916099716	0.003101670829248386	0.027173411621540775	-2.1068573914270736	ENSG00000065911	CBD_vs_Eto	Up
1.8862405890625258	3.4458318558627994	3.7634763416503145	0.003162492308350135	0.027522608766526967	-2.1265965351996154	ENSG00000290318	CBD_vs_Eto	Up
1.0005037784997268	2.5516040051161593	3.744375172936377	0.003268849939043688	0.028083363162122302	-2.160208401176167	ENSG00000251503	CBD_vs_Eto	Up
1.0411587337738388	4.153390135863856	3.7164035630628907	0.0034313170660291185	0.02876009613580389	-2.2094733399618196	ENSG00000106665	CBD_vs_Eto	Up
1.352002545718097	3.623111400802881	3.6784397705301615	0.003665272558411617	0.029896305110778575	-2.276416674773566	ENSG00000088002	CBD_vs_Eto	Up
1.5433718062208839	4.538863838199119	3.6726019405471155	0.0037026838846576783	0.030091040937001858	-2.286718589307874	ENSG00000183696	CBD_vs_Eto	Up
1.0375112489394698	2.329399265654416	3.6581465751250675	0.003797025621377786	0.030556770620489462	-2.3122363295754402	ENSG00000213347	CBD_vs_Eto	Up
1.058405492696366	5.793905591340855	3.467154740685445	0.0053038554080694165	0.03753754732101694	-2.6503727453613575	ENSG00000128342	CBD_vs_Eto	Up
1.0548320678571539	7.422133195774282	3.4513383677479066	0.005453457535612885	0.0380807030157215	-2.6784406807537158	ENSG00000186907	CBD_vs_Eto	Up
1.014015696051913	4.030360921247734	3.450031312043952	0.005466012537257282	0.03811907457246475	-2.680760545342406	ENSG00000130433	CBD_vs_Eto	Up
1.475612388816694	2.8654818991003976	3.418663870221797	0.005776367804492596	0.03956409411735652	-2.7364486217749313	ENSG00000130600	CBD_vs_Eto	Up
1.0941681697880092	3.4443338463603705	3.4154842362656126	0.005808819289929515	0.03969155050206193	-2.7420950516930693	ENSG00000228716	CBD_vs_Eto	Up
1.0342170399890795	0.8960972440573756	3.4137240685604615	0.005826863863853803	0.03975412630063554	-2.7452208866034864	ENSG00000015413	CBD_vs_Eto	Up
1.0613868295626285	3.0389799665762176	3.4073583251039703	0.005892603602404495	0.04004675669164716	-2.7565262758319493	ENSG00000216866	CBD_vs_Eto	Up
1.2276273887300595	0.9474284800260466	3.3978308835314857	0.005992416345631472	0.040427601652252475	-2.7734485480823716	ENSG00000291215	CBD_vs_Eto	Up
1.0752080634756487	5.878851030358941	3.3966794730208276	0.0060045955642011985	0.04047504065264811	-2.7754937790358367	ENSG00000275719	CBD_vs_Eto	Up
1.315685100282554	9.841153634613576	3.305538869392013	0.007053571212226578	0.04474564779486695	-2.9374591375950754	ENSG00000173812	CBD_vs_Eto	Up
1.294443630448682	7.051076802382438	3.266897430811055	0.0075531234631687275	0.0468746722895783	-3.0061551089089997	ENSG00000166986	CBD_vs_Eto	Up
1.1055128675748187	1.5490334603424132	3.2393869238795636	0.007930621023978275	0.04832117250022563	-3.055064451009335	ENSG00000130775	CBD_vs_Eto	Up
2.5991417607907494	1.1048586834777634	3.2358476762196835	0.007980561514472484	0.04853160857561883	-3.061356559381681	ENSG00000201129	CBD_vs_Eto	Up
