Ensembl_ID,Entrez_ID,Gene_Symbol,logFC
ENSG00000157456,9133,CCNB2,3.55117138771209
ENSG00000117650,4751,NEK2,3.473479811396877
ENSG00000145386,890,CCNA2,2.6773257412329734
ENSG00000131747,7153,TOP2A,3.428840135989601
ENSG00000115163,1058,CENPA,3.1062757869640385
ENSG00000166851,5347,PLK1,3.508058006741398
ENSG00000169679,699,BUB1,2.893319593602096
ENSG00000198901,9055,PRC1,3.1289949952367744
ENSG00000089685,332,BIRC5,3.7932292501939457
ENSG00000138180,55165,CEP55,2.366447126480578
ENSG00000143228,83540,NUF2,2.9356195601751147
ENSG00000126787,9787,DLGAP5,3.297520197509397
ENSG00000237649,3833,KIFC1,2.689647890423923
ENSG00000068489,55771,PRR11,3.2956263562378023
ENSG00000118193,9928,KIF14,2.030154061381649
ENSG00000252774,124900364,LOC124900364,-1.7374368018739303
ENSG00000178999,9212,AURKB,3.520915631102226
ENSG00000158402,995,CDC25C,2.2223998074212736
ENSG00000090889,24137,KIF4A,2.5352952202030403
ENSG00000142945,11004,KIF2C,2.950252588404131
ENSG00000265415,,PRR11-AS1,2.725266702587649
ENSG00000135451,10024,TROAP,3.787312084078712
ENSG00000100162,79019,CENPM,2.313610639328316
ENSG00000168078,55872,PBK,3.21662870817507
ENSG00000170312,983,CDK1,3.066193757614928
ENSG00000153044,64946,CENPH,1.9163824244465208
ENSG00000175063,11065,UBE2C,4.125476763165847
ENSG00000263513,554282,FAM72C,2.096648247022749
ENSG00000121211,84057,MND1,2.37291922091899
ENSG00000129810,151648,SGO1,2.3611191561878817
ENSG00000072571,3161,HMMR,2.8724492046003665
ENSG00000134690,55143,CDCA8,2.459036827487596
ENSG00000146918,54892,NCAPG2,1.8978364396481129
ENSG00000117399,991,CDC20,3.5920171349793684
ENSG00000129195,54478,PIMREG,2.899429166506945
ENSG00000164938,94241,TP53INP1,-1.50508361658111
ENSG00000215784,728833,FAM72D,2.011377148645894
ENSG00000137807,9493,KIF23,1.8605810643130547
ENSG00000104889,10535,RNASEH2A,1.970886689094468
ENSG00000111665,83461,CDCA3,2.566198577404191
ENSG00000024526,55635,DEPDC1,2.23282449276394
ENSG00000137804,51203,NUSAP1,2.0717666659436227
ENSG00000117724,1063,CENPF,2.535427647886429
ENSG00000164109,4085,MAD2L1,1.7439263343955436
ENSG00000198753,5365,PLXNB3,-1.534117224916986
ENSG00000135476,9700,ESPL1,1.674396372830426
ENSG00000198826,9824,ARHGAP11A,2.2055935289674564
ENSG00000113368,4001,LMNB1,2.0691833297295275
ENSG00000183856,128239,IQGAP3,2.0401932179144007
ENSG00000169607,150468,CKAP2L,2.0832594485698164
ENSG00000112742,7272,TTK,2.381626536054551
ENSG00000173207,1163,CKS1B,2.329714329801609
ENSG00000075218,51512,GTSE1,2.1990717423179342
ENSG00000065357,1606,DGKA,-1.2828028332286854
ENSG00000171241,79801,SHCBP1,2.197752161637561
ENSG00000135919,5270,SERPINE2,-1.581967182602802
ENSG00000100526,1033,CDKN3,2.0975089047351463
ENSG00000114268,5210,PFKFB4,-1.7707791549954035
ENSG00000142731,10733,PLK4,1.6334608622605644
ENSG00000187634,148398,SAMD11,1.9861358161804488
ENSG00000154920,146956,EME1,1.6935266823749908
ENSG00000088325,22974,TPX2,2.299796018456871
ENSG00000203760,387103,CENPW,1.8372310672937804
ENSG00000156970,701,BUB1B,2.3427704733536934
ENSG00000122966,11113,CIT,1.84677535692795
ENSG00000076382,10615,SPAG5,2.501623524753068
ENSG00000111206,2305,FOXM1,2.4461642729521094
ENSG00000011426,54443,ANLN,2.811316225127694
ENSG00000136982,79075,DSCC1,1.278361157936519
ENSG00000164032,3015,H2AZ1,1.2281802507271031
ENSG00000140525,55215,FANCI,1.6709623703892968
ENSG00000249156,112488739,TAF11L12,-1.0601556958969482
ENSG00000010292,9918,NCAPD2,1.5736371949376229
ENSG00000108106,27338,UBE2S,1.8626599791372431
ENSG00000140451,80119,PIF1,1.4381157579299435
ENSG00000121152,23397,NCAPH,1.929137972334204
ENSG00000136938,10541,ANP32B,1.1938439472940878
ENSG00000135679,4193,MDM2,-1.570772350091597
ENSG00000142856,23421,ITGB3BP,1.4727893125170497
ENSG00000102384,2491,CENPI,1.53484401814045
ENSG00000106268,4521,NUDT1,1.4220311941811312
ENSG00000148773,4288,MKI67,2.8423112033774656
ENSG00000109805,64151,NCAPG,2.084230829319778
ENSG00000164104,3148,HMGB2,3.3329840792810748
ENSG00000161800,29127,RACGAP1,1.5946807696498473
ENSG00000196562,55959,SULF2,-1.1536355489448669
ENSG00000145040,90226,UCN2,-1.7753371054173503
ENSG00000006634,10926,DBF4,1.307319562770994
ENSG00000073111,4171,MCM2,1.5022663631778908
ENSG00000139734,81624,DIAPH3,1.6907672842691852
ENSG00000285600,,,1.1125554514234963
ENSG00000163808,56992,KIF15,1.4874174963518985
ENSG00000101057,4605,MYBL2,3.008000224184487
ENSG00000087586,6790,AURKA,1.8511745537505653
ENSG00000121957,29899,GPSM2,1.151271368366756
ENSG00000138160,3832,KIF11,2.121503797428071
ENSG00000066279,259266,ASPM,2.085752853708186
ENSG00000093009,8318,CDC45,2.29990870677079
ENSG00000075702,284403,WDR62,1.7063513596516506
ENSG00000256664,,,-1.4852044371770203
ENSG00000186185,146909,KIF18B,2.600611745894668
ENSG00000189403,3146,HMGB1,1.1575020392906694
ENSG00000167900,7083,TK1,3.132507611223696
ENSG00000231864,,,1.6970286145466575
ENSG00000006704,9569,GTF2IRD1,1.193662643987076
ENSG00000283740,112488746,TAF11L11,-1.966754789585956
ENSG00000144554,2177,FANCD2,1.547541870506431
ENSG00000183688,359845,RFLNB,1.0945265858276976
ENSG00000233966,,UBE2SP1,1.830839379092173
ENSG00000184678,8349,H2BC21,-1.2374868960352243
ENSG00000166582,201161,CENPV,1.2536296702756662
ENSG00000256940,105369340,PPP1R14B-AS1,-1.5858760889980663
ENSG00000164611,9232,PTTG1,2.588535268208157
ENSG00000092470,79968,WDR76,1.4672904615505904
ENSG00000188610,653820,FAM72B,1.629375279440068
ENSG00000077942,2192,FBLN1,1.81403901130498
ENSG00000079616,3835,KIF22,1.8394722254979887
ENSG00000165304,9833,MELK,1.671670235039047
ENSG00000164087,25886,POC1A,1.4059285845955172
ENSG00000183010,5831,PYCR1,1.231945632317096
ENSG00000171848,6241,RRM2,2.710397188094966
ENSG00000166451,55839,CENPN,1.5374791021048502
ENSG00000167513,81620,CDT1,2.048450098510192
ENSG00000248583,,,-1.1876894520017864
ENSG00000177917,151188,ARL6IP6,1.0732225576783705
ENSG00000136943,1515,CTSV,1.6352380311001702
ENSG00000134057,891,CCNB1,2.088179347203597
ENSG00000197903,85236,H2BC12,-1.087652475852357
ENSG00000186193,89958,SAPCD2,1.334853824890001
ENSG00000100749,7443,VRK1,1.1203245979056038
ENSG00000117632,3925,STMN1,1.6228756497464776
ENSG00000153029,3140,MR1,-1.12078150052445
ENSG00000259781,,HMGB1P6,1.2155426999891663
ENSG00000235823,90271,OLMALINC,1.650310364252237
ENSG00000020633,864,RUNX3,1.0008010119703934
ENSG00000123219,64105,CENPK,1.5161979518721531
ENSG00000137310,6941,TCF19,1.3915126431922236
ENSG00000138778,1062,CENPE,1.4920284217621929
ENSG00000138182,9585,KIF20B,1.1661403109642705
ENSG00000198830,3151,HMGN2,1.1360075665725633
ENSG00000013810,10460,TACC3,1.866438667375968
ENSG00000233276,2876,GPX1,-1.263149678276836
ENSG00000127564,9088,PKMYT1,1.922525757448275
ENSG00000260912,,,-1.3026377829457665
ENSG00000152253,57405,SPC25,1.478430340098588
ENSG00000162643,126820,DNAI3,-1.2632799792724465
ENSG00000168824,27065,NSG1,-1.296026629821308
ENSG00000136068,2317,FLNB,1.2243787362137084
ENSG00000267374,647946,MIR924HG,1.1619837532709636
ENSG00000100242,25777,SUN2,1.0615258429002896
ENSG00000258725,100507118,PRC1-AS1,1.2475924413941415
ENSG00000176046,26471,NUPR1,1.535419919509331
ENSG00000165244,195828,ZNF367,1.076430821155052
ENSG00000051180,5888,RAD51,1.4862934187324512
ENSG00000285948,,,1.1944380068703695
ENSG00000133315,28992,MACROD1,1.1103027368325464
ENSG00000123975,1164,CKS2,1.405840603099369
ENSG00000112984,10112,KIF20A,2.275031740766436
ENSG00000140534,90381,TICRR,1.0383650130001092
ENSG00000231304,100874028,SGO1-AS1,1.0103305466598174
ENSG00000035499,55789,DEPDC1B,1.6526672139820733
ENSG00000109685,7468,NSD2,1.0485836618703894
ENSG00000293339,10354,HMGB1P5,1.119287418862864
ENSG00000105011,55723,ASF1B,1.9656131236521428
ENSG00000279208,,,-1.152624487436838
ENSG00000163507,57650,CIP2A,1.243764415602323
ENSG00000143401,81611,ANP32E,1.1454306916251298
ENSG00000115129,9540,TP53I3,-1.6195084743985602
ENSG00000091651,23594,ORC6,1.3698136719060776
ENSG00000166508,4176,MCM7,1.7289209103778695
ENSG00000111247,10635,RAD51AP1,1.567670808664682
ENSG00000187837,3006,H1-2,-1.561158085461221
ENSG00000080546,27244,SESN1,-1.0630114415704432
ENSG00000197299,641,BLM,1.2324171682676195
ENSG00000161888,147841,SPC24,1.9898918892019044
ENSG00000183607,200504,GKN2,-1.060012296916378
ENSG00000122952,11130,ZWINT,1.860671738508778
ENSG00000026103,355,FAS,-1.2752545928753598
ENSG00000131153,51659,GINS2,1.6588828820226027
ENSG00000213853,2013,EMP2,1.079578990659937
ENSG00000161513,2232,FDXR,-1.123537338529898
ENSG00000244274,55861,DBNDD2,1.009802257915641
ENSG00000178809,375593,TRIM73,-1.0626934402239336
ENSG00000162063,899,CCNF,1.1675287412434563
ENSG00000100297,4174,MCM5,1.835823732577758
ENSG00000143476,51514,DTL,1.394957526310593
ENSG00000242282,,,1.309222262680113
ENSG00000146670,113130,CDCA5,1.9704807315437567
ENSG00000184445,9735,KNTC1,1.198813855901936
ENSG00000207181,677802,SNORA14B,-2.754006169389781
ENSG00000100479,5427,POLE2,1.1654114369604625
ENSG00000085840,4998,ORC1,1.107982424574698
ENSG00000186153,51741,WWOX,1.0508722037717328
ENSG00000198056,5557,PRIM1,1.5625205220872067
ENSG00000288825,8337,H2AC18,-1.2198818611707845
ENSG00000184661,157313,CDCA2,1.1256019883095298
ENSG00000288859,723790,H2AC19,-1.2159521577920374
ENSG00000274430,,,4.050563965941048
ENSG00000186871,54821,ERCC6L,1.0395975733691625
ENSG00000101412,1869,E2F1,1.6137915772392697
ENSG00000161692,80174,DBF4B,1.1462830373693085
ENSG00000165480,221150,SKA3,1.4448382490485072
ENSG00000122861,5328,PLAU,1.1763784859864588
ENSG00000155428,378108,TRIM74,-1.0039479923575363
ENSG00000277586,4747,NEFL,-1.448250235463937
ENSG00000285077,89839,ARHGAP11B,1.4346070478107484
ENSG00000127586,63922,CHTF18,1.2614191001502568
ENSG00000258315,124944,BACC1,1.7366658025721913
ENSG00000163071,132671,SPATA18,-1.0577052265665898
ENSG00000149503,3619,INCENP,1.142439261755536
ENSG00000125885,84515,MCM8,1.035881567803456
ENSG00000174371,9156,EXO1,1.674477901041703
ENSG00000179750,9582,APOBEC3B,1.7228754380457565
ENSG00000151725,79682,CENPU,1.391339419311305
ENSG00000092621,26227,PHGDH,3.1218886264522805
ENSG00000113810,10051,SMC4,1.4153918211213776
ENSG00000154839,220134,SKA1,1.9428834916894733
ENSG00000086061,3301,DNAJA1,-1.0339822098936011
ENSG00000166881,23306,NEMP1,1.0892619471573937
ENSG00000167601,558,AXL,1.2978989201091364
ENSG00000289754,,,1.3036599570371163
ENSG00000233133,,NPEPPSP2,-1.124071761391856
ENSG00000259952,,,1.1056260706058834
ENSG00000094804,990,CDC6,1.478801110965661
ENSG00000127528,10365,KLF2,1.557137881784728
ENSG00000182612,83882,TSPAN10,-1.3839132254463906
ENSG00000197191,375791,CYSRT1,-1.0945182036877934
ENSG00000033100,54480,CHPF2,-1.0435061267664452
ENSG00000132517,55065,SLC52A1,-1.3691860805959035
ENSG00000177602,83903,HASPIN,1.0714634438002455
ENSG00000137491,11309,SLCO2B1,-1.395192122550803
ENSG00000163918,5984,RFC4,1.1437206222747531
ENSG00000119403,26147,PHF19,1.3319337341454691
ENSG00000163535,151246,SGO2,1.1936912717352075
ENSG00000257181,,,-1.3487080216770444
ENSG00000279718,,SNX18P12,-1.3172379156296046
ENSG00000128944,90417,KNSTRN,1.0188050855022772
ENSG00000178752,151176,ERFE,1.4291288423589923
ENSG00000111445,5985,RFC5,1.2261104817373067
ENSG00000230176,728228,LINC01433,1.3801827388894008
ENSG00000132182,23225,NUP210,1.0404176272613643
ENSG00000110092,595,CCND1,-1.3661239881218723
ENSG00000215251,60493,FASTKD5,-1.0707057731561205
ENSG00000137812,57082,KNL1,1.0731372781857762
ENSG00000136114,55901,THSD1,-1.0036657839135494
ENSG00000112029,26271,FBXO5,1.3931622699606103
ENSG00000123485,55355,HJURP,1.0812159535304438
ENSG00000224126,,UBE2SP2,1.3290748142033777
ENSG00000131652,79228,THOC6,1.0425102942788866
ENSG00000171320,157570,ESCO2,1.3603210779942316
ENSG00000071539,9319,TRIP13,1.5283996626990506
ENSG00000139289,22822,PHLDA1,1.1463740861872642
ENSG00000188290,57801,HES4,1.1507329645753734
ENSG00000134222,84722,PSRC1,1.0281048641100463
ENSG00000126391,83786,FRMD8,-1.0682799666853704
ENSG00000156802,29028,ATAD2,1.49087149256317
ENSG00000272636,8447,DOC2B,1.3600608224180168
ENSG00000147408,55790,CSGALNACT1,1.0001060402329929
ENSG00000132967,10354,HMGB1P5,1.3088626431634278
ENSG00000290697,,,-1.3192135189191936
ENSG00000200381,100169755,RNA5S4,-3.739404486008997
ENSG00000080986,10403,NDC80,1.410865828846099
ENSG00000245694,101927480,LOC101927480,1.0298897284024222
ENSG00000199270,100169763,RNA5S12,-3.7698353713906094
ENSG00000199910,100169761,RNA5S10,-3.898441684470407
ENSG00000290032,,,-1.830813922809431
ENSG00000167670,10036,CHAF1A,1.0857031225585163
ENSG00000291174,101927789,FAUP4,-1.3082829137235894
ENSG00000200343,100169759,RNA5S8,-3.634506529702141
ENSG00000202521,100169758,RNA5S7,-3.634506529702141
ENSG00000272157,,,-1.2323447147904938
ENSG00000139354,283431,GAS2L3,1.4886920919224158
ENSG00000199352,100169751,RNA5S1,-3.593754409441257
ENSG00000246985,144481,SOCS2-AS1,1.1395210612571058
ENSG00000205309,56953,NT5M,1.1642004706367777
ENSG00000221829,2189,FANCG,1.2318336393473732
ENSG00000201355,100169765,RNA5S14,-3.6077256950976735
ENSG00000202526,100169764,RNA5S13,-3.6077256950976735
ENSG00000149809,7108,TM7SF2,-1.0903112766350531
ENSG00000161544,114757,CYGB,-1.810444349394401
ENSG00000278023,201299,RDM1,1.136497463499549
ENSG00000200370,100169768,RNA5S17,-3.54922843336607
ENSG00000201925,100169766,RNA5S15,-3.54922843336607
ENSG00000173805,9001,HAP1,-1.1333679463687312
ENSG00000149929,8479,HIRIP3,1.1178750102054202
ENSG00000199337,100169754,RNA5S3,-3.54922843336607
ENSG00000201588,100169753,RNA5S2,-3.54922843336607
ENSG00000276150,,,2.931765131914995
ENSG00000179242,1002,CDH4,1.1461878474333531
ENSG00000202257,100169767,RNA5S16,-3.54922843336607
ENSG00000214900,283551,LINC01588,-1.003062077901277
ENSG00000199396,100169756,RNA5S5,-3.779090025169664
ENSG00000200624,100169757,RNA5S6,-3.54922843336607
ENSG00000227568,,SNX18P26,-1.1652477306589368
ENSG00000131016,9590,AKAP12,1.0451600115694282
ENSG00000065328,55388,MCM10,1.4144744943357763
ENSG00000166803,9768,PCLAF,2.778122814161407
ENSG00000131094,10882,C1QL1,1.2007746875908198
ENSG00000177084,5426,POLE,1.058750925704654
ENSG00000199334,100169762,RNA5S11,-2.829156188320557
ENSG00000162616,11080,DNAJB4,-1.5069160994182074
ENSG00000085999,8438,RAD54L,1.1552473748556276
ENSG00000179046,205860,TRIML2,-1.0984179876863158
ENSG00000229344,107075310,MTCO2P12,12.79808206204447
ENSG00000173559,64859,NABP1,-1.2701477530152334
ENSG00000100889,5106,PCK2,2.1077381537061504
ENSG00000263585,,PYCR1-AS1,1.1257165778877782
ENSG00000257453,120766149,PHLDA1-AS1,1.3256003013059807
ENSG00000101447,81610,FAM83D,1.1167469410069213
ENSG00000185924,146760,RTN4RL1,-1.0550954817852725
ENSG00000123243,80760,ITIH5,-1.0096113601429568
ENSG00000133119,5983,RFC3,1.2372222664402508
ENSG00000284946,,,1.0765759190556383
ENSG00000163923,116832,RPL39L,1.3192794553415004
ENSG00000164758,90390,MED30,1.1208581925511971
ENSG00000129521,112399,EGLN3,-1.102281282894637
ENSG00000253917,,,1.1858449344850448
ENSG00000186462,4674,NAP1L2,-1.0667596866887412
ENSG00000180596,8347,H2BC4,-1.3583253775463726
ENSG00000114346,1894,ECT2,1.156610985587493
ENSG00000153294,221393,ADGRF4,-1.0730342892666105
ENSG00000124098,116151,FAM210B,-1.3994585247652869
ENSG00000012048,672,BRCA1,1.2864417647812008
ENSG00000264785,,,-1.776310225125188
ENSG00000138678,84803,GPAT3,1.1850704922308912
ENSG00000128564,7425,VGF,1.4842039608529864
ENSG00000124762,1026,CDKN1A,-1.4401178279498348
ENSG00000128510,51200,CPA4,-2.673566695521561
ENSG00000276851,,,-1.79848394709358
ENSG00000276043,29128,UHRF1,1.0660825075529636
ENSG00000109674,55247,NEIL3,1.1025184145984963
ENSG00000197747,6281,S100A10,-1.0779525194319
ENSG00000250016,,SNX18P23,-1.0723827568168938
ENSG00000237973,107075141,MTCO1P12,12.825354572762002
ENSG00000205413,54809,SAMD9,-1.0264370854437277
ENSG00000188486,3014,H2AX,1.1978887271490786
ENSG00000278791,,,15.338994890662702
ENSG00000130669,10298,PAK4,1.0021304004654832
ENSG00000255150,493861,EID3,-1.1206551424852642
ENSG00000108439,55163,PNPO,-1.0629678691285704
ENSG00000235092,100506299,ID2-AS1,1.0622103865912431
ENSG00000084710,22979,EFR3B,-1.042477437574488
ENSG00000175643,116028,RMI2,1.3381116316814134
ENSG00000159388,7832,BTG2,-1.148757720352373
ENSG00000185885,8519,IFITM1,1.8680341789428137
ENSG00000120699,11340,EXOSC8,1.263251365511779
ENSG00000153822,3773,KCNJ16,-1.0882796803015742
ENSG00000164199,84059,ADGRV1,-1.026586104390902
ENSG00000198744,107075270,MTCO3P12,11.619483322548003
ENSG00000165828,118471,PRAP1,-1.3691195607064297
ENSG00000225630,100652939,MTND2P28,10.405992227990335
ENSG00000160957,9401,RECQL4,1.09590183261083
ENSG00000165490,220042,DDIAS,1.2080352511941377
ENSG00000248527,106480796,MTATP6P1,11.508883087007
ENSG00000285160,,THSD1P1,-1.11225566506337
ENSG00000168209,54541,DDIT4,1.2874274870477826
ENSG00000138356,316,AOX1,-1.5324382209854222
ENSG00000151640,10570,DPYSL4,-1.0818559683037705
ENSG00000160200,875,CBS,1.2982508891458933
ENSG00000188042,10123,ARL4C,-1.045517681983581
ENSG00000163513,7048,TGFBR2,-1.067252594419216
ENSG00000240409,106480795,MTATP8P1,11.118210666552272
ENSG00000274276,102724560,LOC102724560,1.251535048142764
ENSG00000167550,121268,RHEBL1,1.0230381525779515
ENSG00000264019,,,-1.225808455612833
ENSG00000078237,57103,TIGAR,-1.0141883491183674
ENSG00000225972,100887749,MTND1P23,9.873801959440286
ENSG00000268942,,CKS1BP3,1.1969217185738787
ENSG00000090861,16,AARS1,1.6939894816318557
ENSG00000279806,,,-1.2907477459077903
ENSG00000278224,29964,PRICKLE4,-1.0096010220342642
ENSG00000161243,126433,FBXO27,1.1682102179469838
ENSG00000142552,57333,RCN3,1.0347891563265157
ENSG00000140025,90141,EFCAB11,1.0764055982997096
ENSG00000185480,55010,PARPBP,1.053180164495447
ENSG00000132274,10346,TRIM22,-1.1044222169306772
ENSG00000148798,9118,INA,-1.0307334323217168
ENSG00000197019,29950,SERTAD1,-1.2171916701357066
ENSG00000126453,83596,BCL2L12,1.2101643777448237
ENSG00000185527,5148,PDE6G,-1.1273826542168852
ENSG00000264614,100847054,MIR5588,-10.207994791399596
ENSG00000215158,,GUSBP18,1.0591244922463858
ENSG00000263934,,SNORD3A,-1.534711183835784
ENSG00000186594,84981,MIR22HG,-1.1213240105704865
ENSG00000225976,,CKS1BP2,1.1052232202638963
ENSG00000105246,10148,EBI3,-1.192848785720757
ENSG00000135048,23670,CEMIP2,-1.0099886897563302
ENSG00000104147,11339,OIP5,1.3416989494331732
ENSG00000187840,1978,EIF4EBP1,1.4107148048761955
ENSG00000151743,196394,AMN1,1.0341894448977331
ENSG00000070669,440,ASNS,2.474410969927603
ENSG00000290162,,,-1.8578348095246864
ENSG00000270722,124904619,RNVU1-31,-1.6479085509631204
ENSG00000139278,11010,GLIPR1,-1.463865658538654
ENSG00000259316,,,1.0673208681707684
ENSG00000138166,1847,DUSP5,1.54776312203221
ENSG00000137309,3159,HMGA1,1.4987233318361248
ENSG00000224174,,,1.1952793876722445
ENSG00000258314,,,-1.6057531934154197
ENSG00000263968,106479362,RN7SL381P,1.085644888634793
ENSG00000157514,1831,TSC22D3,1.3000462709164844
ENSG00000184897,8971,H1-10,1.101103374074737
ENSG00000257698,100506844,GIHCG,1.0529979711736432
ENSG00000164949,2669,GEM,1.1307089825676933
ENSG00000266680,,,-1.113488634757697
ENSG00000121621,81930,KIF18A,1.0779912071614026
ENSG00000080031,5794,PTPRH,1.0174598013164036
ENSG00000206760,574040,SNORA6,2.402134803142052
ENSG00000214548,55384,MEG3,-1.2881967930705835
ENSG00000139514,6541,SLC7A1,1.194525705376004
ENSG00000265840,,,-1.0770985083750326
ENSG00000105281,6510,SLC1A5,1.2753401714315895
ENSG00000275625,,,-2.3350550743346137
ENSG00000115902,6509,SLC1A4,1.535524966885263
ENSG00000293413,,,-1.394039258073252
ENSG00000136881,570,BAAT,-1.3420572763725531
ENSG00000138207,5950,RBP4,-1.12701067006986
ENSG00000072041,55117,SLC6A15,1.3592975630030235
ENSG00000170373,1469,CST1,-1.0783544511207233
ENSG00000163050,56997,COQ8A,-1.071800384261746
ENSG00000269888,,,-1.1072053676117273
ENSG00000103089,79152,FA2H,1.402064474907437
ENSG00000003436,7035,TFPI,1.020510882205107
ENSG00000201185,100873463,RNA5SP202,-2.696986883621181
ENSG00000205274,6962,TRBV20OR9-2,-1.1919008581997377
ENSG00000076864,5909,RAP1GAP,1.0487505027712165
ENSG00000240386,353137,LCE1F,-1.2776785882995962
ENSG00000111981,80329,ULBP1,1.5741466673842337
ENSG00000065911,10797,MTHFD2,1.4517551002061149
ENSG00000290318,,,1.8862405890625256
ENSG00000258663,,,-1.0131363824835735
ENSG00000251503,100526739,CENPS-CORT,1.0005037784997268
ENSG00000106665,7461,CLIP2,1.0411587337738388
ENSG00000279882,,,-1.3861928959342773
ENSG00000181634,9966,TNFSF15,-1.0301022822786972
ENSG00000088002,6820,SULT2B1,1.352002545718097
ENSG00000183696,7378,UPP1,1.543371806220884
ENSG00000147003,57393,CLTRN,-1.8366176258552904
ENSG00000213347,83463,MXD3,1.0375112489394698
ENSG00000239183,100124534,SNORA84,-2.8447417616714503
ENSG00000108602,218,ALDH3A1,-1.548721456450112
ENSG00000224645,,,-1.1874066553446876
ENSG00000267615,,,-1.2757140225320265
ENSG00000128342,3976,LIF,1.058405492696366
ENSG00000186907,349667,RTN4RL2,1.054832067857154
ENSG00000130433,59285,CACNG6,1.014015696051913
ENSG00000274266,6080,SNORA73A,-1.2009373406659674
ENSG00000130600,283120,H19,1.475612388816694
ENSG00000228716,1719,DHFR,1.0941681697880092
ENSG00000015413,1800,DPEP1,1.0342170399890795
ENSG00000216866,286444,RPS2P55,1.0613868295626283
ENSG00000291215,,,1.2276273887300595
ENSG00000275719,,,1.075208063475649
ENSG00000173812,10209,EIF1,1.315685100282554
ENSG00000277947,,SNORD3D,-1.5581598948418265
ENSG00000166986,4141,MARS1,1.294443630448682
ENSG00000263729,,,-1.2932977446552787
ENSG00000130775,9473,THEMIS2,1.1055128675748187
ENSG00000201129,109617023,SNORA58B,2.599141760790749
ENSG00000166143,54866,PPP1R14D,-1.0985458296731812
