Ensembl_ID,Entrez_ID,Gene_Symbol,log2FoldChange
ENSG00000237491,105378580,LINC01409,1.07720042744854
,107984868,,3.39095027547323
,105378605,LOC105378605,-2.19533003014596
,105378604,LOC105378604,-1.30983018825316
ENSG00000130762,27237,ARHGEF16,-1.19185362313813
,101927479,EPHA2-AS1,1.1693330186001
,105376830,LOC105376830,-2.62169073914035
ENSG00000131914,79727,LIN28A,1.23288036242886
ENSG00000158246,115572,TENT5B,1.1850853720615
ENSG00000181773,2827,GPR3,1.04905475795927
ENSG00000126705,27245,AHDC1,-1.06460391128641
ENSG00000293382,653160,GPR199P,1.5819223552573
ENSG00000187815,339559,ZFP69,1.84581380802758
,112268225,LOC112268225,1.24363898742678
ENSG00000233602,100874278,ERI3-IT1,-1.64200384945566
ENSG00000199377,26828,RNU5F-1,-1.59078086395505
ENSG00000142959,266675,BEST4,1.27908447602454
ENSG00000173846,1263,PLK3,1.52808424457228
ENSG00000188396,343521,DYNLT4,2.17654562816924
ENSG00000222009,149478,BTBD19,2.57221821935083
ENSG00000225767,105378715,FAF1-AS1,-2.60635676202744
,105378728,LOC105378728,-1.7345594323657
ENSG00000198711,619518,SSBP3-AS1,-2.22146091360056
ENSG00000177606,3725,JUN,1.2089044660632
ENSG00000081985,3595,IL12RB2,1.23267347481454
ENSG00000171385,3752,KCND3,1.91207427721744
,106479023,H3P4,-1.63414217133986
ENSG00000291123,337875,H2BP1,-1.6710012191317
,107985193,LOC107985193,-1.34115779956446
,338391,H2BP2,-1.68268064068366
ENSG00000273213,440686,H3-7,-1.73047458639368
,105373467,,-1.28192293332145
ENSG00000207205,101954267,RNVU1-15,-2.29906772471087
,107985595,LOC107985595,-1.90343303360666
ENSG00000207501,101954266,RNVU1-14,-2.00467801561978
ENSG00000201558,101954276,RNVU1-6,-2.43974419072036
,112268274,LOC112268274,-2.01289656862013
,100996756,LOC100996756,-1.6409896275927
ENSG00000286172,101447996,RNVU1-8,-2.22088111011691
ENSG00000283676,100847044,MIR5087,-3.19676879906692
ENSG00000203814,440689,H2BC18,-1.63011309275784
ENSG00000183598,653604,H3C13,-1.63208008168218
ENSG00000270882,8370,H4C14,-1.52671926871262
ENSG00000203811,126961,H3C14,-1.39681937661133
ENSG00000288825,8337,H2AC18,-1.59313812769284
ENSG00000288859,723790,H2AC19,-1.59489222810255
ENSG00000203852,333932,H3C15,-1.39814429018823
ENSG00000270276,554313,H4C15,-1.52770028722841
ENSG00000184678,8349,H2BC21,-1.82547802386893
ENSG00000184260,8338,H2AC20,-1.82611580453118
ENSG00000143387,1513,CTSK,1.30981966535459
ENSG00000163141,149428,BNIPL,1.19578252709617
ENSG00000160781,79957,PAQR6,1.01697323257886
ENSG00000189030,391104,VHLL,2.39638421330992
ENSG00000125462,10485,MIR9-1HG,1.37278682211502
ENSG00000187862,164118,TTC24,4.74919630844348
ENSG00000158869,2207,FCER1G,2.20872296704896
ENSG00000143199,55811,ADCY10,2.27638206086479
ENSG00000117477,57821,CCDC181,1.56001280819041
ENSG00000121454,89884,LHX4,-1.2648655131226
,100527964,LHX4-AS1,-1.33723460896844
,107985230,,-1.49699974678473
ENSG00000159388,7832,BTG2,1.48704566032885
,105371692,LRRN2-AS1,1.4031984000353
ENSG00000184144,6900,CNTN2,1.67061858418032
ENSG00000162772,467,ATF3,1.08529942055176
ENSG00000181218,92815,H2AC25,-1.57402981584253
ENSG00000196890,128312,H2BC26,-1.39797518681352
,107985367,,1.40687519215067
ENSG00000155816,56776,FMN2,-1.08159650891863
ENSG00000173728,200159,SPMIP3,3.12578978466999
,112268258,,3.93765952038266
,105373265,LOC105373265,-1.10410808921372
,105373270,,-2.68732259346379
,105373269,,-1.81677983827266
,101929643,LOC101929643,2.01587136832632
,105374454,RASGRP3-AS1,1.5594831061326
ENSG00000239605,285051,STPG4,3.54249945365634
ENSG00000184261,56660,KCNK12,1.07448076738048
ENSG00000214513,344022,NOTO,1.85151278072879
ENSG00000135625,1961,EGR4,1.24551504435599
ENSG00000144045,165545,DQX1,1.60027115111999
,101928214,LOC101928214,-1.53301831302866
ENSG00000287670,105374852,LOC105374852,-1.7663578061419
,107985939,LOC107985939,1.77572157925523
ENSG00000074047,2736,GLI2,-1.0885546468771
ENSG00000115850,3938,LCT,1.74294912172845
,107985780,,-2.02435249279886
,105373774,,1.26559123888271
,107985784,LOC107985784,1.73128931962104
,105373813,CAVIN2-AS1,-2.57627232255027
ENSG00000187944,401027,C2orf66,3.17486462178398
ENSG00000178568,2066,ERBB4,-1.34218797565995
ENSG00000115414,2335,FN1,1.13851842298436
ENSG00000163449,92691,TMEM169,1.1842304050866
ENSG00000179921,151306,GPBAR1,1.54381377003384
ENSG00000135902,1144,CHRND,2.57845903353748
ENSG00000196811,1146,CHRNG,1.29942191355906
ENSG00000235529,100506749,AGAP1-IT1,1.36975146519683
,105373942,LOC105373942,-1.73295312923943
ENSG00000163359,1293,COL6A3,-1.36328329297078
,107986013,,-1.35600327246341
,107986075,LOC107986075,3.20729995437823
ENSG00000213689,11277,TREX1,1.22999597865338
ENSG00000182179,7318,UBA7,1.0632617013343
ENSG00000255423,55096,EBLN2,-1.23893583896386
,107986103,LOC107986103,-1.13975247074811
,101929278,LOC101929278,-1.01029031308849
,105374009,LOC105374009,-1.91782698367214
ENSG00000144802,64332,NFKBIZ,1.60016285899298
,105374056,LOC105374056,-1.02324593164672
,101926953,LOC101926953,-1.09846688290604
,105374152,,1.26311252095587
ENSG00000174946,29909,GPR171,-1.110312874186
ENSG00000181631,53829,P2RY13,-1.9156274051595
ENSG00000152580,285313,IGSF10,-1.30521875985441
,107986148,,1.03691455582573
,105374187,LOC105374187,1.14097196052335
ENSG00000090534,7066,THPO,2.00198608180554
,101929018,LOC101929018,1.97921992405507
ENSG00000306963,102724808,LOC102724808,-1.04858221133581
,105374353,LOC105374353,1.17664423193397
,107986273,,-2.65665732310527
ENSG00000182308,285429,DCAF4L1,1.32074996310287
,105377347,LOC105377347,-1.54388160802169
ENSG00000109424,7350,UCP1,2.4212045295574
ENSG00000151623,4306,NR3C2,-2.31404680008583
ENSG00000181541,10586,MAB21L2,-1.7458043858018
ENSG00000232648,389247,ING2-DT,1.77226655742099
,107986334,LOC107986334,-1.07454711872429
,101929003,LOC101929003,1.96747839640492
ENSG00000205838,153657,TTC23L,1.80657635518943
ENSG00000164171,3673,ITGA2,1.80882915664745
,107986348,,-1.20368565841404
,101929599,LOC101929599,-1.02869209711302
ENSG00000146006,26045,LRRTM2,-1.37555661888563
,100505636,MALINC1,1.2056234704829
ENSG00000182700,492311,IGIP,1.40739828129955
ENSG00000291674,56132,PCDHB3,1.2725333496558
ENSG00000113555,51294,PCDH12,1.1893540852481
ENSG00000164591,91977,MYOZ3,2.52764219896654
ENSG00000245275,386627,SAP30L-AS1,-1.77474329934396
ENSG00000120129,1843,DUSP1,1.15919031114772
,107986515,,-1.28595881408375
ENSG00000007944,29116,MYLIP,1.07581108039039
ENSG00000275714,8350,H3C1,-1.84855553590171
ENSG00000278705,8366,H4C2,-2.02510239925562
ENSG00000286522,8358,H3C2,-1.10262570375599
ENSG00000278463,8335,H2AC4,-1.82774827009345
ENSG00000187837,3006,H1-2,-1.76372604844172
ENSG00000180596,8347,H2BC4,-1.04593271532732
ENSG00000180573,8334,H2AC6,-1.62796170537648
ENSG00000168298,3008,H1-4,-1.24835691898117
ENSG00000158373,3017,H2BC5,-1.18846347912362
ENSG00000274290,8344,H2BC6,-1.40448388102937
ENSG00000197409,8351,H3C4,-1.45279352208854
ENSG00000196866,3013,H2AC7,-1.65610929876138
ENSG00000277224,8343,H2BC7,-1.75018246689471
ENSG00000273802,8339,H2BC8,-2.07241628234168
ENSG00000277075,3012,H2AC8,-1.20949001524246
ENSG00000124575,3007,H1-3,-3.13484192938974
ENSG00000277775,8968,H3C7,-1.48209962920591
ENSG00000275713,8345,H2BC9,-1.54681356055333
ENSG00000273983,8355,H3C8,-2.3021124538541
ENSG00000278588,8346,H2BC10,-1.54265198917132
ENSG00000124635,8970,H2BC11,-2.75507566217868
ENSG00000196787,8969,H2AC11,-1.56396933734729
ENSG00000197903,85236,H2BC12,-1.08318576243861
ENSG00000276180,8294,H4C9,-2.49083260764929
ENSG00000274997,85235,H2AC12,-1.27497702027825
ENSG00000185130,8340,H2BC13,-1.12318202945179
ENSG00000196747,8329,H2AC13,-1.46775327160053
ENSG00000278828,8357,H3C10,-1.63290197191431
ENSG00000276368,8331,H2AC14,-1.39942864405259
ENSG00000273703,8342,H2BC14,-1.86088107432263
ENSG00000197238,8363,H4C11,-1.30545164764221
ENSG00000273542,8362,H4C12,-1.33830931493982
ENSG00000275221,8330,H2AC15,-1.78741632892956
ENSG00000233822,8341,H2BC15,-1.1082505421579
ENSG00000276903,8332,H2AC16,-2.46952396310357
ENSG00000184357,3009,H1-5,-1.4459651323849
ENSG00000275379,8354,H3C11,-2.38053616461176
ENSG00000278677,8336,H2AC17,-1.31844287296591
ENSG00000274641,8348,H2BC17,-1.72842167720245
ENSG00000226314,651302,ZKSCAN8P1,1.89245789719943
ENSG00000229680,7932,OR2H2,1.27537391520423
,105375061,LOC105375061,-2.71814147926554
ENSG00000146221,202500,DRC5,1.02571388273378
ENSG00000146166,51557,LGSN,4.09697315070165
,100861530,UFL1-AS1,1.21546612731619
,112267965,,1.80362245822673
,105378027,LOC105378027,-1.30861358015722
ENSG00000049618,57492,ARID1B,-1.05500558150748
,105378077,,-1.90899455484768
ENSG00000146453,154197,PNLDC1,2.12518568123962
,729603,CHP1P2,-1.53601780150869
,100127955,LOC100127955,-2.25789369786615
ENSG00000106113,1395,CRHR2,1.30732001440848
ENSG00000223770,101927356,CACNA2D1-AS1,-2.42640964736632
ENSG00000242950,30816,ERVW-1,1.58276806484551
ENSG00000181016,286006,LSMEM1,2.53205555095107
,105375492,,-1.86332848716983
ENSG00000279078,27099,SND1-IT1,-1.2588338729115
ENSG00000128594,64101,LRRC4,-2.19571921777989
ENSG00000204947,155054,ZNF425,1.34407266400501
,100131395,LOC100131395,-1.43384323698549
,100507071,PIWIL2-DT,1.62552236369047
,107986924,LOC107986924,1.54294342835867
ENSG00000147437,2796,GNRH1,1.05598365817804
ENSG00000246145,100505676,RRS1-DT,1.83174792456124
ENSG00000137571,81796,SLCO5A1,-4.72611906406801
,112268030,LOC112268030,2.08890272153385
ENSG00000245149,101927612,RNF139-DT,1.46955980551079
ENSG00000280055,641384,LINC02912,-1.56600492483565
ENSG00000280543,100507117,ASAP1-IT2,-3.5504717959265
ENSG00000188921,401494,HACD4,-1.2960748136766
,112268043,,3.07800152078145
,107987057,,2.57152766395951
ENSG00000174038,138724,SPATA31G1,1.2113152413788
ENSG00000225434,100507540,LINC01504,3.51096118907695
,107987097,LOC107987097,1.32920426060874
,107987098,,-1.34708128759576
ENSG00000276559,570,BAAT,1.62841211516472
ENSG00000136872,229,ALDOB,3.76191988292899
ENSG00000165181,158401,SHOC1,1.80507650799452
ENSG00000165188,138065,RNF183,3.5418864137404
,105376241,,-3.09569615009918
,105376266,LOC105376266,-1.45456014436942
ENSG00000148200,2649,NR6A1,-1.45494689394174
,102723468,,-1.53294003356318
ENSG00000148411,138151,NACC2,-1.09894933124751
ENSG00000293104,651337,LOC651337,-2.87829682505833
,105376411,LOC105376411,-1.1301650299979
,102725112,LOC102725112,-2.60441024079981
,107984214,LOC107984214,-1.72291566528707
ENSG00000230445,387646,LRRC37A6P,3.5083334004898
,101929256,LOC101929256,2.34065096997776
ENSG00000099250,8829,NRP1,-3.63583568310517
,107984224,,1.70494882895249
,107984029,,-1.87249126389428
,107984275,LOC107984275,2.27353318646387
,105378560,LOC105378560,-1.84473224142155
ENSG00000276561,3665,IRF7,-1.00186580650606
ENSG00000207008,677833,SNORA54,1.2409226104357
ENSG00000158077,338323,NLRP14,1.74283555570008
ENSG00000148926,133,ADM,1.37142662366398
,107984317,LOC107984317,-1.30575296262684
,105376652,LOC105376652,2.22356801117323
ENSG00000162188,2785,GNG3,1.08007109841954
ENSG00000167800,347853,TBX10,2.05849944513169
ENSG00000149243,283212,KLHL35,3.3918543372042
,105369403,LOC105369403,-1.9627541137431
,101929043,DLG2-AS2,-2.91804564742739
ENSG00000285516,10003,NAALAD2,1.6303465380769
ENSG00000214376,387804,VSTM5,1.94861605562636
,105369487,,1.333619564262
,107984391,LOC107984391,3.97762900603827
ENSG00000019102,23584,VSIG2,1.30698816813152
ENSG00000118972,8074,FGF23,2.35200785053317
,10748,KLRA1P,1.3401205931585
ENSG00000299726,105369667,LOC105369667,-1.33947520593463
ENSG00000197837,121504,H4C16,-1.22811931133925
ENSG00000257176,100506606,FAR2-AS1,3.12793364967038
ENSG00000172602,27289,RND1,1.95930252478211
,105369801,LOC105369801,-1.87630776858326
,105369816,LOC105369816,1.23375431882107
ENSG00000139289,22822,PHLDA1,3.33702490968079
ENSG00000133639,694,BTG1,1.27169285714243
,112268100,,-1.86991695370072
,105370114,,-1.00012747179128
ENSG00000236051,100874212,MYCBP2-AS1,-1.0856054577743
,107984617,,1.48027875243518
,100861541,DOCK9-DT,1.68338558921105
ENSG00000228889,100289373,UBAC2-AS1,1.36277477884254
ENSG00000175820,643677,LRTM3,1.52153840292056
ENSG00000215277,100507650,RNF212B,2.08626582196145
,107984700,LINC02306,-3.54944620123168
ENSG00000258926,105370525,PRKCH-AS2,-3.54988504168012
ENSG00000126803,3306,HSPA2,2.8687645593123
ENSG00000307479,105370538,LOC105370538,-3.06753706335764
,101927971,LOC101927971,-2.12720244616913
ENSG00000100652,6554,SLC10A1,1.34566607052921
ENSG00000134007,8748,ADAM20,1.0222105293503
ENSG00000119608,283571,PROX2,3.26609302792722
ENSG00000170345,2353,FOS,2.04310861197266
,101928462,TSHR-AS1,1.90827711409572
ENSG00000276781,1113,CHGA,-1.25953395821676
,112268122,,1.20197960162516
,105370774,LOC105370774,1.72429231419284
,105370910,LOC105370910,1.49072426246291
,105371026,LRRK1-AS1,-1.66840783427653
ENSG00000103269,9028,RHBDL1,1.16719051159785
,105371082,LOC105371082,2.26904040783602
ENSG00000185338,8651,SOCS1,1.9018155218992
ENSG00000103490,29108,PYCARD,2.56555656320741
ENSG00000261359,100652740,PYCARD-AS1,1.94656411643983
ENSG00000140795,91807,MYLK3,1.57949770087827
,105371271,LOC105371271,-1.61780915003274
,100189089,TRL-CAG2-2,2.43651693074648
,101927978,ZFHX3-AS1,-2.07204315022169
,107984830,LOC107984830,-1.02808679960366
ENSG00000260279,105371414,LOC105371414,-1.91149627352161
,101930112,LOC101930112,1.12646271805313
ENSG00000185245,2811,GP1BA,1.40879289657102
ENSG00000288511,339168,TMEM95,2.31133616536362
ENSG00000262966,101928266,LOC101928266,-2.27097702539543
ENSG00000284162,100616122,MIR4523,-1.08143570406189
,107984990,SSH2-AS1,-3.0470073197085
ENSG00000131480,314,AOC2,1.08750419889775
ENSG00000131471,8639,AOC3,1.66022264606376
ENSG00000175906,379,ARL4D,1.30035777358411
ENSG00000108511,3216,HOXB6,1.02033581463577
ENSG00000167117,55018,ANKRD40CL,3.506302081221
,107984993,LOC107984993,-1.9649067735934
,101929185,LOC101929185,1.09362997277165
ENSG00000121101,56155,TEX14,1.33654147731646
ENSG00000284564,100616387,MIR3064,1.00228547331677
,102723961,,3.83340529702647
,105371922,LOC105371922,1.11218081147346
,107985021,,-2.82896114141882
ENSG00000262833,101928855,LOC101928855,-2.23137197405751
ENSG00000261924,400627,LOC400627,-1.07656070368924
,107987250,,-1.02011292685106
ENSG00000265751,101927521,GREB1L-AS1,-1.07166116039305
,107987258,,-1.47102181586632
ENSG00000282959,105372107,LOC105372107,-1.72877158678511
,107985147,LOC107985147,-1.86768789092332
ENSG00000302008,105372106,LOC105372106,-1.44105661884263
,105372105,CTIF-AS1,-2.37072502278792
ENSG00000141682,5366,PMAIP1,1.01111635000873
ENSG00000188305,374872,PEAK3,1.76512567451544
ENSG00000156413,2528,FUT6,1.6662549964535
ENSG00000125657,8744,TNFSF9,1.42797027233707
,105372269,LOC105372269,1.64311159358134
ENSG00000220201,100125288,ZGLP1,1.04030319065189
ENSG00000160888,9592,IER2,1.08845673454711
ENSG00000130518,80726,IQCN,2.32270703268108
ENSG00000130513,9518,GDF15,1.06856304725325
,107985285,LOC107985285,2.03289571178521
ENSG00000166359,126248,WDR88,1.24332117489714
ENSG00000189001,374897,SBSN,3.9521345104496
ENSG00000125740,2354,FOSB,1.19772550776918
,105372439,LOC105372439,1.53086850268029
,105372471,LOC105372471,1.26070012333115
ENSG00000124216,6615,SNAI1,1.34240543339799
ENSG00000274559,102724334,LOC102724334,-1.15402888719878
,109864280,RNA18SN2,-3.58627375138691
,109910380,RNA18SN3,-3.49788616145082
,109910382,RNA28SN3,-2.39714167834416
,106631781,RNA18SN1,-3.59766289209776
,106632264,RNA28SN1,-2.26219129821185
ENSG00000215386,388815,MIR99AHG,-1.02610319310781
,112268282,,-1.85629937708801
,105372797,LOC105372797,-2.13856600271424
ENSG00000234289,54145,H2BC12L,-1.13714182009031
ENSG00000183307,27439,TMEM121B,1.25411392108137
ENSG00000230701,26226,FBXW4P1,-1.08521501427448
,107985554,LOC107985554,-2.19774090704354
ENSG00000177993,100874123,ZNRF3-AS1,-1.82382589540326
ENSG00000130943,10343,PKDREJ,3.15010949943049
,109864273,RNA18SN4,-3.58009507747166
ENSG00000101916,51311,TLR8,-1.14647199951554
ENSG00000126759,5199,CFP,1.84913048775066
ENSG00000147174,93953,GCNA,1.4726635491217
ENSG00000268104,11254,SLC6A14,1.07377979473388
ENSG00000125675,2892,GRIA3,-3.63536460948252
,100008588,RNA18SN5,-3.57876319301059
,100008589,RNA28SN5,-2.22322691321846
