gene_id,log2FoldChange
284600,1.21483847685731
84069,1.48503875305512
107984868,-2.8313933285831
64856,1.11910278784436
339456,2.15088115426263
85452,-4.6378493803918
107984872,-2.98260027430607
2563,1.10914857474986
79906,-1.25866719358721
100129534,-3.17390939570038
8764,-1.38878645237655
440556,7.02399698180592
63976,10.0446839618882
105378606,6.10829474527184
105378605,6.02354898160607
105378604,5.4542165947375
7161,1.95922110176424
105378610,2.55552194147979
26038,3.78306522350627
107985733,1.60706215952088
102724450,1.3149764008746
148645,-1.02240273709172
83715,-4.98602943077451
105376689,4.82141256527428
54206,-2.06868210224348
50651,1.83143415286877
80045,1.02387480767244
9563,-1.47907141225728
644997,1.94605864242399
54897,-3.19821716370901
26232,-1.16243775732737
943,2.84913070247305
9249,-5.63880206474849
390999,-6.80703865329909
649324,-5.4321732990371
645354,-5.4321732990371
23254,4.02229313784902
55092,1.97235185864458
727684,2.61146222030276
54751,-2.59445350131189
348487,1.90557566728841
128272,1.16553189059051
100132147,-1.48028746111289
100189045,-1.63296914885322
112267871,-1.43252600537546
4237,-9.02881493840053
105376806,-7.43275746881989
11240,-2.20337572215266
81569,-3.05047104135627
22977,-1.16225892504641
100532736,1.31747985776116
4681,1.4713880354387
3362,2.08972189714833
255104,6.24680634276349
55450,4.02183953909945
163933,-4.17971343383194
249,4.1226073908335
5909,-1.12811193675617
2046,2.14374535698796
2048,3.9033581560901
90529,-1.28169370384644
25932,-1.17836347743675
864,9.63825755169726
107984932,7.25309911322484
105376878,5.4220881845008
57134,2.02544174485618
79927,-3.14601430650348
10256,-1.58645547974561
79727,-8.7229493842134
388610,1.60783628968287
115572,-2.08198730771557
9064,1.19777679103032
2537,1.17445223711992
9473,1.08788400137767
83667,-1.81003282802747
85028,1.14001057303765
692212,1.0973451719612
677825,1.17278885230275
79570,3.06464046116292
2170,-2.07491051406018
347735,1.69342646848699
339483,-1.24407854815546
105378629,1.12075560948959
728116,-3.1562779557813
252995,-1.67051658032343
113452,1.15397717364167
113451,-1.55067346675621
100506144,-1.08553795041137
339488,2.60347128830383
105378645,1.72198743893921
79729,-1.24404923430497
55194,-2.00957072562151
83931,-1.17449033130128
127700,-1.48010790453769
284656,4.59563388032592
149175,1.06714074620451
105378651,-1.13390778047124
51440,1.13726668479595
656,-1.1191288628162
4610,1.02551000519944
84879,2.38648516589687
1298,-5.33258057533042
339559,-5.1419076025008
64789,-7.75848115208853
9132,2.65015576275453
163732,-1.9412139422706
100132074,1.34149695104073
59269,1.51242311260244
126661,1.74305998578723
541468,1.4258463852121
127343,4.21565238339545
105378701,1.12770431457237
84793,1.3988269937074
2306,3.97649147764443
388630,3.66215636605043
440590,2.77028198482535
55268,2.92758938203334
105378728,1.30179625376705
8613,4.44619261548386
3725,2.63936540639278
54596,-7.65957440649206
163782,-10.8568774136934
29929,-1.38845144566853
4919,5.23507471248588
57685,4.77278844147944
3716,3.59873867275543
205,1.83394961905032
9829,7.31054444022489
102724416,6.70220188319548
112268227,5.48185299949055
1647,-1.91209226365663
100289178,2.44274614626037
9077,-2.05424544303463
79971,3.67939886188523
57554,4.68899889706224
5301,5.8333804791026
105378792,4.00446049721412
1491,2.35997976488262
5733,6.93268087018559
257194,-6.01645335256994
431707,-10.299783970061
204962,-1.43679298138477
91624,-1.09223541942269
23266,-2.83511942721292
79739,3.00852214289695
5567,-1.32714531234904
23566,2.05018732092908
255231,2.72916408231083
55283,3.36101824256832
126820,-2.11709433539425
148423,-1.09073160932589
23576,-6.60319566388295
107985054,-7.7333687291181
3491,-7.00309616647039
54680,-1.02872026697178
9403,-1.03209933958687
9653,-1.38436313176379
8543,-4.51950458072722
5586,-1.02335303128058
2959,-1.36812225002233
56267,-2.46180677599609
494115,-1.09913934630009
2635,-4.35276197081188
105378841,-5.09026323654574
2633,-7.32071768788883
115361,-8.5983864340808
115362,-4.96498490192091
400759,-3.63373829679027
23507,-1.30543153010531
84230,-3.47176979481441
492303,-1.57990480029894
284695,-1.53572875357537
105378853,-2.69111352934081
84146,-1.3991875165789
164045,-5.68589871724064
7049,-1.63695299927109
23285,-2.55692423178754
11146,-1.08725681191866
79871,-1.43770782663583
22823,-1.59815565995499
50999,-1.45828863485717
100131564,-2.47373865327587
54874,-2.86342965453133
8412,-1.13712594770891
30836,-1.02084187441632
2730,-1.10430222407163
5825,-1.31030444702964
2152,-4.85877858924097
1266,-1.39437975890228
105378862,-2.00341375552887
729970,-2.83938168244384
148534,-1.52213870357862
100527978,-1.80870776926217
25950,-2.64413976384055
102723661,-6.29488340010239
58155,-2.42026361315199
1806,-9.8077143883545
109729128,-6.16963340939939
400765,-9.79761403233417
100616452,-6.92627359086928
729987,-6.48848333505081
51375,-10.0242355620965
391059,-7.2390299950661
54482,-1.45945001558277
127495,-1.87697142212028
1629,-1.37242920358764
100506007,-1.5559708177175
8634,-1.20517785436422
2135,-1.11179609172698
102606465,-1.69186604031221
1901,-5.51793462570292
105378872,-2.37067045811914
118427,-1.25768196111431
94236,-1.90653288580022
1301,5.68193099169626
55170,-1.49552584745104
22854,-10.8165360215602
10451,-10.5175832564683
29957,-3.25136935349881
284611,-4.25369170697804
6814,-1.42638388282155
56900,-1.03929910767098
57535,-3.49148201390934
6301,-1.54355820822312
1952,-1.38470904834966
84722,-1.04681638205002
6272,-1.6984186182245
5686,-1.03077033438652
284612,2.81489551480976
2773,-1.18823709372039
1435,-2.71620631404864
257,-1.05028983504755
3749,1.59458787981729
9122,-1.78822043402438
10542,-1.14041067855934
128338,-1.22685944436692
128344,-3.18793846190096
5016,-1.47618407348497
79084,-1.17577735062278
515,-1.38937863717613
128346,-1.50209134567474
5906,-1.04648345173729
55924,-2.21765433525306
11218,-1.14107600921176
55917,-2.04522400532915
7482,-1.36161651907706
829,-1.14668870582262
4343,-2.12850974277153
389,-1.204933600517
107985189,-2.61488653160403
260425,-4.46483436418998
10745,-1.38792121411504
54665,-1.29606614512098
64858,-1.09772904588376
204851,-1.02516106703197
56944,-3.53774293770957
51592,-1.14944392150076
10286,-1.62198552735125
4893,-1.35888200410251
80143,-1.4563889918463
112268235,-1.08980127462233
5738,-1.54804362620349
9398,-1.46460299447197
8458,-1.16634670895674
80263,-1.55876154860737
10352,-1.17586870043673
90874,-1.76892798869496
26227,-2.65220162826821
105378936,-3.03843342898972
9554,-1.15377649643993
107985522,-5.76931287132374
105378954,-7.76041363366152
728855,-7.32350442998906
100996720,-6.38691308513541
101954264,-6.19027449686366
107985748,-2.09160899989587
105371206,1.08263094391209
105371216,1.15107582617157
103091866,-8.61200419593291
100996740,-7.15918527422016
11126,-1.78055621243806
10628,1.30125217126308
101928979,-3.46380147747391
100034743,-1.06537777398714
728920,-3.9176657585167
284561,-6.19825000573339
100847044,-1.28981697305877
100132057,-6.29999747903029
101954272,-2.15700342020302
388685,-3.99665635639755
105371224,-7.06746179529126
100996517,-1.07568680552041
112268272,-6.57801823825839
653513,-5.21044547852046
100996716,-1.07522115138265
57234,-3.37763759310134
644634,-6.20866676057635
10903,1.6319029438281
105371427,-2.41557961588786
23632,-1.71705890694704
79630,-2.93101414750653
1893,-1.11996630245064
54507,1.54619278547448
10962,-2.45553831285715
126626,1.20771926777664
2312,-3.68222307457324
6274,-2.72386307024884
6284,-1.14545110328378
6271,-3.50875081968713
91181,1.03004170240857
3782,-4.5646522794836
1944,1.17437433442118
80128,2.20010932366864
23208,-1.6141631513263
84283,1.48915862555476
112770,1.24297282716838
10485,1.68318273286068
105371453,-4.28584569532444
63827,-3.08045669785817
10763,-2.72793981894515
1382,-7.03595162834025
9047,-3.75902249839281
55243,-2.07548200191027
100505785,-1.8705141355414
3428,-5.16629302356612
8407,2.40119593743923
105371466,-4.24862085688491
57216,-4.82109239228453
50848,1.61879683634381
81607,-4.57221156325097
127943,-1.16177265317326
9722,-4.86816116436797
105371475,-4.59315139787344
400793,-5.3079943513092
4921,-1.28526550820326
8490,-1.63838832251859
5087,-7.73140088982461
112268276,3.13153568831336
23432,-1.32693149226015
481,1.04875795116554
22920,-1.10130475439979
5396,-9.95141841942932
110806290,-6.79760875850972
102724528,1.27276219065215
92346,1.50481814745282
619498,1.01958593589507
105371630,1.20742198893632
646976,-5.84927606267842
55103,-6.98054340730847
9068,-6.37033978450542
148753,-5.20695260067839
3140,1.10557150895064
2752,-5.97336351641922
6041,-2.69335536847865
6004,-2.71434568679928
284648,-6.22851037269906
80896,-2.71231090319767
3915,-1.1039870652977
23057,-1.11706733203301
23179,-4.37538030673644
403314,-3.38506468035216
23127,-2.18355634617901
116461,-1.6346373576662
81563,-5.91492314028778
116496,1.29354761056099
83872,-1.94136288870288
339479,-5.50184420483686
101929120,-3.67462431389339
64407,-6.6091387676151
105371662,-6.42026101638441
431704,-6.89188443969697
105371664,-5.49377079095341
5996,-12.0188949550096
107985241,-7.55863011242807
6003,-7.82873642268189
5997,-3.29947299433308
105371672,2.71372659589469
343450,1.7772923005993
3078,1.45703432038655
259266,1.35056774277313
360023,1.4077559778653
163486,2.19655894897783
55765,-1.65204707327383
91156,-6.52542817901761
89796,2.79838516156645
149345,1.87481019336154
25802,-2.95002488787469
1999,-4.03208872267288
100506696,-1.19140049963436
148709,1.40471216077244
134,1.74348963131235
493,1.37489020037785
105371692,-1.54049459857282
23114,1.70815420117182
81788,-4.65565330747035
55220,-8.18979986256282
55432,-1.01862569915385
1604,8.07658836791822
55733,1.75413867095436
84791,-1.58750646214859
7779,1.04141801388337
467,-3.04768076561685
55509,2.17010152750174
79805,1.11331284696924
7399,-3.31295040792793
2104,-9.63945455266603
128153,-2.77668577411711
100885798,-8.51245903039638
105372922,-9.48420385986691
101929631,-8.70155635718575
105372923,-5.14667184056665
7042,-4.73291559402319
25782,-1.20622338702204
3142,6.24952681028459
84976,-1.50695340726548
102723817,4.23496320272257
3707,1.63203973123178
105373117,1.65223000452831
339500,-1.29928875725761
8290,-2.60390990499308
58480,-1.68614294855417
574029,-1.09290436011753
183,-5.82454390880445
84886,-1.00670580870066
101927604,-2.72818878960363
27185,-2.29586658475168
80003,2.16811167054221
84451,7.84815136954982
4811,-1.17808452192422
7107,1.54090801551834
128178,-2.58932803771804
88,1.16425536863535
339535,-1.54692267375757
10000,-1.75528715035832
10472,-1.80496947840761
112268258,-3.06863984007935
55083,5.06103159442493
111216275,5.52474778010722
105373265,3.44935249869219
64754,2.2631366402916
105373270,3.34636576272201
105373269,2.89481052080676
101928089,3.1240426810972
112268277,2.88304848253353
107985599,2.62934597778543
107985726,3.31844190589048
149134,-1.2925718827788
25893,7.48972625067639
440570,-1.82369949218262
26751,-1.61435727425458
52,-1.22535792056453
107985840,-1.88764294502126
7260,-1.26062172368756
78989,-2.94601983930613
9781,3.65807716497912
51692,-1.39043140808479
101929643,-1.63720547236885
112268412,-1.62938842998558
9687,-2.08103552218265
28951,3.49580454728834
7447,-1.87361160966648
114818,4.31907274708525
105374325,6.15285429627764
102723401,5.06487961415729
1788,-1.03486960253695
7781,2.21140974346832
64838,2.99227300728354
64080,-2.04246483509154
51646,-1.40295161277166
79623,10.2309446746729
58484,-1.50149616717146
105374454,2.5848111596523
51232,-1.39413798837309
25797,-5.99423045271721
10602,2.48274577346331
107985872,-3.82448573454327
1545,-5.39563750634404
105374466,2.22084866120383
285154,1.47897417604666
107985871,1.67639456989224
102723739,2.41014717999222
105374473,-1.42619106036563
105374497,-1.24919338288951
170850,1.46619103829063
107985879,-1.9995912417237
100506108,-4.49794726765453
6496,-9.47499250392469
10736,-1.32179910671958
2034,-4.63351768933065
57217,1.46062683808415
56660,-2.0798785698214
2956,-1.03604853258311
286749,-2.34393211264453
11037,-3.00143079465486
9378,-9.00865632692738
105369165,5.93780164437519
400954,1.25472034915068
105374667,2.31107565898641
107985885,-1.90885165266978
114800,-2.81661232414732
105377632,-5.21326741656441
200728,-1.02798195795526
57162,-1.88695458310508
105374781,-1.75667962396172
730198,-1.21568497179557
100507073,-2.14392999672983
105374786,5.61885290559697
10438,1.77247453030761
25927,2.41119172165763
200558,-4.470784898962
84168,1.57088180420932
119,2.45560311447655
400961,-1.26647046167252
56603,3.85477637716463
2016,3.02002790732333
105374800,1.03737130807386
72,-7.06978131056646
151534,-1.62777339059226
1796,1.18789683123597
80059,-4.99064063212134
105374815,-6.56032460234656
101927907,-5.5892427967232
1496,-7.60179478373562
83439,-2.04820061555624
105374839,-2.73399840913748
822,-1.9088623507834
8869,1.3090706776586
65055,1.01355926458248
107985908,1.69890145183712
105374848,1.19439003833092
55258,-1.65244549249803
84874,-1.34002724197366
30818,2.54422736363206
653192,-5.44996674473422
129868,-5.55887064135059
431705,1.31115428942753
1844,1.37239037439206
11320,-2.06437146471092
343990,-1.93191961322788
80705,-3.24520751167909
150590,-1.98668407028635
4862,2.69831306192755
105373510,-2.0220873825976
3554,2.22152646347375
6549,1.45972207763637
5455,-6.99608151786958
100287216,3.48106396886138
344558,4.04399809078486
51141,-3.64462529548933
2019,-6.00388364826637
55240,1.989890787509
100874111,1.95973982757146
105373581,1.81300331906951
140738,-2.42390624095422
200373,-1.4830205372698
29842,3.88644696097811
107985944,-1.24753463948472
7852,-5.27952845417457
53353,-3.89475967686527
107985779,-3.4613225216665
9839,-6.48472958730442
55777,-1.14490342928466
3800,3.9642391341761
390,-2.73170038927908
375287,-2.3185861466824
9111,-2.92892198462218
785,3.99141632759842
3760,-5.8160484680326
4929,-1.71139745840953
440918,-3.64189336182758
2820,-1.97005955799591
130940,1.59601929202454
85461,-5.09767315355709
105373716,-1.37981134054363
105373719,6.23345924075812
10010,2.23880805780281
100996579,-1.38391474706172
10716,10.0220122872065
57282,5.07674833530836
1803,6.70038412395759
2641,2.20174078995775
64135,-1.52010495792116
55137,-10.9109467207883
107985957,-6.34348790332536
2888,-5.92372752587259
22837,-3.5322032723221
101929633,-6.91779671134606
151258,-4.84326379299334
6328,-4.13670708723079
6326,-2.66053113325041
80034,-2.45848142459011
100506124,-1.01045386167228
6323,-5.41752512085788
101929680,-8.7494587803847
6335,-8.63890845788603
6332,-6.57217059829801
107985958,-5.86723961501317
129446,-9.69013645188119
8708,-9.09784228698982
105616981,-6.54314895512014
2571,-4.38899727247232
79901,1.27265991621083
3655,3.09315740508446
11069,3.35103409436366
1123,-2.21610076017504
3235,-7.42574110964487
3234,-6.32896477064023
401021,-6.11067676340426
3233,-7.92551362425947
50940,-4.38744153827359
3676,-6.2032084121571
6744,-2.64498147014938
151242,-8.31940458244142
5136,-7.5878087785087
91752,3.91245431120199
401024,-2.26482629029074
107985783,-1.25495525570447
107985784,-3.30635336985656
51454,1.2429111417678
105373791,2.57140203873955
1281,2.66624732140541
100500837,2.61797628548834
4664,-2.09922458212745
6772,-2.13958850249942
8436,-3.61502667081749
23671,5.06770910518033
105373813,4.14430533939612
56171,-2.72942074522583
9262,-1.48003546732186
401027,-2.56287955939631
91526,1.06080969926417
23314,3.76821751613855
26010,2.14167232513939
843,2.93647565537782
55437,-1.27528003733191
8324,-1.18455012182401
117583,3.80450118925414
8828,-3.85200271935506
4133,-5.02863730527844
2066,-2.9920905290104
22807,-8.14093954271888
79582,-1.43660912047741
2335,-1.15698878059596
92691,-2.46306408974176
57574,-9.40370753340013
107985983,-6.77459267880831
50485,-1.12839148255173
100507554,-1.57420416101425
7145,-2.1417076832364
151295,1.3705150136664
10290,-1.32523768839566
100996693,1.62878514809646
5270,-2.88220051935017
55619,-3.63836128855661
3667,-1.14895416516154
1286,-1.31134022282579
1285,-1.40868062740436
151473,-3.40634028548724
3431,-2.10415164273733
11262,-5.01268944572205
93349,-4.22488505619486
105373925,-3.3917521462517
6672,-4.08022768566498
348761,2.50200380647353
654321,1.70893208247461
4880,2.75968661319338
251,-6.07812213775136
9427,9.26001371105607
3635,-2.86572227615989
10123,-5.8148300013398
23677,-4.54322123607611
2637,2.5490886348081
105373950,-1.73377674910031
1293,-9.041057658392
9208,1.00093615157438
151174,-3.80955455831343
55502,1.04443970633832
100287387,5.34718099848649
117581,9.47789363833495
57140,1.12804803951563
107985787,4.06730289273116
728323,1.47063386789591
152330,-6.35817591242892
3708,1.45027078861435
29995,1.72775785128431
3656,1.52956031496316
6854,8.4232043836421
5468,8.47477377182371
112267878,1.01766394123676
2199,-6.10634968322295
152273,4.17647850831795
9467,1.46272269321784
23180,1.04912070093765
6304,1.29115495824196
8850,1.65905200017383
79750,-4.77486929082933
152110,2.73714927373141
105377006,3.30680811155644
8320,5.52104070727418
645206,1.19766791694656
105377009,-5.6733977010165
114884,-1.84046820715412
23171,1.34764164649476
105377021,-1.79424636388828
131405,-2.77883929962501
643853,-1.08138409613913
26032,-2.24201095674972
105377023,-1.30872581173598
10777,-5.57294567284531
9881,-2.15788146188771
93,-2.19982002508248
6331,2.28472605909398
6044,1.15540486906091
253639,-1.69607003273961
2829,-9.1909284268803
105377067,-6.16048211906066
1230,-9.71981130029066
102724297,-7.87818787988986
1234,-7.16554684386252
9034,-6.82354989227571
4057,-4.91138108778202
5745,-6.8685398119845
10675,2.30929948102513
1294,-1.11168523584925
84276,-1.33397412584581
8927,-1.82844200322428
389119,1.86993997438776
7318,-3.14915674731163
79012,1.42870878538308
10991,1.18024019369777
2771,1.06676169514914
51364,2.83426596467486
1154,1.4366378234021
56920,1.35995706019337
50650,2.07063837873561
54756,1.85762461202624
105377101,4.16410242631334
57406,1.32568276283297
200844,4.63335911141204
2272,-2.34119156480859
5793,-1.10257469790216
105377116,-1.7631492264283
84541,1.17237513931869
151647,7.2559528478469
2850,5.45950568340488
23024,-3.40529792934644
100288801,-5.77327147334593
6092,-7.6292500380571
2632,-1.56282019268313
105377180,-5.38071049861253
253559,1.96097374998135
389136,3.83451281646948
5449,3.53654953147663
3355,2.77662971658353
55279,1.42946933095093
2042,-9.98542443477711
285220,5.20240089661159
107986103,5.77527198471357
101929278,6.190612614178
131544,1.34454676705773
105373994,1.38263337334548
131566,-2.13808319216925
11259,-4.93364456975787
55773,-1.7668308409841
348801,-1.16969387250627
91775,-1.0135756623213
64332,-2.89778471576663
131368,-11.5251360207835
105374016,-8.44327847130162
107986106,-7.04697442706322
105374017,-5.89818086234672
214,1.28546364355999
107986110,-2.50991496386666
101929485,-1.66364915491689
105374029,5.49337352668102
101929534,7.04674581503005
107986021,9.11541097699586
100302640,4.91491262401909
344595,1.7204336775255
961,-1.08952360105181
55081,-1.00439678546202
22989,-4.30505843513421
9666,-1.26289318128406
112268447,-3.22644030625159
100506621,-3.03802618335726
151887,-4.1513782164111
91653,-6.55314857354673
254887,2.07144093269905
26137,-3.55894236033003
4045,6.21260660144066
285194,6.83628489975059
100506724,5.27368720762392
105374054,6.83528594671686
105374056,9.82064689743756
105374057,6.9804976950101
107986022,9.83019571750664
101926953,9.04948583186411
57514,1.28521090181345
11167,-1.13209086029804
406975,-1.23890740827962
9515,-1.16232030805434
105374071,-2.67845978571146
83666,-2.90458608061688
151636,-1.66216819006814
54625,-1.49428606141742
102723696,2.21422348536605
200810,-1.05250267868437
105374085,-1.52854026884745
50512,1.20911790423256
2624,1.97143681666911
79825,2.88090708771243
23129,1.77550157888065
100507032,-1.79832925607827
668,-5.40489190166645
401089,-4.49845712384478
100507291,-2.10429453822897
92370,1.76960715043978
205428,-1.60479701626188
5352,-3.41651894749933
84107,-9.59840850793418
7545,-10.4115448740961
440982,-5.99904971153451
185,2.94820271410636
1356,-3.02517398839395
116441,-5.01246216808681
4071,-7.44529831662979
29909,1.55357363178617
9934,1.16764685993988
53836,2.13162867174244
56670,-3.43391686829241
5028,-3.68975545744868
105374171,-5.52931529522365
4311,-7.22316027099356
23007,-2.29409259192757
100287227,-1.01553199044288
25976,-1.36071658154556
107986148,-1.50125519385431
101928236,-1.33960363666325
79674,-7.11658456671991
5806,-4.3817684803227
152078,-5.122906267149
6474,-8.17558793877787
4291,-1.10749541090566
100505385,-4.72602782933329
29970,-4.72601133608312
3592,1.1924160375158
151742,-3.13464282497158
22865,-1.2511741000519
590,-1.67313119589856
5010,2.11995515219836
5337,2.68921567583725
22871,-2.51320449266791
5290,-1.06392695102994
23200,-2.70908800540876
27074,2.7083455324749
79929,1.01276360895881
2049,-2.77221627152856
64110,-1.21616070511403
285382,-5.84183878036785
1962,-5.54721303388949
604,-4.08209773338274
9076,1.75457634728181
344901,-2.94844267178612
106480738,-2.54659440299352
257313,-3.38789769231568
3280,-1.45997048127403
375387,-2.17749414900744
1739,-1.51012413053817
100507086,-1.80430457734802
101926923,-6.95772709185047
101059949,-1.79436846899347
255403,-1.78751107479033
642280,-2.1559410742383
7700,-1.12080513701297
285498,2.62732630185826
105374344,1.63677768321478
100379220,2.8990268488363
10417,1.79626918521234
401115,1.07960842694532
57732,3.2448689513788
10227,1.26170202196214
27065,-1.19633739348014
53407,-1.82499564942248
107986254,-1.98215324240049
100507266,-1.96659848470592
4487,-11.1759896963621
55351,6.70880653527307
152789,8.32652099173609
5522,6.43365271530653
23324,1.13531149941142
105374366,-1.34269218654868
8532,-1.1694220031153
3166,9.78194036333143
105369250,3.03314565522502
285547,-5.86958013949207
579,-6.01088745680769
132864,4.5866543910756
9353,-6.47114435037153
100505893,-5.42516636070809
91050,7.66403453886185
55203,2.41087410166504
10568,-7.81841259546314
55296,-1.0450564049003
105374548,-7.52587891931455
768211,1.40419912575015
105374407,4.99359167325679
10333,-2.58355168949557
80008,-5.99924973505849
51088,-1.82900633086306
105374418,-2.98472152021669
55584,-5.8264903509302
54502,-5.1270967385217
7345,-4.67471272007583
22998,2.05806413602096
8929,-6.18006618945478
389206,-2.40610074015054
152573,-2.70765967794871
2560,-6.41683857166147
7006,1.3085343108693
132671,-1.46664599853518
100288413,-4.2608861903228
65997,1.19636642107359
5156,-6.42458256638204
79644,-1.11637128135982
10874,5.14388051648328
84525,5.88405310878222
84273,1.72682746968563
23284,5.05153680792382
2044,-4.28488866506312
100144602,-3.92604678529007
8671,8.68349912117326
9508,-1.59891950189746
25849,-3.87282128502602
27163,1.78516737842785
3627,-5.44840974980715
57619,-7.22440009945282
105377290,-5.78423470198842
105377289,-5.48683388231376
901,-1.77838115915766
118429,-7.26651982654782
105377303,-8.47258615849067
56978,-9.80254743392939
2250,-7.70199126445704
79966,1.61704586100851
10855,3.35951710373714
404201,-1.77385350736512
4299,1.0343653476441
8404,-3.9754530117696
1834,-4.65087193444624
6696,-4.15585898631461
152926,-1.18988474385062
51191,2.57095731734228
266812,-1.36786724654033
285512,-1.91618332537165
10144,-1.63416549459056
166815,-2.04591639532621
285513,-10.3765209008171
105377328,-7.52826342827955
105377329,-10.3881537881989
6622,-10.5264730033332
22915,-9.14006050437746
401145,-7.7686631839335
10611,-4.27668201842072
8633,-8.16729107562826
100507053,-1.51827492827957
56898,-1.40993498401306
80319,-4.17038204976022
101929468,-3.85052075304816
27123,2.73402942784645
166929,2.26407535736036
101929595,2.17573817300457
107986298,2.10554043761188
100533182,-1.77704130937445
55013,2.33759329933766
5308,-8.95054262693147
132720,-4.49284661553298
287,-1.40771990314903
9871,1.56468482969851
171024,-1.93010914489502
54532,-4.69157528397258
79625,-9.67049821254451
79931,-6.92835793482485
84109,-6.61012871033067
308,-1.417177753162
105377405,-5.7731532763878
285419,-5.44188719015714
105377407,-1.08770281816307
79633,1.29850018288877
22824,1.40242822135776
100507487,-1.4004395063709
57575,3.20547749357578
132430,-1.04140609673826
105377439,5.98348936457252
54510,2.8537991528251
23657,-1.5216921134692
55534,-8.13414807817478
101927516,-6.20513946452529
1047,-1.59910002908625
7350,-1.78395058139762
8821,-8.73575134761422
1909,-3.56839313582069
166614,1.31820622463
729558,-1.8113612431006
10586,-5.90352877892898
152503,1.53441561939184
729830,1.31750061640618
85462,-1.80606527455704
2244,-5.24533263158204
2266,-3.79182017157364
79884,2.23661314187593
102724776,2.34604697915811
105377503,6.2763525636877
2982,5.63879147582524
2983,4.41540902258219
6999,8.32972615142664
1519,1.11982311501787
56034,6.50276783278568
2743,6.35160471602146
51313,1.91920022862239
285505,1.78114869444727
11275,1.09441076192976
6307,1.24523550710207
1363,2.30715507379372
55601,-4.45432613660754
91351,-1.90366639600053
23022,-5.44523055067717
57630,1.57278404223278
105377540,-2.09336414048674
8819,-3.2021430431146
11341,-4.76566776899096
9464,-6.91403161514251
79804,-6.64400023260568
2823,-6.8700996666389
101928590,-6.86416369266932
107984113,-3.61737881844132
105377555,4.65828827699649
7424,4.8156954015665
105377567,-6.78038953773068
152641,-1.85583033997657
53842,-1.10688199429004
56977,3.66353191148937
2180,2.42066692496946
7098,-3.78904245404249
132625,-4.71942065510713
205860,-3.01189726635288
401164,-1.7359125307294
448831,-4.39107171122966
100874392,-1.59695036927131
101929898,1.36093166648536
7015,-1.03510958971616
101929003,-1.31964311335933
651746,4.10843877610289
56172,1.70997186008824
340096,-5.70151090849162
391769,-7.83572756046332
107986408,-4.45424119248356
1010,-5.3770159853533
105374682,-5.6774698960601
1008,-6.54793656202809
1007,-4.97707829166939
643401,-3.25342671447214
1004,-6.70437499864438
23037,-3.28718610024701
4883,-1.8051393953425
23600,-1.11944127221508
100534612,-1.0569810864426
79925,-1.10321069169688
167127,-7.54397140600623
6507,-5.69825543467096
646719,-1.22504912877331
2668,-5.55576096415965
100129792,-1.78534669941264
6414,-1.20948717261331
648987,-1.63961713178067
23530,1.20125174832211
2255,3.97740803881685
101927075,3.51392085022426
102723839,3.75477216672444
100287592,-4.859483713488
642366,-6.67953702132573
3670,-6.23334527952717
105378963,-5.86323452673662
3672,-9.14804931394494
3673,-3.08317270423828
257396,-1.31278737112903
493869,-1.78963498712778
10309,4.76346568186212
4214,-1.4272473034071
10769,2.60522830244056
107986350,-5.60740994511467
285671,-4.6333626368676
100132916,-3.84510714173476
11174,-4.88254360397385
100506658,1.23221594897491
107986357,-5.59407814786216
107986356,-1.65507275356454
647859,1.26540871325212
107986421,-3.15258579826732
102724392,-7.94959367373916
105379026,-6.30854704569239
105379025,-9.15996447136551
5370,-6.58785920756705
55814,-1.09486750157373
9607,-6.80879922275161
4131,-1.11670203442136
51301,-3.8396806669436
256006,-1.74215675288296
10788,-4.0272131830697
2151,-7.73437141224703
2149,-2.60687773164778
2150,-5.54615419625927
728723,-1.2303393595126
8622,-1.08428926816955
256987,1.59077967771882
340120,2.77400339417348
1160,-1.79452897832613
23635,-1.3910646207281
107986430,-5.82469389398562
105379051,-8.52346064449489
1462,-7.9468603342081
1404,-6.75428888388327
10085,-6.04992593328477
645323,-5.50650952438244
109729137,-8.59597761994312
4208,-11.1484496734422
107986361,-8.02451989438557
101929423,-3.54350305877478
100129716,-1.05711886665116
105379080,-3.16538024672908
105379082,-2.28778042179722
285600,-1.9186275555844
2745,-2.49569378449212
51752,-1.59590161092375
102724748,-1.46361017517389
64167,-2.19060611774472
90355,-2.20023328536357
83594,-1.54388219794934
1946,-2.94873300856305
85480,7.93347097582764
814,2.62773043055287
134429,1.71999024697964
105369177,2.80977248078993
167227,-1.03800130939123
4163,2.55032281944576
1036,1.53380266410699
57556,-5.98585334576454
101927233,-3.8446121855826
105379132,-6.43385778916782
51334,-7.63247523105216
4015,-2.03999419765051
5480,4.81916942709881
93166,3.93979859664211
4001,-1.37288344698751
2201,-3.46646915551231
100861518,2.01274650963389
8974,2.37783689197197
3659,-1.84911437324483
134548,1.66626309019592
134549,1.2273429665448
56951,-1.10501223673549
101928005,-5.73045949818962
9499,-3.85831168525532
51308,1.19418654042904
1958,2.60932199826132
109616975,1.07073788283709
26821,1.5470354289347
389333,-3.50252399868136
202052,-1.32465578003924
9542,1.24648103773846
1839,1.38253176246178
54661,3.7276046482984
56128,1.40579965564792
57717,1.20443519736579
56125,1.66915185604746
56123,1.18359433093444
56104,1.71345963792813
56111,1.7722108199481
56110,1.17504480132449
56109,1.03723715384553
56100,1.75480386377028
56106,1.74835309166027
56105,1.06390764861324
5098,1.00689776054642
5097,-1.40657425227522
2246,3.68884019847647
23092,3.37735176985002
57528,-3.45274105239197
107986458,-2.29793017804812
153769,-1.63656731606476
105378215,-8.04337264404023
5521,-7.72088588282362
107986461,-7.96195431478759
202374,4.78046197728856
1809,5.0217586082683
5159,-4.49855715084801
340075,-2.70829900410583
2878,-1.74076365084827
26112,1.42166769810468
6678,-1.67024026808436
101927096,-1.59476498789154
9421,-3.89560696293493
26999,-1.67909335278361
348938,-9.77276092241033
8728,-5.04290481219317
102724458,-2.65544208802311
30012,-8.92047648844561
8817,-5.1231524472873
153222,-1.69090007572412
1482,4.71570465534056
8614,-1.8796310627365
4488,5.29431526587056
285598,-3.91074235934719
2161,1.38352976128235
23138,1.06960927966097
112267937,1.62660910287608
91522,1.96534282555083
105377757,2.17459500257689
80108,-1.57565257558235
30832,-1.90321604746688
9945,-1.09302063657133
81786,1.62486503636181
107986496,2.49159303616165
2295,6.1944786270605
2296,-1.25168427168572
5272,-1.51988318649487
7280,1.71919314998171
347733,1.14344272069928
2651,-7.37263034090609
54898,-4.7204456770637
4739,-7.36223243848306
100113407,-2.69712939262456
54438,1.03404565556249
29116,5.01343086729142
221662,-2.82217734996814
10486,-1.33609334712109
7172,1.17778816371387
107986575,-5.96830482867455
105374959,-4.75476805953561
100506885,-3.80929630122254
154141,1.03296850587755
6659,-1.10395176461988
7915,1.23693276250181
9856,1.99633248007549
9750,-5.77742964991669
55604,2.10871827521496
10475,-3.04362031004711
3018,-4.58287015025101
8353,-1.38242818187032
8968,-1.68783323431334
8345,-1.41396784306048
105374985,-1.19424840271422
11118,-2.15040111867173
11119,-2.3143289394745
10384,-2.79552912931041
107986583,-1.18548342930003
493812,-1.12689310317773
100189162,-2.48193945754679
102724851,-1.2725622182848
100189303,-2.4202717551126
100189372,-2.8280483228384
100188987,-1.02541716257065
10279,-1.33682816575272
7754,-4.08820834032994
105375001,-1.00328546367571
100507173,-1.37781577283316
8356,-4.47665916518538
80317,-1.1408198367288
105374997,-1.52962680901814
114821,-2.99611331927365
100189178,-2.40234566180643
100189082,-1.74215075799548
100189066,-1.49419329534979
414761,-1.38290751554439
3135,-1.13797057167855
3136,-3.32907929931593
3105,-3.15578842338015
3133,-1.39608262315775
3107,-1.69536048689013
3106,-3.65100599029593
4277,1.24995434888845
4795,1.04840751437565
80739,1.75689576120874
80737,1.00470603872481
50854,1.44152165320866
5696,-4.5856019380575
100507463,-3.6465656472822
6890,-3.87687157807669
5698,-5.96161978073697
100294145,-1.14072858437952
3113,-4.04689684199437
3710,2.82210447956495
101929188,1.67802894469477
29993,2.5333417952864
50619,3.72817402265894
7005,-1.15556130910579
51513,-5.54403378660348
1026,-2.43495572853737
5292,-4.73894548354728
266727,-3.92438663053362
8645,1.58296395483379
23500,2.53937084561277
4337,1.74700343275939
4188,-8.37988869606523
29964,1.12700458507222
2979,-2.07536557133947
5961,2.0875760269853
116138,-1.02402982810376
89953,-1.27323282188097
65989,1.88929102200997
221424,1.73602601047367
202500,-1.25915985313268
860,-6.12774766146531
27242,3.09174260962168
221391,7.4715980327351
442213,3.32992981088994
85315,-1.0928495924271
401264,-1.05365168811096
653,-2.59277624308381
667,-2.06183716939765
221336,-2.41351587756713
105375101,-4.10326097367654
577,-3.7100639290902
79627,2.61699630222615
22999,-2.14828677023528
100129128,-6.41496671328735
1303,7.98834068482628
55754,1.74014081388871
100506804,2.23093114258529
27145,7.89250317309553
101928540,6.23696640538823
4646,6.51006648489812
83699,-2.54191276939398
55603,-1.48473891747522
4199,-9.71972944846266
134701,1.22699536783912
112609,1.44353899688466
9096,-7.65882189957861
206412,-1.19343156150863
154313,-1.8593342265227
135295,-1.15668782800853
2045,-10.2904599770048
100861530,-1.09530680339918
101927314,-6.11293773770003
5454,-10.4744073526396
2898,-2.69977865425622
105377917,2.60593193915189
102724443,-1.09871654281092
105377918,1.61889936185588
389421,-1.74467354605801
639,-5.38754970911698
100133941,-3.29368373932286
55084,1.29341155674901
7101,-6.46639011423264
27244,-1.40765778076807
2534,-2.71812891763338
442247,-7.0184060254925
4082,-7.30090574632743
23270,-1.27590188057776
29940,-1.76496940427106
100287467,-1.72513964689025
79632,1.61642226306305
105377979,-3.27469815404698
105377978,-5.65031906337447
3298,1.67936376646668
5570,3.27731695517447
10924,3.07206218722492
154214,-4.08406970977749
101928096,-1.9158851643651
84456,1.71474465564352
1490,-6.96537969080917
8417,-1.00487086398588
105378008,-5.96613698459191
2070,-12.6672512825698
100507308,-7.98061177005058
154091,-2.31752859286054
4217,1.58917491406217
7128,-1.36009554753655
64065,9.73077541430973
57221,5.75612385969114
23593,1.27075702588223
57224,2.079654655979
58527,1.73036203363809
51696,4.93263984354596
10370,4.99662520803585
100507477,6.14517065325944
105378027,8.54959379076245
105378026,6.80841025687154
57211,1.70857454578833
3097,1.62887874920383
285740,2.17625881962848
5325,1.07289047389879
57061,1.40284353142913
7402,-1.67113556514202
7957,-1.19469626523552
10981,1.00005086295132
10090,1.73951043015273
80329,1.16735439039657
23345,-1.31288534061493
26230,-1.128483888417
105378077,1.37023781624358
56895,-1.76251018173819
100505879,-7.08933965909462
56975,1.26217532446281
5154,3.75133875441148
441307,4.47409142270975
11033,1.00647771115973
7975,1.31621645107796
100128653,1.10242314188682
202915,1.35456207514384
55501,-1.04477140810705
54753,-1.14736024578887
113263,-3.14027385693139
3382,-6.05027203342013
30010,-6.05411549456268
105375148,-7.29037576309671
105375147,-6.95060948378812
105375146,-9.71882843405459
105375149,-6.41498309588981
85477,-6.975044265453
10124,2.71830105658774
2115,-2.82553482203524
1607,-2.49237068127775
392636,-1.03247308503079
4223,2.00713540238031
105375166,2.01421247439085
729920,-1.35997892500272
100506025,-1.41219813283347
25928,1.22392326626781
57037,1.6951983269804
105375169,1.15207825974328
28969,1.04037573787519
27075,3.32819373623588
9734,-12.537364787347
107986698,-5.67607820472006
7291,-9.56977010623548
109729180,1.31297855817716
136895,2.5668170872215
105375195,5.48793285906272
646588,-4.36404056796538
9603,1.38777640397393
223082,-1.24121109258805
222161,-1.62200658211103
27241,-1.02135374997963
168667,-6.60308171057889
80820,1.50033227792648
54749,-5.5860682477018
100506776,-5.2511748401953
101928688,-4.81350076966149
79783,1.20475717343237
105375243,3.2243732055583
112267984,2.14569772251017
107986789,5.49012599436481
3624,11.5430963224017
285954,5.88402878712346
58498,-6.33315847166894
816,2.31794578635142
64759,-2.73322088544623
256979,-4.71651202630299
7378,-1.26622681551005
2887,-1.070123629814
23242,4.44992865079585
5723,-1.10396270284185
340252,-1.62924608393107
7697,-1.17094655956535
109504726,-1.31905912462588
51351,-1.15898284172076
677807,1.45488921235215
26053,-2.46661197836322
64409,9.25882549379292
51085,1.40047753827346
83862,1.0557531842221
222183,1.14019037882481
136853,-4.21839593707375
2770,6.87466787974367
101927269,6.83500803391739
346562,7.77073146724493
107986812,8.51023974244368
948,12.0432313640339
10512,4.42353482169204
105369146,4.26413407472102
3082,-1.63109599193387
101927356,-3.52023354863941
27445,-4.59538895250725
9723,-2.66462212762457
10371,-1.11201016823184
223117,2.96437418245437
261729,-3.10196917565171
1021,-6.11400018114012
219285,-6.96363631653721
7980,-4.50228962765368
1278,-12.4544034377352
23089,-3.93759311785564
285987,-12.6699793482998
1750,-11.2387843654686
1749,-12.6776602365498
6863,-5.86837330925895
440,-2.0844624882301
107986827,-2.04392418357031
168620,4.38946842848556
55971,-1.68512831802708
4885,5.65520964285066
222950,-3.19836571674605
7036,2.17977479727605
43,-2.17394667707575
81844,-1.96974155554796
5054,-2.51635582805355
7425,-3.11197431408585
136227,-1.2047030355044
168455,-2.06226739286877
5294,-6.57892583011238
5577,-1.17097464158698
26959,-1.22142114097673
54674,-1.63139839063487
9732,1.72311087655334
3475,1.3310837650703
54329,-5.58388109642867
401397,-1.55517053267007
22797,-5.68341365924876
26136,-1.20656452637853
858,-2.19623256726568
857,-3.79765267268315
4233,1.63770182076594
83992,-7.22025698458966
3751,-4.97427242038828
23554,-4.38836265152704
79974,-9.32534782279569
401399,2.22518889450643
107986845,1.79509728599324
3614,1.45543577656458
2318,-12.0155337567261
110806300,-6.74563331181232
286016,-1.15383401279945
100287482,1.74845500689083
23008,-1.76334095860956
1358,-9.37584104837381
51200,-6.07488516145809
95681,-10.3615655294876
4232,-10.8593761717865
317751,-8.02794717437488
442904,-7.42844373315041
53844,-4.20135345686478
136259,-1.46391690324104
105375508,-1.69772152418757
5420,2.56512194575142
136332,-1.47723177490656
800,-3.62780407052112
26266,-1.40039012485095
28996,2.13173302598834
51650,-1.06566085892833
100507421,4.40168979534262
57189,1.61481605178548
26047,-7.19893920785475
6084,2.05696272120522
155054,-1.85651342137848
100189008,-4.76116764147358
26157,-6.72516575949017
3757,-1.04850136384023
3110,7.5794520390097
645249,6.82919453332809
169270,-1.8938112408108
9920,3.98532333363146
107986909,-3.67966569041665
389610,-2.32966246091399
101928095,3.593533712108
107986910,3.49264358099513
101929400,3.05496180348794
112268014,4.60514372645737
157285,1.09380737863183
137075,3.55658359279985
79660,-1.46423135499544
102724880,-2.12920339942385
101929128,-8.82966171896221
4482,1.39401043318681
112268021,2.09366937592526
83595,3.5124417734621
112268022,2.14396327385235
83648,-3.29240619660927
252969,1.05304578620288
100506990,2.15715264297551
729732,4.41204297629253
4481,-5.86411415184709
101929028,-9.33329570431578
26281,-7.66431848327924
286097,-1.48932391626366
51201,-2.30390062688862
107986918,-4.16668646889118
6542,-2.48030107686674
5157,-5.56826351912956
57509,-10.8584068704011
101930275,-8.4828286530107
2267,-6.88077295138637
5108,-1.86177075112735
23362,-8.28660292732215
105379303,-4.86162025024567
63898,-3.15455348735687
102724881,-3.30609520536218
55790,-3.21302916241832
11178,-6.46006456404599
8822,-2.01276895434248
203190,3.63081009065286
107986924,2.11558586354921
1960,2.25006169035799
4017,-1.13923583308051
4824,1.35966981030473
4747,-4.33199745217497
80005,3.08937571913329
64641,-8.67987391620396
10687,-1.08908900300921
2053,3.3273493886083
157574,-2.01947820074773
7976,-2.07220491177985
100128750,-5.50792136154274
11030,-5.62958150790281
112268025,-7.22518489241126
112268024,-3.56142202735994
29942,-2.94132850228002
3084,5.04537500177558
105379362,-5.92253195710946
79845,1.02319442558217
80139,2.76926474359232
25960,-2.057181895604
3620,-4.60938878374755
100287846,3.16878482276369
112268027,-4.5498640557873
79645,-3.23367540126683
6591,-2.868843186024
107986942,-3.15029462500811
115294,-1.26870080704467
4067,1.09277562986218
5324,-4.13335959197154
8439,1.11830738392283
8836,1.42542384424966
7274,1.39939465869708
9650,1.2955467502298
100533105,2.21510678959905
23678,2.78350561854742
157777,1.0845858869435
641638,1.196240518333
80243,-6.86864235223448
23213,-5.57594491792284
81796,4.19283448818969
157869,-1.03361842175933
157506,-1.55230110221931
56704,-4.96872716504001
54332,-2.95412682703281
51050,-7.68950522478513
83690,-4.94790209646209
3174,-3.92655706222949
100192378,-7.27520643084797
79776,-12.766586840373
23462,-3.62131967654326
7163,1.52218006901001
619279,2.18493069985979
55824,2.96186882400151
2171,2.90878181323395
92421,2.22498530931427
64089,2.33359631690151
105375928,2.82021879216606
105375931,-4.27345227499626
138046,10.1591885503305
105375933,3.48814220149957
85444,2.80821847517287
377677,5.35936280818523
760,-3.89472481985863
245972,-6.61480053291935
4325,3.18984332580458
101929709,1.40334053435436
8767,2.36159055552908
734,1.75651200233206
1666,1.25827643329983
793,2.96206642911736
169200,2.38542435727094
94241,-3.23761700552254
79666,1.58197703864138
105375652,1.16244899062815
6383,-9.33807692988116
10404,-2.91358203291986
4147,1.07528947063588
79815,1.70228303304781
79870,-7.62240755445664
105369147,-3.31279698550946
105375690,-1.21289552344356
9699,-1.24077244303354
107984007,-1.86262702616598
23414,-2.41319888543507
284,1.71834005596557
340419,-8.06226968092125
157753,-6.70387962768621
7227,-5.63116990276108
169026,-6.96115361121096
105375716,-5.55193425113199
64798,3.49923728213346
7373,6.0468800369448
3037,-7.11902333416051
157378,1.24693188143213
9788,1.52427751653902
6713,1.14288248053622
10221,1.47885310185898
157638,5.10895815840321
29065,1.07471182966496
114,6.74871963956913
23639,3.28691271796918
6482,8.32019787823728
101927872,8.73143418195724
10656,8.84644440350591
54108,1.02183376443167
27161,1.13907160680153
107986982,1.61589359475492
101927963,2.30653961147459
22898,1.12543152429307
57210,1.42706451655855
2843,-2.17455522132952
105375790,1.74566760779835
23237,2.84023974142414
4061,1.11857412198266
116447,1.25411009211838
114822,1.73283955669635
389692,2.99057300190698
642475,1.17840273449882
93100,1.45453698597814
1936,1.0152472177241
225689,2.6984944678502
286077,7.82097807436761
100128338,7.45042483902066
340371,1.07038367582168
83481,-3.74730142484589
84875,-1.1334820150581
51236,1.15656761208489
727957,1.07335301406414
23246,1.13805141493164
642658,1.03687439525029
340393,1.31660034095031
26233,1.57721866225282
79581,1.20223194289701
100126351,1.23337180466907
55630,2.08357069527525
90990,2.34016423907519
8928,2.15923202046795
84988,1.58095741682594
101928953,1.45977087353143
6132,1.03343459441325
23189,4.95286100758343
101930053,-3.52423126039466
401491,-3.17045756241966
7436,-2.22954213522008
5991,-1.08291964896787
6505,7.05472322207023
55848,-1.6191498853528
29126,-2.5148920505898
2731,1.718062292792
90871,-1.05946256683245
5789,-11.5071924912755
7306,3.2346119297777
101929467,3.17228887299728
286343,4.38323956311095
107987047,1.20402584137918
4781,1.87339719785395
340481,-1.89272910520839
9350,-8.71286558499523
158326,-8.87379076049569
4300,-7.31830759276468
100129669,-4.68375213614672
158038,-1.72607882006299
23586,-1.7696096006425
101243555,-1.45051854757821
57462,2.06933132350649
80256,-1.00181080453391
6461,2.02931050040762
100289137,2.24791040369865
253650,2.42028965322632
158228,2.62944637772449
79937,-1.71412977098143
401509,-1.75604650437475
654466,-1.0249923563423
595135,-1.56118840526511
728577,-1.79388545448172
107984126,-1.80064259427323
100289279,-2.01898923646932
103352539,-1.46102228362334
100132249,-1.64623363570886
442421,-3.48200913366357
203274,-1.30465737108396
644316,-1.55582764833786
105379251,-1.40867159126599
26149,-1.34438227672919
643827,-1.34452691371231
105376070,-1.70454468090042
8395,-5.74810907765972
100507299,-2.90715029875189
101927086,-1.66753629589097
80036,-8.90270680001708
105376078,-6.00701721267702
107987078,-6.57460846907561
107987079,-7.8227618968933
23670,-7.60560684499414
6096,-7.11805826645192
26578,2.6173569843721
29968,-1.64312199150071
107987083,-5.74115735786383
105376097,-6.8251065582818
101927450,-6.7760671356916
7091,-7.78136336522446
7088,2.8830481560764
286223,-1.82332946355274
1903,-2.48375294814181
53358,-5.15370256854032
4783,-1.68727617839624
89846,1.98238184061137
56033,9.55104259663624
101928040,5.72178466376222
107987100,1.95755872155636
84909,1.55575416971659
5727,1.29731441047388
100507346,1.33918683047816
100128782,-1.02905108926822
2304,2.78418706566181
55357,-1.8472002613794
9568,2.40636064839331
55014,-1.08565995211488
105376177,-1.85597891007367
8577,-1.21493819744644
229,-2.53671866774418
116443,-4.44602362382211
105376186,-5.44574111271598
19,-5.26486584088318
112268038,-5.72007048441083
23446,-4.81576793947098
58499,-1.60022008234249
23732,6.83677140442851
54566,2.73732922064334
107987113,1.62079827680458
5774,7.16194590533756
445815,3.68251041297404
7357,-2.0301271581946
105376220,-2.8941779962307
64420,-2.07138351814971
100128385,4.05535629266906
286333,3.87711756426324
210,-1.17592450319864
5998,-3.0921950361767
85301,1.24821874590781
105376224,1.40768893626209
80709,-1.13553397849598
25861,1.36338502723103
105376228,1.53518138833942
3371,-2.68089206969688
105376235,3.88060340315448
101928775,4.98780398560735
58483,5.61101742254486
105376236,6.30900913145366
5069,5.03327630486354
105376241,6.51471403954966
493913,4.29717353547147
100288842,-1.26195905445909
110599590,-2.8319631889838
727,-2.33208098551404
2040,1.24461904401129
153090,-2.08800710866753
105376257,-1.54903044997148
26468,1.71520397411305
57684,-1.18256543851691
2844,-1.40867563209739
105376270,5.45240859427507
2649,-2.88066725084717
169611,1.61432687409635
101929014,-1.31742617580336
5090,-1.9087324387209
107984127,-1.93690676318044
105376277,4.64855531740911
4010,6.8019508225639
138428,1.11523969235556
286207,1.26789863490497
1759,-2.96277707762228
10444,-1.26739704579853
100506119,1.36519743509415
9536,1.75090376221151
27348,1.13467797530219
445,-9.52005522485285
84929,1.79962018375275
10319,4.04919050172613
83543,1.0149140467072
84814,-1.04995903365629
84628,2.36357877706918
11182,1.28294024789484
642968,4.45846145399855
1757,1.32657892243934
10439,6.23390645169417
954,4.13973436151818
29952,-1.57359447384727
2902,-3.02216945275525
54932,-1.07214672046947
92714,1.41247385742667
774,-1.51549747826149
643224,1.72190901841892
5214,1.96143406520167
10531,1.06313751463663
100507034,1.16752624658503
1645,1.56275520830629
1646,2.3455926955113
8644,1.50615439487952
439949,1.365061056431
57713,6.83137662405989
219731,1.24272522853789
57118,1.42718660731835
83643,3.36729529163532
10133,-1.22033543929971
222389,1.04806459391533
55691,-1.18886987597447
8516,-9.44481099390387
1787,-1.83793546234754
338596,1.45217807715456
105376436,2.17538220623452
107984213,3.93615219685569
100499489,-3.04950431063732
22921,-2.57403492669421
220213,4.16692814328633
56243,-4.23279859645701
56952,-5.28620095005639
57512,-3.69541198261729
6840,-1.4107078198494
1326,-1.13393038976179
105376486,-1.12213768793776
3688,-1.01404953072291
106633814,-1.1325728757722
8829,-5.50212454981039
107984220,-3.15626970430837
8325,1.61333738683913
100616500,1.58301677676276
7582,-1.29182023281642
283028,-3.17706883713234
5979,1.66951569913598
220992,-1.67608594390187
220972,1.10512938958616
93550,1.35146264481127
102724488,-1.3320368802853
58504,3.43677621409153
196740,2.49686066133473
29974,-8.30817620406317
22943,1.40484047635119
105378305,-1.77201899921009
4153,1.31952026679538
105378307,2.02811865356183
105378306,1.66592579087412
105378308,-9.16010229609487
65217,-10.5765461062926
80114,-7.04891171170992
107984234,-6.50873614946419
728640,-1.41726534711366
288,-6.82059337565893
107987153,-5.31406479733304
107984292,-7.53987845642285
219623,2.1829106530057
101928781,1.3871979416817
219790,1.76279791545316
22891,3.27575301716923
1959,5.09218678060251
221037,-1.26906044168932
84989,-1.15216697449165
101929846,-2.97274279127971
101928913,-2.21359914423823
29119,3.30747275228554
101928961,5.19882943689544
347731,7.33067676559505
56521,4.93667224348334
23411,2.08344857509816
80312,-1.19177283419781
64072,1.9018240986358
9806,-1.69074885226676
54541,-2.25928665970023
5328,-4.09077759323895
414236,-3.7480227835187
7414,-1.9936379642442
107984244,-1.48480162082782
3778,-8.16318441891088
439990,-6.96948526087867
4143,-5.8673345838727
92211,2.97679212918344
2894,7.11230467939706
11155,-2.98706336536875
79812,-2.83492943218672
6623,-6.8912176921857
439994,-1.0246593441531
9060,1.1631297044067
100144748,-1.22082342078608
55328,-5.71698750681295
57559,4.01914089933104
100132116,-5.45537275336826
59,-5.5476850283289
355,1.13513593050805
100302740,1.64271385678446
3988,1.89142376660092
105378419,2.04328267894728
3437,-1.61795324411691
107984251,1.34440070130127
387700,3.11834574522762
27063,-7.07232959320274
84333,-2.34454076252439
5507,-2.75205248231732
80351,-1.13474843646999
143282,-2.53700739565961
26509,-5.26908393317605
55165,1.10134431090168
9124,11.0901474036856
10580,3.12775537162163
6585,2.44691561869576
10023,-1.01793668223842
84171,-2.47020548125686
60495,-1.67002896829016
26507,-10.4887467289044
5076,-11.79627457897
55719,-1.69212821867098
81855,2.41243897797079
10360,1.09837280768906
83401,1.24646527191038
5309,1.06546270326822
5662,1.60574353553605
79946,1.00178359820297
54805,1.60846742838353
22978,1.46462507331892
9118,-3.99059351881431
9148,2.67930131096171
159686,-3.19582650863465
114815,-5.81473538169818
120,-5.82180079974305
282997,-2.09153962878467
27250,-1.88330977073578
153,-4.80606005150678
56165,-6.38592049409228
3983,2.61466527044851
259217,5.74279256792995
387712,6.63549110576512
57698,8.07224047534612
2263,7.55477553712357
5654,6.90147316886291
51363,7.66603477452457
8038,-5.48559996539864
5791,3.90069082550742
107984280,-1.60618028552943
105378568,-5.79400789828823
170393,-4.52859503368474
54777,5.19498124279412
85442,4.62007170283303
8433,8.27113947474771
50632,-1.57516438390035
1571,-1.26353946784495
441581,-4.39416429982011
8519,-2.99818186449212
59307,1.04792253260498
256329,1.03216884387168
692247,1.81464432430518
8045,1.42503532678073
6343,-1.4598151355599
1815,-1.1460374698668
51286,-2.12248712892284
283229,1.56559174827595
1850,1.50586585653569
103344718,2.8192743006978
283120,2.83459401187344
100033819,2.68314429095501
3784,1.55719857109694
7262,1.91624182339434
6737,-1.40848524522973
117854,-3.40373657937698
445372,-2.1324625175131
53840,-1.60020034507523
10346,-5.60435882626141
283298,-4.42932437254444
8495,-1.44850935307541
51700,-5.3597027186313
341277,-4.89723203976254
283299,-4.74522900117513
79608,-1.4023567315502
4004,-5.68408076792314
105376536,-3.14470635574599
65975,-1.61457422335935
677808,1.25340603800609
133,-2.58113080422257
729013,-1.44678765279418
374378,2.85771230600268
107983976,6.8609492786963
9645,3.70597754654143
796,-5.32823481710309
797,-5.48729424684059
55553,-4.83544011149341
144100,2.11730992655845
85388,1.21021259026463
4925,1.03724158974131
374383,1.04416666535323
107984316,1.05511129530648
3767,2.54909545360655
6833,2.78671132280807
3746,-3.99837355378912
6289,-5.38318523320314
6288,-8.05750150041164
107984320,-6.06945698966227
203859,-4.4591542139069
57084,-5.15115689525838
258010,-1.85196353826118
63982,-10.5501983044499
105376599,-7.33310621632579
105376598,-6.57006762455838
143662,-8.46833003307725
107987160,-5.72708956121623
159963,-9.02682054826945
387758,-9.17313818039223
55366,-4.02788973124432
627,-3.84505230819157
744,-2.7805638441281
341019,-7.57374078726592
105376611,-6.69334468168084
5080,-2.48984386006985
79056,-3.064250280761
91614,-5.44138017205111
25841,1.07596649678985
57689,1.56315044812616
101928591,2.4347977201087
387763,-3.29062080594417
60529,-3.3044831536626
3732,1.04554761141673
9537,-1.00376499946205
56981,-1.33554315647778
55343,1.03268562186158
120071,3.21615012585494
90993,-4.12221726108956
4192,4.0632579922224
1132,2.81455012474865
10062,-1.01491920472286
79841,-1.56654613482288
283116,-6.08574502691077
2346,-5.18456695370187
79097,-5.18876691230004
219525,-9.04620979917267
105369309,-7.65600654835991
219527,-7.52681608072288
349667,4.12923771140097
9246,-1.22238621027818
710,-2.60143071552519
100528016,1.14885160762017
1500,1.24919864081132
105369313,6.90540215380109
9404,2.65557694667029
80829,1.67870060126253
386607,1.76028873229913
1270,1.78218185568992
219970,4.41433649425186
92292,2.23819461418849
283194,5.76496516771781
105369315,1.03655163175249
63901,1.89163598993273
23220,2.09355962735596
219972,1.92834156738219
102723575,-2.16070117205271
6809,-1.65440036040593
51296,-2.07110837319975
9066,2.72937243410568
747,1.07551953008119
9415,-3.32083425368423
3995,1.44992483474763
80150,1.70816168926605
79064,-1.07287925925758
5920,-4.81572653918469
11145,2.17591052181825
9379,1.17305363797147
10235,-2.78889976552549
5837,-4.43356551200517
170589,-1.99526877771569
116071,-3.2264792707832
10435,1.02925369986908
83786,1.68236933397388
254263,-1.19807102327849
256472,2.50877650432679
57124,-7.45237118347069
266743,-3.77781324251886
89,-4.94490422890599
8722,-5.4226803032958
78999,1.06772010903606
91683,1.95181324232966
54961,4.90294622500001
374403,1.55391536906723
57571,1.04027025108267
347853,-3.07795757152349
112268076,2.48890373178745
81622,1.87387349230583
221,1.04512411576453
1374,2.54499161460392
1717,1.10596333463399
5029,-6.63342120589408
374407,-5.03628552903005
7351,-11.1466075797172
7352,-2.33613828059048
51400,-1.61052339135204
105369383,-1.89942403385438
283209,-2.69749199909448
387787,-1.03344402046786
100507050,2.39376785976332
408,1.10607825534197
81544,1.64777091729217
105369389,2.9729127672951
7481,-2.56597895064724
2615,-3.76007708530745
101928837,-1.99547051412701
4647,1.24011499251833
100532726,-1.33024049807694
65987,-4.31323488737799
4718,-1.24644803289729
338699,1.20776188521398
1740,-1.3424961477808
105369416,-6.39825950014462
55863,-2.64007048603256
54843,3.43424318948433
1075,1.28489093653115
50507,-9.37856275869154
219595,-8.39508159377727
57093,-6.71129259495539
642446,-6.85358983677316
399939,-7.09152266433244
729384,-7.17755914711317
642569,-7.2273523662071
642612,-6.6638893932438
10003,-4.91150521213034
120114,-5.16386910494201
4361,-1.20468110869829
2526,4.78302332440903
105369438,3.23049673085179
154810,-3.89952271499069
55693,-1.15486130490111
390245,-5.5940775378803
23052,1.27087806999117
143686,-1.88047413339189
84441,-4.83598155939294
101928477,-2.84944970951851
4317,-4.5890012758553
4319,2.26634404979112
100288077,2.26792230928615
4312,6.66085756192543
4314,4.34876469110836
4321,2.59288723440827
4322,3.82942352479141
105369464,-7.25298196665012
80310,-9.24822054808067
102723879,-7.19486798927726
102723895,-7.41372150241144
837,-7.82765020344526
838,-4.68221241650561
834,-10.6122261120253
114769,-11.1894099580084
440067,-10.2722734529893
440068,-8.11349273714679
2893,-10.1904916583041
23086,-5.85423295421576
85463,5.10915237784688
105369486,6.30910255205022
2230,2.10191611372481
105369487,1.99457400349311
57569,8.36418445591857
143903,-10.6507177367229
6876,-3.78480474450758
9159,-1.36970440582555
64137,1.35384915387217
5818,1.53564868385879
105369525,1.37409943533776
102724301,1.78317742679169
219902,-1.46079850778743
6309,1.03224202017289
6653,-2.00478438168681
399959,-8.58614491821953
4900,1.31345981367044
90952,1.84215138434539
9638,-3.44163980664004
219844,1.83582265327547
170689,7.96407842706355
283174,3.96736253718682
22997,4.24802223488845
89944,1.05779962578852
112267876,2.88824478917604
102724852,2.83589089777564
81029,1.1957955507793
196513,-1.83857772645116
775,-4.28650926668786
107984131,-4.91769697821691
10867,3.30133592121085
105369609,1.14249175443452
928,2.70343876328922
55200,1.10266000847807
196500,1.55366011569369
3902,1.21638777781694
920,1.06980381536696
2784,1.14512508702774
283345,1.17962095952305
171220,1.03467570399957
2026,-3.94328406045809
5777,3.09045348304309
716,-2.48126021185917
715,1.888259319838
9746,1.04419481906294
440078,-2.41178151987636
389634,3.64807321598122
57494,-1.25081412560144
10219,-1.62737469721659
2,-3.02227918069388
374443,-1.28064530626474
23710,-3.26309925117518
10748,-1.03950757553458
9052,1.63362102437131
83445,-1.23226588868463
105369666,-2.21042905390843
2012,-1.41499930346919
2904,5.70582972753647
105369667,5.93193168524688
79887,1.549067491687
101928317,2.03038972666863
101928290,1.34026843673488
4256,-2.82841490713529
397,-7.05966311228161
85004,-5.89831229499793
5800,-5.7129942427922
2059,-3.9927414508264
55885,-5.02649483689385
5288,-3.37607556109881
54477,-3.39887234195254
112268092,-3.65981952437889
5139,-4.12233425638013
80763,-4.29126302678481
6489,-4.62925416284668
6660,-4.74079792454699
586,-1.42529446793399
105369699,-1.01870577134668
144363,-1.29628770249504
100506451,-1.38160740834068
79365,-7.23009234560139
8082,-5.54880213143885
3709,2.26532132655513
56938,3.50415209331143
101928646,4.30181400976044
55711,-2.04838128253641
100506606,-4.39384965418921
83857,-3.20648478332203
58516,-1.00472548928631
101929027,-6.62063426115334
100874249,1.81167671008376
121512,5.61992959265871
144245,-1.44588893678797
144402,-2.57671668838291
107984504,-3.64159481986567
114134,-1.04474078077603
120892,-2.30916462183791
283463,-3.01869730416403
144165,-4.1459652009914
83448,1.77296015918239
51135,1.76187792363798
84216,1.42190671437947
4753,-4.58727800796852
440097,-7.12205508040704
105378248,1.16327112521729
100233209,4.23071525860375
105369747,-2.80313522979103
10411,1.16460310138203
7421,2.50165292883836
1280,-5.3040189517295
102725258,-2.64389897556092
27289,-1.35889215263753
23109,1.67690116559087
5630,3.06996590404935
338761,3.02426192386514
23416,3.40011730302537
105369761,2.80363769104789
5463,1.24107594877744
57228,3.03900815976303
102723983,3.55890847699757
160622,-3.90832194824274
3875,2.71710178707478
84926,1.00916602917593
3489,1.22125035766096
100874365,1.28399578999581
3226,1.30993595090907
3221,1.38631410622147
3222,1.42543354044934
23468,-1.2675100891718
4778,-3.0326430645212
102724050,-1.55347751867644
53831,-2.70675576423468
3678,-1.84532684363925
196410,-4.84550919977934
2065,1.41098262616884
105369782,1.05821196593546
140465,-1.2240676943643
6773,-1.46773682250474
8914,-1.01572492409347
4035,-1.57581732475876
105751187,-1.66760378834691
3626,-2.44491728955402
83729,-2.85824051782583
64333,-1.3386599302716
196403,-7.60558741676303
116986,-2.57605473058402
100130776,-2.28305542145233
283387,-2.43694259707782
113218505,1.19816364278304
57522,1.46781284593279
23329,4.44856641345135
11197,2.23694842351529
23592,1.18959378220507
100507065,-2.30458796867579
105369808,-6.32884213852943
105369807,-1.60722999727108
8091,-1.26357898498762
3458,-6.62047172533685
56890,-2.53559899578294
117177,-2.49578612552991
101928062,-1.3595133738494
8549,-4.16866070164396
121278,-5.76801990617181
29953,-8.90994027366978
283392,-6.28766036868292
552889,-1.18957473944572
22822,-2.92423949580949
79738,-2.10046245672883
89795,-3.27411349726423
105369859,-6.35274025843595
6857,-6.92949651313319
84190,-1.05794787537565
160335,-3.50692034160514
84125,-1.52339008332732
8092,-10.6631308557281
107984537,-6.31879086605108
9182,-7.13087050651766
4922,-8.21332859342365
25834,-6.53507075785511
4254,4.03865885836275
1848,1.23126971606791
100528030,1.23220211070413
8693,1.18205458097191
105369890,-8.15342858245076
11081,-4.53035938642778
4060,-2.75682499286042
1634,-3.45706882173555
144481,-1.33231979350751
101928731,-1.75881855469943
10154,-1.36012051726745
57458,-4.06620470790507
196475,-5.99876855092571
55592,1.37702611593589
83468,-1.61718056559052
493861,1.1804387000275
50515,2.30293004633837
112268100,1.99383982499493
84102,1.85989304803587
160428,-1.17313149736188
121643,-4.03626273475504
84983,1.20585157865377
400073,-1.03606281232159
217,-1.23971532161416
89894,-1.13430699706685
4939,-6.54921770346969
100287569,-4.80411024782299
54997,3.84230877034316
51347,1.02125828826418
5829,-1.16469489296147
9478,-2.4808140332199
101928346,-2.02897023279833
54509,1.03163133587263
105370052,1.79768703397722
4326,1.05171710046818
100996246,5.97295670653702
7556,-1.06306822164518
7750,-1.09691718373845
2700,1.50936399929155
51084,-1.46916453079784
8100,-1.24052618187551
221143,-2.23732172409023
64328,-1.00498848728367
10284,-1.46406589930188
78988,-1.06347417263096
650794,-1.33712669327213
221154,-1.04088649980806
6445,4.10035611696726
100506680,1.98322007595293
100506697,2.25485615218562
55504,3.19765925233214
105370114,2.78493040804766
542767,1.65092247046416
387911,1.41168455426485
221178,5.33988291266758
10810,-1.47506655634522
222484,-1.17285986032686
255967,-1.37684891279399
100288730,-1.34822846964963
51371,-1.09309082980602
6541,-1.14518264052126
10208,-1.04587450545366
145173,-1.38673134430959
10129,-8.23075425453711
675,-1.04927217994475
90634,-3.5826760850136
10443,-1.54235293033956
100462953,-2.50672012522114
116828,-1.91038217814231
23047,-1.1615326140889
90627,-2.46183090539309
5983,-1.27889728771624
26960,-4.89908440297012
4081,-12.201362846923
9201,-6.51996337265535
400120,-5.59874638009349
5994,-2.01632468480874
4093,-2.32498032658064
11340,-1.3719353109204
55578,-1.32028299893423
105370165,-1.39809987008533
10631,-7.05818169791373
7223,-11.4367264522511
101929077,-9.89878374294032
100874188,-5.90680493890362
51569,-1.71675537694375
341640,-10.2755364990341
80209,-1.13994955258724
2308,5.22083004020524
10240,-1.63084751837254
10166,-1.27179950397826
100616668,-1.0864861316029
693206,-1.32572564070112
89890,-1.18879761687917
84078,-1.48510028492106
105370174,-1.39750393647349
23078,-1.15366667691194
55068,-5.89930665005138
144811,-7.55910623461866
8848,-1.35969130804108
26747,-1.31413298406717
23091,-1.36542877239895
3936,-2.06219077409001
2098,-1.28845137299821
107984570,-1.49602520995506
8803,-1.0901094516386
55270,-1.01967405921891
29079,-1.08867520750041
100873965,-1.17646815132509
9445,-1.14608994018894
5925,-1.19596001832807
10161,-1.7479886425222
1102,-3.81058030006601
57105,-2.88836884474259
107303344,-1.09675513443161
51131,-1.41589120837691
220108,2.22522420485085
647174,-1.33310042803586
100507398,-1.62742444080553
115825,-1.13834437663207
79758,-1.76294254564846
440138,-1.29540693348268
9724,-1.26588178980661
100887750,-1.23982235118415
55901,-1.63086973644365
51028,-1.49560760528319
26586,-1.07827435739385
27253,1.83004370851059
81550,1.69308407195165
64881,-4.48546093502418
105370236,-6.80846491976121
5101,-5.11681844548246
440145,-1.0911070650851
22894,-1.20437703853457
10464,-1.30631500174969
7347,-1.28331799974568
101927155,-1.07237512363545
115207,2.98858103377939
1203,-1.30181564901775
100874222,-1.41380451227937
5457,-6.10171208943888
79596,-1.44358389977541
105370276,-2.96412781752853
105370278,-2.15349422261677
105370310,-9.55418622331607
101930747,-6.13849064652206
105370312,-7.39728312916512
100874150,-5.64937383828207
407975,-2.3935490796306
406953,-2.41791183577685
406979,-2.51665081180467
107984617,-2.75060376267993
2262,-6.49208930192751
10082,-7.82249352346771
160897,-1.24903692038202
100289274,-1.64715792018372
105370322,-1.88547505848419
55757,-1.29795629668705
10150,-1.7048150745139
8428,-1.07917116217272
100874069,-1.68887218882643
100861541,-1.51125653873563
100289373,-2.15354822628026
337867,-1.32416426331243
102725509,-1.7865681496166
106478991,-1.54112305466789
171425,-3.98547700849874
7546,-5.04656886118626
87769,-2.18416434864396
84899,-1.2464148762101
7174,-1.05717148826183
54841,-1.06975183366864
112268109,-4.69555240184098
1948,-7.32039806936678
105370363,-2.58565401999987
55608,-1.49632919004296
104355135,-1.50270218415722
101060553,-2.27449410895322
55795,-1.01335847791638
113622,-3.09333019068391
55002,-1.17804107281932
6011,-2.56037371274866
22821,-1.13539571453206
8881,-1.00360509847512
105370384,-1.12619832020396
65110,-1.0546554098375
283489,-1.05280810052535
55701,-1.16497304312064
6297,-1.35610949555415
107984651,-2.08988817476195
23428,-3.58126729258969
10202,-2.6086738096992
5106,-1.45633354062499
10379,-2.64118454352636
4776,-1.45955574089738
57523,-2.06760877330622
101927045,-1.60123149541875
29091,1.591937224277
105370416,-3.55699283823424
107984700,-1.93942968729001
100505967,4.07134973105274
2290,-7.0967424592797
387978,-5.45544273166247
394,-1.06814102247451
84837,-1.76366620358316
9472,-2.64104404739679
112399,-5.02170193030701
105370449,-1.82758854905901
84684,-2.26369764198729
253970,-5.3259579035358
7080,-7.35474872549358
105370455,-3.82884640807206
5083,-4.28856553857132
3169,3.61041133994062
105370456,-5.89151349817283
122553,1.50746679640569
105370469,-9.70540960713267
145581,-10.6103406138749
105370478,3.53021218912994
105378177,4.17561318127303
161357,-1.65663850063743
5836,1.22610755436765
114088,-7.90825734123654
122786,-2.1114634529917
22795,-6.14268067658446
105378180,-5.38892265404115
5732,-3.01060141544747
57544,-1.46605451452516
283554,-1.91352077733604
105370500,-2.68455738936271
10979,-2.34462882606067
105370504,-1.19802605820674
4990,-6.81602065051696
104548971,-2.95248867555849
6495,-3.32111540363211
113218481,-3.1872481642502
51804,-1.55574487978667
4331,-1.24251877593572
5583,-3.72840274995422
161291,-7.04970779317522
105370525,-2.72028554015169
100750246,-1.00547842975522
3091,-1.06437239820372
100750247,-1.10016232066553
83851,-1.97149563583936
26030,1.04112235233744
6710,1.16446619457281
384,1.11193122725625
5890,1.36750602865114
101927971,3.61095555716722
105370547,-5.5515589334981
677,1.06371619751799
105370550,1.01469521825208
57452,2.29578859570232
4293,-1.04254164136116
100506411,-1.84934489553176
26094,1.32430190908286
399671,-2.80847678074598
79697,-3.09039570901352
145482,-1.00014815151369
122961,-1.07979388456208
4053,-1.10966587711382
283571,-3.14481636405199
27030,1.26858659099039
79696,-1.66115084264027
91754,-1.53075965101399
101928377,-1.42884011311523
102724153,1.08209906606534
55640,1.12627528587344
7043,1.05316865291122
23768,-3.73473786827749
102724380,-4.15646499045399
11099,1.29070686928765
123041,5.39587110800845
79890,7.01367753145363
57578,-1.82474521938354
3429,-9.4407909609222
12,-5.59946260335632
79789,2.13883232446987
161176,1.35264801225403
730202,1.16776724009946
7453,-1.7895066393313
79446,-1.57434008186537
57596,1.23978102585986
8788,-7.90886901273734
1735,-5.33154740823458
5891,1.31597450453076
7127,-1.39310226086202
388021,-1.66458917849318
283638,1.25584145841363
3714,1.41489540607596
1397,1.31816523538291
105379272,-1.82148450458318
727764,-1.05785386436166
646396,1.10591760683979
57194,2.45848255724758
107984770,2.80690645237327
2558,7.2950368512964
89832,2.79625378698469
51621,1.40557211578523
105376707,1.54971850566535
1139,2.70556088378999
342184,-7.78538268564821
105370765,1.00478196796113
100507466,-2.33700483436663
102724214,-5.31158847109007
145845,2.45805080603529
4212,1.01004141242165
107984773,-2.69137065857837
161742,-1.20142632295359
10125,-1.48882225446095
105370774,-2.15446602399251
7057,-8.49945457190682
105370941,-1.20659577194165
11245,5.08845163166086
100131089,-2.20979857652943
90427,-2.14205776624587
388115,2.24606134117754
85455,-5.12946341583341
171177,2.08415526793628
79094,-2.02824744609121
3706,1.5095091510523
101928363,1.98846149738902
197131,-1.29232677239548
4130,-1.68859794768932
197135,-2.72547999364439
567,-1.9419633739817
113218500,-2.15245804377674
100419583,-1.80043883893369
53905,1.63190624467514
2628,-2.55438210734612
80031,-10.0182271886798
2200,2.3192116868911
399694,-3.58595132171518
11001,2.87999090557637
256586,1.21552168974965
10681,1.27035922052073
55930,-3.64947878399978
4644,2.03312692986372
3175,1.16434593967655
105370826,1.77151441949066
256764,2.88739306178006
440279,1.69358512543009
105370827,2.92415017538473
5873,1.47541164472986
100533483,3.07288085088739
9236,3.40254555272723
145788,3.00170847366693
283659,-1.50085755377368
145783,-1.1818416645947
8854,-4.40081573712186
145773,3.21487988642606
7168,-1.52031461640158
83464,-1.935025442494
771,1.99011796837443
283807,2.69832942099548
23604,2.21305692176713
9543,-1.48460675223137
57722,1.1186642159391
64799,-1.33209383698382
54852,1.36110975980278
7090,-1.27015402509923
105370877,-1.55929542621389
104548973,-4.04668934645303
107984791,-5.25291534619698
55075,-4.74070885915875
55323,-2.34815122338304
54839,-1.29311164849648
79875,-2.44776044044144
4756,-5.49949327116288
10021,-2.35484686075708
5371,-1.38365803456455
64220,-9.73999405195462
8482,2.40394895189012
10620,-1.15026648601771
92912,1.5431101963314
84894,1.5967117643908
105370910,-1.2452708097833
1381,-8.14392306839147
105370912,-6.05565917465729
1512,2.07074740006572
9915,4.81933234807636
64506,1.34318409359725
4828,1.06125640370911
254559,3.65219551935584
51458,3.21586540105061
374654,1.1459910354562
10519,1.42651698440416
8826,1.05047600116761
2242,-2.89946017519773
4122,1.05275923928235
7026,1.86324439429768
91947,3.70454632024225
3480,-2.52740109211804
145814,-6.81153172985131
105371013,-4.68649969474838
105371016,-1.87448690308566
23336,-1.3170540861244
170691,2.93257422245161
105369201,3.07719660137774
220,5.53253122289421
101927751,6.00374876719029
79705,6.13298751443307
105371026,2.82002678103741
123283,1.14724333833457
3040,-2.87332775784044
3039,-3.56832132696382
398,1.02763076255614
64714,1.36734731741897
8312,1.03535992870568
105371036,-1.64773637716746
197335,1.48432684285586
107984861,2.43873933254691
146330,1.78329345388246
65990,1.16896356216708
64788,1.27338546255555
30812,7.26548567738916
146336,7.6780539857563
6755,3.87991928436302
8912,7.42448272495237
25823,6.17351964622912
9351,1.36611971766478
84256,-1.05530086729949
105371055,-1.66806255657187
105371056,1.23250267777778
51330,1.01478599406944
9235,-6.49304777904333
342346,-1.53553187563152
105371082,-3.04966426330388
8651,-1.46059681573643
8303,-1.34913005013253
100129781,-1.02087795138073
730013,-1.80100698763207
368,-2.22164557110271
653190,-2.42632652802555
51760,5.81193004385698
124152,1.15701473275579
51704,1.58577163966122
57146,2.80164513632936
400508,5.09275377054225
100652781,4.59869875550769
51108,-1.22130423588313
10261,-1.40735892330711
146183,-10.737461555807
105371126,-5.07703889979036
653786,-7.46986103841022
5579,5.67444070592186
283887,-1.67973162091466
102723510,-3.0933469621475
50615,-5.38597263258563
283888,-4.05285247615486
388228,-2.38831526982731
26471,-7.6482121857203
27040,2.0452306780046
440352,3.34793418965867
23475,-5.67601451328908
6911,1.11781884691473
65988,1.3666714078007
1489,-1.23643115361313
80270,1.88844366690854
112755,-2.82169059521198
3681,-1.70255384889198
283933,-1.90933283339449
7041,-1.47199873752176
91807,-1.2824731199991
112268166,-1.78772184661955
23090,-3.74267801999659
105371267,-2.40584436112588
79191,-4.83408934172602
643911,-3.91303817435457
10265,-6.53312791238894
1071,-3.42065554685004
84166,-3.89053106481456
9289,-4.66768497588551
4324,1.06253891926847
766,2.10961166481245
23491,-1.97089499157482
3291,2.50999501278099
1728,-1.41151351851872
107984856,-4.7288531468353
197259,7.61016340320499
4166,2.16162972531704
100130958,1.36643204187521
5336,1.51551061451546
29948,3.67919665624994
23406,-1.63244333870384
105371376,1.21602486198362
339145,-2.41946788930186
404550,1.00182319759991
79791,1.01952653677213
102724467,-1.7796808011163
84627,1.39128659249026
863,1.82673268792442
107984871,1.88516322435854
1013,3.2303634642661
146429,3.61965310742724
124045,1.32023152339441
105371416,1.23792585409862
100128881,1.00986613929688
8447,4.02358784796018
83547,1.77631953195457
3090,1.73832513736312
101928991,1.28130697057269
5026,4.8578629384139
489,1.84156329484136
342527,-1.08043787881211
58191,1.49271387012271
284013,-5.5526333133703
2027,-2.35890249013678
101928000,-1.26291458714314
728392,-1.42936393082177
54739,-4.47906687748222
8711,1.09891743264804
100529211,1.08822141543169
57048,1.23777379206924
482,-1.76291289601396
1949,-1.69507847252804
9196,1.19647667583005
116840,1.0095414073951
242,4.08254295461368
107985075,4.45686336173557
84667,1.30691897290876
100128288,-2.0857029722548
124751,-1.68247570122997
643904,-1.46151737944701
23533,1.68400290612067
9423,6.58534963525719
101928266,6.23013437668599
105371532,4.05238962083537
124739,5.88160651695356
8522,3.57210489024322
9912,1.27131946647274
5376,1.44591216570683
136,1.27610057365934
692087,1.06065521756497
57336,-1.06632152507474
51655,-1.8962521392206
146691,-1.08757348452953
102724624,-4.52210352330562
400581,-4.18045631377257
79999,-4.49068147297788
388436,-4.36932599690808
105371578,1.04533292834398
5606,1.23385688562247
107987246,-1.10483329468213
284124,-1.04056783574118
4843,1.58376431204907
201229,-2.0224386093736
230,1.26794160072812
116236,2.14085875959423
90313,1.05762930506065
28964,1.38533810723386
124930,2.15925785316484
84940,2.71323632776314
85464,3.0313596102132
107984990,3.43779863547035
374786,4.73844865765688
55803,1.05745527917256
84440,1.61911340008892
162494,1.55832119070354
26022,3.85558483420728
100533789,-1.39230536635194
284099,-2.59499696449113
57636,1.17058434316094
80725,-1.08652222339192
105371763,1.15362908833532
4302,1.17305182068035
100189435,-2.21192101978351
22806,-5.81319818517175
9572,1.11987222662595
101929693,1.04749485747959
3487,2.43744886579856
125113,-7.41205284387233
3728,-3.13551823427029
110806298,-1.54915858046787
23415,1.93802738638225
3430,-1.99032749256982
4222,2.97314422439037
50964,4.37584345660834
4355,-1.00587132209843
10900,-1.01315677486108
2535,-2.79851686349292
284071,2.62507940185687
10882,1.0737573157064
105371795,-1.11569103775462
4137,2.65486132467433
100130148,3.56515851254625
7473,1.4581334618469
388394,3.07586183373682
3690,2.94464864423905
114881,-1.67216307126541
102724532,-2.66040905054771
3214,-1.89385447984566
404266,-2.66500218219355
3215,-2.23484863001648
3216,-3.84842692951648
3217,-4.23396523663483
3218,-4.76807848467883
3219,-5.80515242405123
10481,7.42206507022069
10642,-2.1367132393312
4804,-3.09719866902486
255061,-2.60192592363012
1748,3.14558169468154
1747,6.08403640597796
201191,-1.20862858319263
6442,2.51044354138467
1277,-6.13145814709051
80221,-1.17933840439261
64847,1.58697256715065
8913,-2.30463895684934
55273,-1.79100443513888
8526,1.06798953853483
388403,1.72753994360151
107984992,1.81309917819158
1534,1.55325937767472
1636,3.12602597786394
692227,1.21440596148042
8787,-3.4410061930838
201134,-1.28044843783825
5578,1.72854072684689
100499466,1.09539722224294
10349,-5.92014786117672
23461,-5.72231579713014
5608,-5.31302885801933
3773,-6.31120564357771
3759,-4.96652456215508
102606463,-5.90408034163194
6662,-10.7114546524556
105371887,1.31360569020936
201266,1.29348829614517
54549,3.46257668289254
94015,1.0534987036211
124590,2.35538837224466
283987,3.00852975855329
9121,-1.25958057215621
3993,1.30022696956397
80022,-1.84910916573255
3691,1.14544515120861
201294,-4.05544463929683
23558,-1.19499362018395
100507218,1.56917914903641
114804,1.71280550351179
8877,1.00298597622345
114757,-2.22748315607019
11322,-2.22185376454343
105371912,-4.17154052910716
9021,-7.27594853048984
101928674,-4.76497585876224
3959,-3.56583736773004
102723961,-6.02937072709743
4884,2.83792072149926
83882,-1.40015536200082
51547,1.01382388027399
147111,4.48160732360854
5986,1.3446555340922
9123,-5.69752083600997
400629,-1.55647635369497
79672,-1.12222817087795
284207,1.94082439500515
403340,-1.26757589816223
260334,1.64683357252168
727758,1.50657175266792
81035,-6.27389401258682
9229,-2.28204839370354
649446,-1.14520924727861
84777,-1.32643444828235
23136,-6.65728916788059
645369,-9.96160560276154
91133,-10.5612248625572
101927150,-6.06424017114021
105371972,-8.67118958578517
107985176,-6.99509532704352
101927168,-6.46484845586572
79822,-11.1577070083671
284217,-9.40837446502107
101927188,-6.93758125019689
23255,1.27438557787358
2774,2.43272419613158
162655,-1.32674102879076
440482,-6.15849813429738
374860,-8.54823619865777
6093,1.76415638746984
107985161,6.35158688814128
80000,-1.41221630042917
91768,1.29309094496377
125488,5.95625401827504
26256,1.70477462302881
55364,-1.53471421027724
25925,-7.91456054849716
1000,-3.7705275983578
1824,-6.45180825837395
1823,-8.46483783142837
1830,-6.35522680092572
1829,-7.73798103642037
9331,-1.26133906646144
54941,1.38519601858769
64762,-7.16907574943689
57565,-11.16696105137
112268208,-7.43211213950828
105372055,-7.79059974810486
374864,-9.82091354637446
105372059,-7.92708242133356
80816,-10.2237772744985
107985157,-6.20177472892098
1837,-6.88360756615825
100101467,-1.80528574603425
55034,3.73611008842795
647946,-1.46391894134875
6860,-5.01269830548812
26040,-4.24648466453698
9050,-1.95738355614414
4645,1.74636573598536
9480,-4.92853295738747
112267870,-4.70602325062939
105372141,1.10257784264982
115701,-11.2857619167586
5366,2.2152222561364
596,-1.47168137116059
92126,-2.8794244324185
220164,2.38267155695974
10666,4.240551709203
25914,2.96552041675192
105372180,2.62098471181287
9306,1.45986309115694
101927481,2.13930360102903
102724895,1.90936712135018
101060542,1.73706954647504
105376872,1.62772901075825
105372185,1.26340192579128
147381,2.77425760149271
81832,-8.70509118583738
201456,-1.72030708993036
84735,-1.88853485348633
9658,-4.60913696821963
101927989,-3.92874039659774
400658,-2.84985931816387
4155,-4.06320659927526
4772,9.15657896030068
107985163,6.23502462961886
101927897,5.37816152243819
107985162,6.11296832869782
8612,6.70576163395139
126567,-2.72227683699296
25759,-3.02502506338124
284451,-1.52499798313451
10272,1.62833623506724
1675,1.95250243565823
84634,1.62578207143929
1820,-2.58373235240523
255057,1.3715656458149
1943,1.14106315931112
10297,-2.81900245164959
126520,3.83116334592564
148229,4.60275620899946
79816,1.0450435842614
7089,2.48852032057182
126326,-6.06337266968237
4145,1.86897184115328
85300,-5.6849654538793
10148,-5.80778424416478
56961,3.2847102009549
729359,1.05874770267229
440503,1.59854562981734
284424,-6.29883754862265
970,3.53361759319117
8740,6.48326141223019
718,1.59981572644274
10045,1.50893903166017
2015,-2.23769900914687
729458,-4.8091832989273
284428,-5.54410632542475
653656,-5.59542147525813
125997,-5.00925847582241
653657,-5.68648119512864
6813,2.27200387386569
80164,1.22362879884422
105372266,-1.92507835923274
256949,1.55651054819733
81794,-1.22591203183974
105372269,-1.73199834672421
284385,-1.50845774870233
3386,1.36996448190212
7087,1.35871808186541
57153,-1.91926246694267
25959,-1.31231404060781
1995,-1.90062184873454
1264,-6.98930190631463
199692,-1.10108588889776
126069,-1.93903854857587
90594,-6.09621573037634
7620,1.57876413845006
284390,-1.82264417166546
163059,-1.48453324009598
90589,-1.13611533835043
79973,-1.47899389255196
163051,-1.75950256299676
9466,1.30567587019439
342979,-1.659694937935
113230,1.22821277376623
101928845,-1.25108412502062
976,1.03997679859418
106635534,-1.05637995340268
30817,2.84498107216946
4854,-1.05473178501938
126410,-2.99972329605236
57834,-2.64538789872923
10365,1.8824234968795
79041,1.53049277099082
55850,1.01719902777628
110806280,-5.67797683239873
684,-12.8836586652062
105221694,-7.34680455977172
100130519,2.36334890409877
23149,-2.14613018059838
6528,-2.34272115590926
27106,2.07332608387259
10437,1.03139441288318
5143,-2.56564347782498
80726,-1.92183462530256
9518,-1.6941853777049
25789,1.34012339546483
1311,4.14457261905583
284439,-1.22108202878195
404037,-1.45442360605839
80714,1.00047333083585
284440,-2.17896682469353
91120,-1.46913378100709
664701,-7.44834601198698
100129842,-7.1624033296455
199777,-1.97602516933025
7617,-8.61712855888246
7639,-9.22371386439232
148206,-1.58428829678239
7562,-1.24526316775232
148203,-8.86673894603694
105372321,-1.34653189572659
353088,-1.27688300972676
148198,-1.70964174303619
57615,-1.36434293143261
100129543,-2.56011669121171
7644,-1.49200226401236
171392,-1.08625423244352
148213,-2.03061081807484
730087,-1.57039290974068
9534,-1.3046788797447
148189,-1.12228615298298
57616,4.72958305595326
126248,-1.5084730844949
9710,-1.01734847567442
6324,-1.04733558533203
53827,2.69284445424193
93099,2.085563744506
27033,1.11434524636076
25999,-1.59100496870427
284406,-1.20213706482785
728485,-1.25550506220142
388536,-1.54021996794461
163115,-3.55087757513369
94274,1.47427264762055
10653,2.02352902307136
9424,2.62006546934722
399473,-1.31207191022436
6261,-2.02916565833929
126433,-2.05339387483775
342897,-3.17673897187725
8857,1.26018691256359
57716,1.04428050333623
9253,1.50357644430826
29785,2.93033512573421
390937,1.28684616586195
1954,-1.86313677765404
634,-4.17974708328316
5329,-1.42870904937582
7638,-1.10667958322574
5819,-1.07913530438145
348,-5.04363040765193
341,-1.14612187698361
342,-1.28410756889652
6253,-1.8109151845371
3171,4.13239536438076
4858,-2.94218307106048
64344,-6.02924823372626
57469,-6.0199019523463
94235,-4.92710385897503
147906,-3.22971570491279
100506068,-2.2004744691701
4861,1.97403261770385
27113,-1.1320964897126
56917,-2.60208318001843
6543,-3.13047540091222
30846,-1.28766650621285
100126800,-4.98976333729052
100126798,-5.65750528100831
100169951,-5.75644144647785
100126799,-5.72116555809241
100169959,-5.50453906667687
107984140,-3.34830327959666
2906,-2.6485941072411
114783,-1.70795463883574
284358,2.44492116328221
2523,-3.8209577216358
26291,-5.58972057703493
4909,-1.70245019009169
3743,-1.8876916419851
3270,-2.48652561589668
113091,-6.82905595511567
100507003,-4.47655417327599
2323,-1.52661772183176
2217,-6.73296333785712
57333,2.8038189779064
51231,-1.08845669079166
100169956,-5.68747472679436
100191063,-5.17705595740619
100169952,-5.03935015525734
100169957,-5.7547212949147
100169953,-6.63486452917298
100169958,-5.75135375087073
100169955,-7.54264268186147
100170216,-6.66499072423352
100169954,-6.67857181363332
100170224,-3.57752297665545
100170217,-3.50620715337768
79784,-1.16975855956825
94030,-2.48689359419761
100126781,-4.09694305715241
6320,1.02859904649972
147646,-5.86947892554756
89790,-1.06695842483039
100129083,-2.01741581247658
9668,-7.75570567723239
284371,-8.87372233811933
162963,-3.74873337764709
400713,-3.08757668547082
55762,-1.43052734649847
7696,-1.04388920982983
162967,-1.31423532938083
55786,-1.17939934206044
91664,-1.42242143361948
107987264,-1.31596041351844
5582,-1.11580905883863
59284,-3.01930240658354
59283,-2.07671133497093
57348,-1.59045522070843
51206,-1.86303071264703
7138,-1.07840608326386
3589,1.01671619119828
729956,-1.89647930464985
284297,-1.30472098460531
342931,-6.47400027450059
729974,-6.59654460423604
90485,-6.39047023825128
201516,-5.55424427264659
79891,-1.16943063370794
284309,-1.21481171723244
80095,-1.05965555761001
140680,1.10453171448583
6939,1.93229753516781
140809,1.12241557282697
83541,1.71392580422652
10326,1.03418433521124
107984088,1.49907515471655
102724545,1.07951389622193
692213,1.05359972836396
677831,1.14580189013831
692201,1.2791926149247
57593,1.58666802014476
64773,1.02463983582733
64601,1.28985848520712
65992,1.0651611944498
83959,2.33385195507233
25943,1.142941748225
116835,1.31460846578709
54976,1.19630508472058
25876,2.26103651471905
994,1.48906074185265
11237,1.18093221877708
5621,1.72819698416215
9770,2.88557211534748
107985392,3.11550856231581
55612,3.44724238771605
650,3.22085467215614
56255,1.93312434040618
105372520,2.34002039284493
5332,-7.74982161046217
182,-3.81204315737015
23767,-7.87381070063817
100270804,-1.63360875428082
112268271,1.98607984014547
84532,3.5071757656081
728882,-3.81943146448067
101926935,-1.82340433294439
105379477,-1.66210089364773
400841,-1.75674854545078
107985433,-1.49098055768955
1789,-1.18640270264415
11264,-8.88678933167354
434,2.31714510027376
191,2.01103005621491
84557,-4.21965798464306
58476,1.87986111168491
10544,1.07302404260367
128876,2.24530363001855
80307,1.69491441691795
128434,1.99743279494614
7052,-2.58008673345612
64900,-1.08824250644105
90187,-1.94833992539157
84969,7.25409614718195
57158,-8.38608941383759
3787,-5.03586598521902
767557,2.18989630285547
107985404,2.23620418649885
55861,2.48409233962535
140831,-1.29084940697626
5476,1.04227358978942
109729184,-1.9467091308605
958,-6.99638445985633
63916,-1.39735089050303
81031,-7.52551683008158
57580,1.36159818879159
26765,1.02198996168766
6615,2.87949554118412
140876,-1.51170556007725
84612,-1.25836706389713
4773,1.45493656905881
128553,2.06353527453131
655,2.86756119056604
112268270,3.17277544483963
56937,6.0429361353817
1522,2.78768769300127
116154,2.69580891353426
10388,2.84619327515017
11255,-1.88394630966684
105372708,-1.11389655189638
105372709,-1.22866307813058
140628,-1.58478962673095
101928465,1.3743194443104
100127888,1.08217714857558
1917,3.09426614966155
140700,-3.74772928362992
102723996,4.03702381751638
102724219,-1.65458802044976
102724428,1.31530509256541
102724701,-1.12760101296547
102724843,-1.2500359370869
107987290,-2.41342093220311
102724951,-1.6704595124445
102723360,-1.78265341345517
109864280,2.69872345202089
109864282,1.57938105553034
105379506,-4.39454355659597
107987293,1.2209637397571
102723570,-1.5078072049943
109910380,2.66437598125722
109910382,2.00984452162223
105379508,-4.4037587219947
102723584,-1.51001409784031
106631781,2.6997033181081
106632264,1.83504542070777
105379507,-4.40993348385506
102723603,-1.34390676197097
101927345,-1.43377003721835
441058,-4.35831614243221
105377134,-1.21914330599177
112268281,4.38609957401445
388815,1.94624182757053
112268282,4.18403607143992
1525,1.22978246140215
10950,1.08299374835226
140578,-4.9971145828655
5651,-2.78517700161519
101927843,-5.11534706938471
54143,5.20159957459041
107985508,-2.59407295373103
266917,-6.90720844241818
58494,1.47100317340121
9510,-2.41280468803213
11096,-6.18022368692093
56911,4.70803634613606
2897,-6.45171826257754
105372768,-5.1050779414693
100379661,-4.22239311846575
642976,-6.56205690476225
26285,-8.09566436244016
9073,-9.02961807465276
107985487,-1.78005643758657
150051,-1.32289681328316
677846,1.31099441214665
105372782,-3.32342358106811
1827,-2.83991808383397
861,-3.36960959106353
874,-2.80062817170209
9980,1.70044768502651
53820,2.55672074001914
106865373,-1.30898119140336
6450,-1.76469342752521
25825,9.6142539663234
191585,7.73865640513948
4599,-2.01240713733268
150094,1.33313285729771
11077,1.04927322511301
56894,6.12469954309283
23308,3.84559334521012
54084,-1.55420308352328
54082,-1.69766643899145
114043,-3.36870273556185
642852,-1.04494634709461
80781,1.05600084638169
105372840,-5.43859542777926
54058,-1.10130927898547
11274,-1.57608503511989
26220,1.17443182872077
100616414,-1.37256105874272
29801,1.01619914091279
65078,1.46100271328858
373856,-1.6250385538782
84222,1.75471931050679
400892,1.06973952814765
150223,1.07810456616879
23753,1.37928929214219
129025,-1.22445991224378
91227,1.383880582293
150244,-1.13854010843779
107985555,-1.10362842246039
101929374,-2.37025426151046
91319,2.39168242060001
2678,1.06883688304194
91355,1.08452292767709
57168,1.91797705940746
101929638,1.67390621597954
10633,-1.12353278047377
10740,-5.36225070066792
107985541,-5.89844007381699
4744,-6.89591081349627
3976,-1.92866876667846
91370,-2.17624922563659
339665,1.93700571831883
23762,1.50104248209055
6525,1.06178909781226
140606,1.0174729252354
50487,2.02642723136092
54944,-1.55315395673221
110806273,2.15612734708014
6527,2.54736993074106
8224,-4.69356610541484
7078,-9.15194768383922
9215,1.20708716233406
104310353,2.30047071602
3162,-1.34648065652359
80830,-4.9871626926696
80833,-8.12950101431489
23780,-1.14461817777218
8542,-3.63050250140925
112268296,-3.63162736951566
3956,1.11717284628407
400927,-2.55945058038236
3761,-2.33407901814595
11015,2.03839107891517
11144,-1.21217544489972
200315,1.80892237554094
9582,1.75748203306422
100874530,1.60141146462453
60489,-2.46283292006385
5155,-5.07789319491192
4248,-3.0996138015607
104502417,-3.11353860609689
101927279,2.34850852261948
55964,1.59830659283321
164684,1.00223842949554
102723775,1.40617547592512
53947,3.22011757922041
25809,-1.3651974553147
64800,-1.23560731823529
642648,2.70711133812971
400931,3.9115398043926
100500828,4.20975860730516
112268288,2.74598298658473
10343,-2.85245952010143
284930,5.15112223246634
25817,1.84424283416572
79174,1.27583272052088
79924,-2.04664072058985
55586,-1.94007388188322
100144603,-1.47992430257459
23542,-2.26770967806233
109864273,2.68794929888355
109864272,1.65377044314784
105379549,-4.32813352214389
107987393,-1.50080819024434
102724621,-1.54913761496851
107985697,-5.11359809155451
1438,-6.8388929694281
101928055,-1.37891001097551
4267,1.31390103955975
57502,-3.61252458463668
105373156,-3.38572115360242
357,1.57243898198954
5634,2.03271392281204
51284,8.92061471690228
349408,9.91231645323126
51311,9.47840890989748
7114,2.17952076093825
171484,8.3844711068911
105373133,7.61079664555777
100093698,6.07896957346363
92552,5.52688928324149
9367,1.52287807431037
2824,1.22640070786129
389840,1.31545640105614
256714,-3.20755100570157
22866,-3.73494522579832
6303,1.4733970150598
9468,-6.80628280022587
170302,-8.32243232798524
1756,-2.28170068810898
83604,-5.96471051503146
286464,5.64633520021229
6990,1.82524959021155
105373181,-5.6932550558759
101927501,-6.91524159429907
401585,-5.19344896662478
84679,2.41134103691108
7076,1.960976578686
27344,1.29607841177386
90060,-2.59947562057256
5355,1.10421202470673
139189,-6.98734040996806
57477,-8.85201949282506
65267,-1.77374964220307
10916,-2.29232084944294
28986,-1.65075568888433
158880,-3.16488895168601
139886,-1.03773601891611
367,3.9805951286094
9754,-1.93087622131759
1896,1.73057385377837
1741,-1.98801745498462
84889,-6.14628378281748
9203,-1.15336099852663
340527,-5.93464580024855
392490,-4.59837067418855
5303,-1.1045362437166
4435,1.11286061037437
9383,-10.4884551527351
7503,-11.8317561997496
554203,-2.14842804763688
340533,1.00458492060156
9452,-7.35776687196091
79366,-3.28464223570083
6451,-1.05562440400162
5456,-6.15091941317715
27330,-5.9045938309238
139324,-1.28130965404411
79983,-5.45648062093444
1121,-1.32987630190466
140886,-5.3380206001735
27328,-3.57660027628762
4675,-1.45416637615805
29935,-2.63473117702836
57526,-3.5202975393969
64102,-5.99823974903719
7105,-2.84168695536323
27286,-3.92780659395747
59353,-4.84124219833693
1821,-1.62841538857807
100131755,-3.92700775723262
9823,-2.42698410861206
11013,-1.71742460629921
55859,-3.44214947971447
51186,-1.06250941836817
27018,-1.38501793793312
85012,1.21472339933771
26280,-8.80468361951016
203447,-7.82608681770895
105373304,-4.96815803171856
139221,-7.69381339210225
55086,-6.96878155588219
54885,-3.91990898899099
79710,1.48591112585824
1288,-5.95000253570689
1287,-2.06734862568666
154796,-2.42633177075265
11254,-1.25782075606473
203413,-1.17006332322196
158801,-2.34583240430794
2892,-3.58898913813558
10178,-6.0875156575859
107985684,-5.03595284165318
6594,-1.55116077059755
8862,-1.55907605510559
51114,1.04044021477726
2000,1.15196033701937
286467,-4.91733882561711
90167,-1.36009946002552
101928578,-1.88590620095092
55796,-4.83682962556888
90161,1.71207265243347
2239,1.14506040429305
347475,-4.02545206091187
399668,-1.66639386144874
9459,-1.69354671714839
1038,3.33270190476538
10046,5.58890148760563
55879,5.15078236208909
29944,-5.67984305564746
1852,2.67992727113044
393,-3.50905402652738
8269,-1.3438795454791
2316,-1.03258481243828
55558,1.07818347129505
105373387,1.41297372443117
2157,-1.18571332467568
474383,-1.10655388569367
474384,-1.1344521511642
10251,-1.80122097815003
100128260,1.75749415888155
83259,-3.37650824530914
22829,-3.53338066674748
389831,-1.3821810138311
283788,-1.72831726289999
105379420,-1.26998363321949
100008588,2.69198461975769
100008589,1.81228851158609
107984150,-2.0647367188981
112268317,2.94017846145977
112267916,-3.67484657288462
102723847,-4.8778694640704
105379417,-2.03926271384512
101927088,-2.45547666403093
