gene_id	baseMean	log2FoldChange	lfcSE	pvalue	padj	entrez	symbol	ensgene	description
3	146391.69126744973	3.040706848010927	0.06297261464570764	0	0	3	A2MP1	ENSG00000291190	alpha-2-macroglobulin pseudogene 1
7	42562.91163219116	2.6529622261927894	0.05086407511226877	0	0	7	NA	NA	NA
15	25380.457093363773	8.610025624001242	0.16780099752809619	0	0	15	AANAT	ENSG00000129673	aralkylamine N-acetyltransferase
135	3464.3592566358543	3.0500220127076703	0.07748548860273906	0	0	135	ADORA2A	ENSG00000128271	adenosine A2a receptor
145	24165.363752297162	2.5406313389964246	0.05342780380208237	0	0	145	PARP1P2	NA	poly(ADP-ribose) polymerase 1 pseudogene 2
172	5567.654205345077	2.66187459812218	0.06949858544445746	0	0	172	AFG3L1P	ENSG00000223959	AFG3 like matrix AAA peptidase subunit 1, pseudogene
192	14562.59184322229	3.718963185776461	0.07392875321707386	0	0	192	AIC	NA	Aicardi syndrome
236	4254.007111551272	4.859008062005449	0.09123637035192189	0	0	236	AKR1B1P2	NA	aldo-keto reductase family 1 member B1 pseudogene 2
256	29871.394092523282	2.088821739933952	0.05117499189588739	0	0	256	NA	NA	NA
419	2968.3790682030162	3.8381451313403483	0.08589749334859616	0	0	419	ART3	ENSG00000156219	ADP-ribosyltransferase 3 (inactive)
439	4493.771820109569	2.83579014097806	0.07143066374311141	0	0	439	GET3	ENSG00000198356	guided entry of tail-anchored proteins factor 3, ATPase
554	7627.738255047947	6.443923421903365	0.09429662238087165	0	0	554	AVPR2	ENSG00000126895	arginine vasopressin receptor 2
572	3335.7135176185407	3.1263056002770315	0.0817142433201764	0	0	572	BAD	ENSG00000002330	BCL2 associated agonist of cell death
718	4873.891941784293	3.7636203709337823	0.07239433937112118	0	0	718	C3	ENSG00000125730	complement C3
767	6269.373900182707	4.506253239435288	0.0740091486577075	0	0	767	CA8	ENSG00000178538	carbonic anhydrase 8
791	6225.683599165205	-2.8021131970401685	0.07100593407696985	0	0	791	NA	NA	NA
1179	2111.583957711211	3.643680588704879	0.09324553610776942	0	0	1179	CLCA1	ENSG00000016490	chloride channel accessory 1
1329	4731.76226988573	4.386858312959635	0.07831781919373529	0	0	1329	COX5B	ENSG00000135940	cytochrome c oxidase subunit 5B
1692	2241.177721451047	3.6964937100563535	0.09197895085293224	0	0	1692	NA	NA	NA
2211	5400.362187958368	2.6045589711296153	0.064976900206007	0	0	2211	NA	NA	NA
2253	2930.7881456009627	3.6705352246710374	0.08588685562564007	0	0	2253	FGF8	ENSG00000107831	fibroblast growth factor 8
3017	2714.0271371554504	4.4629328324836	0.0984450281272435	0	0	3017	H2BC5	ENSG00000158373	H2B clustered histone 5
6664	1920.102594301753	4.386749122155878	0.11405340187689487	0	0	6664	SOX11	ENSG00000176887	SRY-box transcription factor 11
1449	4011.3434851940133	2.6267348237564474	0.0705886082158824	3.816762352943153e-304	2.6780949176484457e-301	1449	NA	NA	NA
364	5814.005192627112	2.4970389894642637	0.06711521380868878	4.8107298810659324e-304	3.2405076478860123e-301	364	AQP7	ENSG00000165269	aquaporin 7
422	4460.343850374903	2.5556436114024255	0.06884635797242833	1.0788724592508788e-302	6.987773928378769e-300	422	NA	NA	NA
3282	2134.982678607937	3.3462169709963296	0.0902037342579117	2.7128497077579183e-302	1.692014410320124e-299	3282	NA	NA	NA
503	4325.260889171429	2.5808918726366747	0.06960528613887143	5.203845037670554e-302	3.129741086941862e-299	503	NA	NA	NA
248	5700.109295681879	2.364706205077652	0.06462313491980873	3.4929065376179804e-294	2.028294692878855e-291	248	ALPI	ENSG00000163295	alkaline phosphatase, intestinal
290	6742.902976996668	2.191277564178215	0.0613582676985805	2.436158615324449e-280	1.3674970360687906e-277	290	ANPEP	ENSG00000166825	alanyl aminopeptidase, membrane
1288	3200.5870492581594	2.6622777009156975	0.07536016496633499	1.9436492447938238e-274	1.0558404284621933e-271	1288	COL4A6	ENSG00000197565	collagen type IV alpha 6 chain
1312	2137.1018144041677	3.0392006479324642	0.0873946763221395	4.708124314300774e-266	2.4776504204007822e-263	1312	COMT	ENSG00000093010	catechol-O-methyltransferase
7390	1457.9933506207594	4.076817157634343	0.1172469118507438	7.523288727654625e-266	3.839157035566784e-263	7390	UROS	ENSG00000188690	uroporphyrinogen III synthase
639	2630.583630015989	2.8587871074070677	0.08280780979558527	3.178211856806311e-262	1.5741496373123025e-259	639	PRDM1	ENSG00000057657	PR/SET domain 1
3650	1549.805319109302	4.5711225684775565	0.13264490255598677	3.1188023121037256e-261	1.5005894553093355e-258	3650	NA	NA	NA
126	22687.32923624227	2.157150946656959	0.06286477089298673	6.817888763728069e-259	3.1892568550327964e-256	126	ADH1C	ENSG00000248144	alcohol dehydrogenase 1C (class I), gamma polypeptide
2554	1536.5610071889305	3.8391654703484024	0.11708724702243785	9.409274098813052e-237	4.169794100631889e-234	2554	GABRA1	ENSG00000022355	gamma-aminobutyric acid type A receptor subunit alpha1
581	4994.771502628744	2.3000196394127563	0.07045485087585455	8.929443790580884e-235	3.7592958358345526e-232	581	BAX	ENSG00000087088	BCL2 associated X, apoptosis regulator
1715	3978.8008986668847	2.57442959263708	0.07918150387246566	6.31745794057129e-233	2.532999802838584e-230	1715	NA	NA	NA
3616	2165.8434439529947	2.8688169579073404	0.08837774913939975	2.95091881481636e-232	1.1556621591048257e-229	3616	NA	NA	NA
1138	4552.852996302571	2.1597125365126817	0.06813286839205875	1.5310885488386294e-221	5.859893446009663e-219	1138	CHRNA5	ENSG00000169684	cholinergic receptor nicotinic alpha 5 subunit
1571	1859.0190032835728	2.9351221877656415	0.09317116256093694	7.087860493459074e-219	2.6524349046633513e-216	1571	CYP2E1	ENSG00000130649	cytochrome P450 family 2 subfamily E member 1
4981	1393.001049188783	3.337432540436119	0.1077740838257649	1.3815746679096074e-211	4.950152639914423e-209	4981	OPEM	NA	ophthalmoplegia, external, with myopia
8242	1233.1662355657022	3.7654033826376483	0.12194739273206992	1.8692196289303188e-210	6.557845531497201e-208	8242	KDM5C	ENSG00000126012	lysine demethylase 5C
4200	1536.458963022641	3.127329662724871	0.10177249757952052	1.8604173999841344e-208	6.265885803146565e-206	4200	ME2	ENSG00000082212	malic enzyme 2
2790	2632.5541421425296	2.4473310523550396	0.08067755602763063	3.4065199666261813e-203	1.1248195340781351e-200	2790	GNG10	ENSG00000242616	G protein subunit gamma 10
2938	1468.4673478495154	3.1121128419316717	0.10263592793090827	5.1511092162971e-203	1.6681669077392918e-200	2938	GSTA1	ENSG00000243955	glutathione S-transferase alpha 1
2198	2035.0544030895533	2.620594512069621	0.0871612343260646	1.2055096282223024e-199	3.8303362526912404e-197	2198	NA	NA	NA
1634	2240.779972178863	2.500563093331199	0.08516250843674512	1.623067884608619e-190	4.969538759419845e-188	1634	DCN	ENSG00000011465	decorin
1499	2983.3405164355777	2.22214112933051	0.07626910335023598	1.2662597979089478e-187	3.8078241065690505e-185	1499	CTNNB1	ENSG00000168036	catenin beta 1
344	2902.6707286374	2.1693166771741828	0.07531088755908949	1.8730140590217e-183	5.346026568461937e-181	344	APOC2	ENSG00000234906	apolipoprotein C2
4087	1149.6056442652546	3.3525387763869783	0.11656383996151952	6.199071177788229e-183	1.7398726438992295e-180	4087	SMAD2	ENSG00000175387	SMAD family member 2
3245	1208.3510444194087	-3.377221495370534	0.11761794186096594	2.5557677046759274e-182	7.055594778154528e-180	3245	NA	NA	NA
5036	1465.6790721223724	2.840764548366281	0.09909060905853835	8.007355683733827e-182	2.1749011244206073e-179	5036	PA2G4	ENSG00000170515	proliferation-associated 2G4
1588	4496.015607896843	2.0761551533225204	0.07259096187063221	6.804852356982092e-181	1.8189478363742607e-178	1588	CYP19A1	ENSG00000137869	cytochrome P450 family 19 subfamily A member 1
539	3340.329981454511	2.1685706100322397	0.07598458767390241	3.78815642972056e-180	9.967586605702223e-178	539	ATP5PO	ENSG00000241837	ATP synthase peripheral stalk subunit OSCP
5298	2749.4517699680205	-2.511574054614067	0.08805408086676679	5.2832878159582975e-180	1.368777951088273e-177	5298	PI4KB	ENSG00000143393	phosphatidylinositol 4-kinase beta
1020	3503.131774392411	2.0197006916756006	0.071634925800212	7.169095304266197e-176	1.8292055291491328e-173	1020	CDK5	ENSG00000164885	cyclin dependent kinase 5
1526	1854.8154562315178	2.55927521052002	0.09104514956293029	6.280143557948514e-175	1.5784719032216862e-172	1526	CXB3S	NA	coxsackie virus B3 sensitivity
5862	865.1546640117053	5.884864594951269	0.20914436933938288	1.9118134118709225e-174	4.7345496846921083e-172	5862	RAB2A	ENSG00000104388	RAB2A, member RAS oncogene family
1965	1775.5526617217658	2.481584974496603	0.08929811412429586	5.090282074996907e-171	1.2245764306135417e-168	1965	EIF2S1	ENSG00000134001	eukaryotic translation initiation factor 2 subunit alpha
3917	2119.7454034087873	2.3536482896398985	0.0849711807717697	6.3793924428979924e-170	1.513084066738059e-167	3917	NA	NA	NA
4876	1349.0216327654553	2.85758886867437	0.10454197069465514	1.5042541107760752e-165	3.4231944899282576e-163	4876	NA	NA	NA
1310	1394.5748433108301	2.869735466740268	0.10515788023710348	4.7488319216177305e-165	1.0662710608005678e-162	1310	COL19A1	ENSG00000082293	collagen type XIX alpha 1 chain
2753	2322.0364466817805	2.2226368365462	0.08239046354410615	2.613711303065115e-161	5.716220564106044e-159	2753	GLULP1	ENSG00000270978	glutamate-ammonia ligase pseudogene 1
1295	2897.628631429659	2.0023910710522954	0.07434245870260635	8.978801997432916e-161	1.9385003286765423e-158	1295	COL8A1	ENSG00000144810	collagen type VIII alpha 1 chain
3535	1343.598127364421	2.8539868671258914	0.10614209652984041	2.648566829541129e-160	5.645805748034508e-158	3535	IGL	NA	immunoglobulin lambda locus
2659	1810.0858497060929	2.378330835798089	0.08899640831655545	2.344045008613451e-158	4.873298511734631e-156	2659	NA	NA	NA
6912	1137.999095393216	2.90586114923919	0.10978170206387886	1.8533560890042655e-155	3.806160553516077e-153	6912	NA	NA	NA
2328	1683.11061618964	2.4874438558857213	0.09495747560540088	2.5958972064193495e-152	5.024702178862281e-150	2328	FMO3	ENSG00000007933	flavin containing dimethylaniline monoxygenase 3
2763	814.988409099573	3.981935914409368	0.1530766071355392	4.14644365728233e-150	7.934785362344822e-148	2763	NA	NA	NA
8822	996.9264549624661	3.059528806675503	0.11849020760202886	4.312892003197622e-148	8.160573183578421e-146	8822	FGF17	ENSG00000158815	fibroblast growth factor 17
2504	2471.227724251141	-2.2083189256629336	0.08564180346910649	1.162957656129989e-147	2.176022992136557e-145	2504	FTH1P12	NA	ferritin heavy chain 1 pseudogene 12
2779	1671.0349662934198	2.371237386873668	0.09290608732077356	1.0413092253801426e-144	1.885553479075441e-142	2779	GNAT1	ENSG00000114349	G protein subunit alpha transducin 1
869	1258.1495397643748	-2.694027956918773	0.10710746273577529	1.1868860012366566e-140	2.0395061490638058e-138	869	CBLN1	ENSG00000102924	cerebellin 1 precursor
4693	999.1427631046175	3.193049850080919	0.1277452133705786	6.29968693023962e-139	1.0715831101538908e-136	4693	NDP	ENSG00000124479	norrin cystine knot growth factor NDP
3352	1400.4377216030816	2.3883892193602145	0.09954456752405091	3.0231456622356546e-128	4.757922705798918e-126	3352	HTR1D	ENSG00000179546	5-hydroxytryptamine receptor 1D
2143	1792.6865900404227	2.083237272177205	0.0868666589756995	4.3615637268383427e-128	6.800808625922008e-126	2143	NA	NA	NA
1649	2249.538217182763	2.0418895941110886	0.08517339438654295	5.455540412140227e-128	8.428559682609305e-126	1649	DDIT3	ENSG00000175197	DNA damage inducible transcript 3
1331	1983.6333475455644	2.0253664722800826	0.08494569055319481	1.2867882529222493e-126	1.969955834473698e-124	1331	COX5BP2	ENSG00000213111	cytochrome c oxidase subunit 5B pseudogene 2
2752	1508.9675790861038	2.2392406959995226	0.09435840683755879	1.6542369588518635e-125	2.4652522466429543e-123	2752	GLUL	ENSG00000135821	glutamate-ammonia ligase
557	1287.926416215229	-2.5029991383083576	0.10558131174870093	2.6385087149683717e-125	3.897586557900647e-123	557	NA	NA	NA
2739	1644.4449781489407	2.117447802564199	0.09024606428686557	9.979124524486265e-123	1.4486935947616268e-120	2739	GLO1	ENSG00000124767	glyoxalase I
3624	1562.546681985951	2.1710099334449504	0.09331663875622433	9.867099866472937e-121	1.4201877072769595e-118	3624	INHBA	ENSG00000122641	inhibin subunit beta A
4776	1363.0917593410873	2.321553231506176	0.10001175655075391	3.043561003315346e-120	4.30702246183449e-118	4776	NFATC4	ENSG00000100968	nuclear factor of activated T cells 4
9777	821.262446322468	2.970116574603568	0.12940002719469176	1.1925643236405766e-117	1.6461297713202714e-115	9777	TM9SF4	ENSG00000101337	transmembrane 9 superfamily member 4
4165	1288.7002751287212	-2.423127825250528	0.10568600373305359	2.1040165820247044e-117	2.8573902613948405e-115	4165	NA	NA	NA
3056	740.944151815697	3.2784886447719153	0.14297048408594204	2.1850233520425738e-117	2.9436634598717555e-115	3056	HCL1	NA	hair color 1 (brown)
5377	980.5447498936664	2.682195886903143	0.11708575420943351	3.474157277013618e-117	4.643238773405502e-115	5377	NA	NA	NA
3976	1221.1496752107225	2.3898585199405704	0.10434661023672587	3.896325183542303e-117	5.166465833925385e-115	3976	LIF	ENSG00000128342	LIF interleukin 6 family cytokine
1298	1728.7440096471387	-2.033561385131607	0.0895593389276146	3.926597528770553e-115	4.9717219837967e-113	1298	COL9A2	ENSG00000049089	collagen type IX alpha 2 chain
2013	1204.8328111606577	2.377641923134284	0.10587930752531659	9.292152666805179e-113	1.1591100067333276e-110	2013	EMP2	ENSG00000213853	epithelial membrane protein 2
1743	1782.5685950008815	2.0069626695228657	0.09023004051465638	1.359729393457447e-110	1.6592639844799568e-108	1743	DLST	ENSG00000119689	dihydrolipoamide S-succinyltransferase
7469	970.783885473371	-2.6863870610624203	0.12155227654511087	2.8414958128896495e-109	3.393673013408631e-107	7469	NELFA	ENSG00000185049	negative elongation factor complex member A
4571	753.9104622889903	2.829537907703693	0.1289500358280274	8.821616134333375e-108	1.0316389979317641e-105	4571	TRNP	NA	tRNA-Pro
2584	1637.8468111296374	2.12915148713779	0.09771047908109086	2.7173960721297055e-106	3.091956071261098e-104	2584	GALK1	ENSG00000108479	galactokinase 1
3219	1591.4834087130523	2.0485577318236334	0.09457564607629984	5.0604482260194486e-105	5.719325377595135e-103	3219	HOXB9	ENSG00000170689	homeobox B9
4126	1581.4006596516047	2.0346105473216074	0.09451430597601593	9.134898465049165e-104	1.0120505931014996e-101	4126	MANBA	ENSG00000109323	mannosidase beta
3999	990.1713256877529	2.414269645321501	0.11272280463285146	8.254161647067797e-103	9.025979359520889e-101	3999	NA	NA	NA
1725	1896.1548961591757	2.0058852434772434	0.09414849194211529	1.0120382395550333e-101	1.0651702471316725e-99	1725	DHPS	ENSG00000095059	deoxyhypusine synthase
6858	732.3439145935646	2.861965436085026	0.13584567419033355	1.2760371812054015e-99	1.302331280696907e-97	6858	NA	NA	NA
1328	2212.6441180851148	4.090183658696856	0.1964977046875511	2.1478163504023998e-97	2.152930198855739e-95	1328	NA	NA	NA
3347	1201.25240260154	2.12174113591907	0.10229757445541196	1.4993304098363824e-96	1.4679490756770164e-94	3347	HTN3	ENSG00000205649	histatin 3
4707	971.9032144264676	2.4185695677319505	0.11710080680557806	7.907881472868498e-96	7.653374942707213e-94	4707	NDUFB1	ENSG00000183648	NADH:ubiquinone oxidoreductase subunit B1
8682	1212.6872744959592	2.065420602462603	0.10137577450773516	2.9007913446919636e-93	2.744344171045655e-91	8682	PEA15	ENSG00000162734	proliferation and apoptosis adaptor protein 15
2175	1194.9786856680446	2.0763439066420677	0.10201202818783457	4.383760300382039e-93	4.1241633217001974e-91	2175	FANCA	ENSG00000187741	FA complementation group A
3942	1412.5530962160292	-2.05381770500561	0.10111043720989699	1.0137126232476774e-92	9.483844764161604e-91	3942	NA	NA	NA
4548	913.2629202972679	2.315359560031444	0.11410070737211815	1.4076155891551995e-92	1.3096268796338984e-90	4548	MTR	ENSG00000116984	5-methyltetrahydrofolate-homocysteine methyltransferase
6003	415.57844302805046	3.9813454834706268	0.19641579075623464	2.8089595525706477e-92	2.584856768595066e-90	6003	RGS13	ENSG00000127074	regulator of G protein signaling 13
3292	919.070345835067	2.2779868919039905	0.11379616516891292	3.6364289097317084e-90	3.2573118531852116e-88	3292	HSD17B1	ENSG00000108786	hydroxysteroid 17-beta dehydrogenase 1
6062	520.9032582753986	3.176285795724462	0.16001114616542877	9.658572076087588e-89	8.560544934806052e-87	6062	NA	NA	NA
9034	497.03640772922114	3.21841667974351	0.16213882213219397	1.0096276660955474e-88	8.90163868955446e-87	9034	CCRL2	ENSG00000121797	C-C motif chemokine receptor like 2
2866	918.2082470148544	2.2831036351666216	0.11504109020084259	1.1084968026467742e-88	9.722440706547749e-87	2866	GPR42	ENSG00000126251	G protein-coupled receptor 42
1781	1104.4410632479724	-2.102316897883205	0.10660393058648646	1.384721712288983e-87	1.1958314684587937e-85	1781	DYNC1I2	ENSG00000077380	dynein cytoplasmic 1 intermediate chain 2
4767	809.8523810493939	2.3734998971691277	0.12042290737316105	1.645157587545075e-87	1.4134925395030134e-85	4767	NA	NA	NA
9424	955.3747250454942	2.148884122808432	0.11103508726559119	1.8879435213268407e-84	1.5661561034061083e-82	9424	KCNK6	ENSG00000099337	potassium two pore domain channel subfamily K member 6
2208	943.5675171404457	-2.247185076639002	0.11652099421850723	6.489697134886896e-84	5.331048768365626e-82	2208	FCER2	ENSG00000104921	Fc epsilon receptor II
1896	1728.16610635306	9.838022671485154	0.5078640297009885	8.217229038565797e-82	6.612237274688494e-80	1896	EDA	ENSG00000158813	ectodysplasin A
6268	999.0642900772309	2.1552660326708715	0.11336670120390946	1.319813584960016e-81	1.048380225034277e-79	6268	NA	NA	NA
8746	607.6870746975985	2.793881151926525	0.14813375422786823	1.960462195981875e-80	1.5355434130388266e-78	8746	NA	NA	NA
4328	1375.5582961046046	2.0706421411029043	0.11019015313181084	9.582300844996374e-80	7.402107625217383e-78	4328	NA	NA	NA
4447	1027.1596811858778	2.029144539038583	0.10804786420113872	1.1566231725395603e-79	8.893851244550773e-78	4447	NA	NA	NA
4349	800.4877222598698	2.5623424264662784	0.1370789707258224	5.2827669798108724e-79	4.043717997273413e-77	4349	NA	NA	NA
6491	943.4774895932808	2.1512462484044304	0.11569734828212681	3.6806658174795276e-78	2.767071980640859e-76	6491	STIL	ENSG00000123473	STIL centriolar assembly protein
10323	381.1794316170347	3.721091588176182	0.20035206067254344	5.0054318070412525e-78	3.729711134096225e-76	10323	NA	NA	NA
8855	703.8899131884443	2.526052568420028	0.13687095029340657	4.35808112320384e-77	3.177060004967648e-75	8855	NA	NA	NA
10835	379.937320851285	3.4953206823703993	0.1898562619257032	1.0484381283572963e-76	7.610214690317616e-75	10835	NPM1P12	NA	nucleophosmin 1 pseudogene 12
6297	661.2454201498581	2.5116872594893893	0.13696966177869205	3.575624048366745e-76	2.562276977638127e-74	6297	SALL2	ENSG00000165821	spalt like transcription factor 2
4657	971.4675708465371	-2.1373513975805616	0.117517735959596	5.976313592019452e-75	4.158724003702792e-73	4657	MYP1	NA	myopia 1 (X-linked)
8613	648.2924707288585	2.4825367800243714	0.13681157665676164	1.2242259105018751e-74	8.483935939445095e-73	8613	PLPP3	ENSG00000162407	phospholipid phosphatase 3
9254	327.1914729436136	3.889882331927534	0.2160267811527938	2.016904387494807e-73	1.3806776376183962e-71	9254	CACNA2D2	ENSG00000007402	calcium voltage-gated channel auxiliary subunit alpha2delta 2
8948	494.2862698173739	-3.195239429653831	0.17757805115805894	2.16367875108777e-73	1.47515587725984e-71	8948	NA	NA	NA
3996	422.6229437935253	3.1219808826100133	0.17575711872564015	1.1681766804383266e-71	7.714547175914283e-70	3996	LLGL1	ENSG00000131899	LLGL scribble cell polarity complex component 1
9621	294.4293100708471	4.421302852280084	0.2501922741087416	1.1679326873250006e-70	7.593817163920082e-69	9621	NA	NA	NA
4656	618.3077412349354	2.5554567134251904	0.14621784308782498	1.789468157876431e-69	1.124427006665638e-67	4656	MYOG	ENSG00000122180	myogenin
7632	688.8386011666128	2.281319133617627	0.13105979589162473	6.79432139353919e-69	4.1910759072234415e-67	7632	NA	NA	NA
6124	352.5152198042925	3.3533149669701108	0.19269024030299423	7.576056060812396e-69	4.6562329950394436e-67	6124	RPL4	ENSG00000174444	ribosomal protein L4
10926	301.1783215261532	5.613373647315489	0.3242142785525386	1.8977859480999676e-67	1.1454736690323818e-65	10926	DBF4	ENSG00000006634	DBF4 zinc finger
8133	373.7346876465756	-3.3748138446844274	0.19639561041096057	3.455871678531175e-67	2.0784599666594638e-65	8133	NA	NA	NA
17	96455.25733013373	2.438448916784544	0.14203072515977322	3.845481973465921e-67	2.3045521862336695e-65	17	AAVS1	NA	adeno-associated virus integration site 1
9004	538.0061714467939	2.6570686244896184	0.1551642793753276	8.503288664601923e-67	5.059907459784324e-65	9004	NA	NA	NA
9453	823.832429726627	-2.0125133905214354	0.1184517620952455	1.0033656222494525e-65	5.786533246123555e-64	9453	GGPS1	ENSG00000152904	geranylgeranyl diphosphate synthase 1
5754	583.7703782786481	2.380261508146395	0.14019994732205512	1.1129513738004485e-65	6.396621547713157e-64	5754	PTK7	ENSG00000112655	protein tyrosine kinase 7 (inactive)
11456	291.32773929540247	3.851674449876331	0.22871802099064759	1.4143407647675136e-64	7.886588900226798e-63	11456	NA	NA	NA
9435	754.2470878933386	-2.1006274270588112	0.12509755629962502	2.7906115283507438e-64	1.5509537339084662e-62	9435	CHST2	ENSG00000175040	carbohydrate sulfotransferase 2
3529	656.4647549578948	2.163790341240678	0.12992343888746577	2.7631857897056935e-63	1.510780801904022e-61	3529	IGKV2OR22-3	NA	immunoglobulin kappa variable 2/OR22-3 (pseudogene)
11174	320.51037314148795	3.3333950991686554	0.20217268321367285	4.299460591903406e-62	2.305825362027177e-60	11174	ADAMTS6	ENSG00000049192	ADAM metallopeptidase with thrombospondin type 1 motif 6
8657	419.26480971956335	2.7305062790074484	0.16655886411022888	1.943357816508879e-61	1.0131933631581895e-59	8657	NA	NA	NA
8308	262.1893172102868	4.183959302601896	0.25587109151825277	4.615476844811384e-61	2.3841911063381504e-59	8308	NA	NA	NA
3444	660.0198163308746	2.1878408519982346	0.13449653396870778	1.6040274088013273e-60	8.18540047400435e-59	3444	IFNA7	ENSG00000214042	interferon alpha 7
9331	586.8735463707209	2.2775962535550467	0.1408982149603387	8.244228968120516e-60	4.1691536283228076e-58	9331	B4GALT6	ENSG00000118276	beta-1,4-galactosyltransferase 6
6896	611.0880691582869	-2.273175965513351	0.14086658280970102	1.2943504029921293e-59	6.46791121257788e-58	6896	TARBP2P1	NA	TARBP2 pseudogene 1
11938	245.8357862138783	4.752059742829767	0.2939277889383341	1.9022817328527887e-59	9.477640349479575e-58	11938	NA	NA	NA
9055	656.8184163419796	2.1198062820256003	0.13353002308135803	9.213516837422939e-58	4.433017815491494e-56	9055	PRC1	ENSG00000198901	protein regulator of cytokinesis 1
7310	580.008252537915	2.1913735109526415	0.13902389124174272	5.40061053886524e-57	2.5837011782525754e-55	7310	ZRSR2P1	ENSG00000212643	ZRSR2 pseudogene 1
6001	408.4131878223593	2.6175013565717364	0.166424292951501	8.700201937650268e-57	4.150464607083017e-55	6001	RGS10	ENSG00000148908	regulator of G protein signaling 10
8938	717.3480051189647	-2.0072084107661157	0.12940777912456078	3.0666246129288388e-55	1.3995110699653562e-53	8938	BAIAP3	ENSG00000007516	BAI1 associated protein 3
9586	445.9552835107982	2.548622529473179	0.16492575940522655	6.2147174023448086e-55	2.80578662347149e-53	9586	CREB5	ENSG00000146592	cAMP responsive element binding protein 5
7107	535.6949612328706	2.221975680611994	0.1444609364941114	2.1566663826822487e-54	9.55743733799186e-53	7107	GPR137B	ENSG00000077585	G protein-coupled receptor 137B
8622	430.27203292906023	-2.542168637125262	0.16540310110037063	2.4254466038584165e-54	1.0720346669022501e-52	8622	PDE8B	ENSG00000113231	phosphodiesterase 8B
7408	423.74788184194983	2.5065390912762684	0.1637786241612346	6.480385329749678e-54	2.8345373754021965e-52	7408	VASP	ENSG00000125753	vasodilator stimulated phosphoprotein
10666	342.7287825735798	2.9028042380164707	0.1911320024620885	3.688876720103494e-53	1.58876429581951e-51	10666	CD226	ENSG00000150637	CD226 molecule
3938	551.6192957507395	2.1211319347190476	0.14159126666748237	9.712923320208835e-52	4.00896148804698e-50	3938	LCT	ENSG00000115850	lactase
9889	237.00367617597595	3.6820387662358973	0.2516706868305912	1.7152088250809928e-49	6.717236421945098e-48	9889	ZBED4	ENSG00000100426	zinc finger BED-type containing 4
33	24168.635039554814	2.158291871172253	0.14859590276624052	8.335990384920783e-49	3.197678316220182e-47	33	ACADL	ENSG00000115361	acyl-CoA dehydrogenase long chain
11571	319.647937667192	-2.858987570456688	0.1970195529745422	9.229922165117139e-49	3.508620525069359e-47	11571	NA	NA	NA
6818	382.0005103518217	2.463528477182847	0.16975567283486748	9.473769205382786e-49	3.593204356275813e-47	6818	SULT1A3	ENSG00000261052	sulfotransferase family 1A member 3
11231	358.326575348158	-2.597729029099749	0.18121832523673234	1.1988803457777241e-47	4.437174730307006e-46	11231	SEC63	ENSG00000025796	SEC63 homolog, protein translocation regulator
10222	523.5874392793326	2.31901963420703	0.16225051266828133	2.1409777879810017e-47	7.906593410000015e-46	10222	NA	NA	NA
4727	541.6624087051327	2.09892110461167	0.14718021390148267	3.9642777100110614e-47	1.4576077868250276e-45	4727	NA	NA	NA
3183	404.14011086867674	2.3759709403826235	0.16692665448365462	5.300215346267355e-47	1.9445670246436222e-45	3183	HNRNPC	ENSG00000092199	heterogeneous nuclear ribonucleoprotein C
6100	331.86381802692	2.721917232513106	0.19261639348153167	2.091273452932638e-46	7.57355805320121e-45	6100	RP9	ENSG00000164610	RP9 pre-mRNA splicing factor
11257	289.0193833953097	-3.086322707019454	0.21833091306391098	2.200880459544688e-46	7.953396338783809e-45	11257	TP53TG1	ENSG00000182165	TP53 target 1
10277	318.8416903527327	-2.7300654882722086	0.19392969899008075	4.654836739646149e-46	1.6678180999072587e-44	10277	UBE4B	ENSG00000130939	ubiquitination factor E4B
8681	315.337502758916	2.638603860307944	0.18853119748371552	1.5010190536309408e-45	5.233366638332308e-44	8681	JMJD7-PLA2G4B	ENSG00000168970	JMJD7-PLA2G4B readthrough
9072	256.86565576155505	3.08956121845743	0.2215190841713993	2.8301658661448304e-45	9.826802718737926e-44	9072	NA	NA	NA
10510	189.4025150329265	4.273101935387518	0.3059095448550037	3.324300037260039e-45	1.1495115529252374e-43	10510	NA	NA	NA
4136	432.8907813504301	-2.342357200635618	0.17146467178951885	1.6607048254544503e-43	5.483582207971166e-42	4136	NA	NA	NA
8605	269.44462288557463	2.9509745515641708	0.21633005395785201	2.0423631261759684e-43	6.704365505809612e-42	8605	PLA2G4C	ENSG00000105499	phospholipase A2 group IVC
11239	411.14791211231665	2.17280044860576	0.1595947744344333	3.264479560807347e-43	1.0653844148061186e-41	11239	NA	NA	NA
8129	503.8949216265509	-2.0145797536161067	0.14944998761218214	2.080952462985758e-42	6.587075089601535e-41	8129	HBHR	NA	alpha-thalassemia/mental retardation syndrome, type 1
10863	389.38848184070434	-2.330284148186431	0.1733355235345933	3.091512874927225e-42	9.712887465256432e-41	10863	ADAM28	ENSG00000042980	ADAM metallopeptidase domain 28
7512	261.714416686637	2.806805746319881	0.21281291617381431	8.916241969225448e-41	2.700530841038787e-39	7512	XPNPEP2	ENSG00000122121	X-prolyl aminopeptidase 2
12364	200.88903205538847	-3.6806025043998933	0.27865239166130634	9.019574993353793e-41	2.7269235707015775e-39	12364	NA	NA	NA
6978	433.0194467629825	2.0644313797842595	0.15794448004896747	4.966098932045855e-40	1.4723434157685245e-38	6978	TRGV5	ENSG00000211697	T cell receptor gamma variable 5
5768	390.83343000478754	2.125870821795237	0.16271700423700605	5.257287281088639e-40	1.5559352867053197e-38	5768	QSOX1	ENSG00000116260	quiescin sulfhydryl oxidase 1
5844	404.9874317671637	2.1022633631168186	0.1617147741126676	1.2412308555688343e-39	3.641520489160134e-38	5844	NA	NA	NA
4425	179.26520258184996	4.1527219647511515	0.3189943073518858	1.2791509509915479e-39	3.7462438286430727e-38	4425	NA	NA	NA
1581	1595.122101231184	2.609830792068772	0.2010966182298663	1.2977503798970641e-39	3.794117430115722e-38	1581	CYP7A1	ENSG00000167910	cytochrome P450 family 7 subfamily A member 1
2448	423.8191198275133	2.0771270695019934	0.16163693736546111	8.483195712911524e-39	2.4090559157745373e-37	2448	NA	NA	NA
7205	239.90203642733695	2.8184085410969106	0.22086043386174148	2.3508504036142265e-38	6.60906858044467e-37	7205	TRIP6	ENSG00000087077	thyroid hormone receptor interactor 6
11370	152.78282125949778	4.834611429275499	0.376712576061798	2.4928912318419206e-38	6.9967147240363234e-37	11370	NA	NA	NA
12137	234.8556949144548	-2.9791092716261813	0.23474664184246355	6.035535707989176e-38	1.6634766173901425e-36	12137	NA	NA	NA
9789	346.70456612812245	-2.3153688435487476	0.18443607633525194	3.5877204967431335e-37	9.666754106424698e-36	9789	SPCS2	ENSG00000118363	signal peptidase complex subunit 2
8669	378.812019848276	2.0987485939135824	0.16752137067022463	5.37132688793316e-37	1.4403367005222042e-35	8669	EIF3J	ENSG00000104131	eukaryotic translation initiation factor 3 subunit J
11346	160.72000141047192	5.673464277425642	0.4523152706316665	2.2356598749395816e-36	5.928899573855521e-35	11346	SYNPO	ENSG00000171992	synaptopodin
10842	252.3900125152577	-2.6621237894540837	0.2160837404910736	6.371545259052212e-36	1.6738973816293175e-34	10842	PPP1R17	ENSG00000106341	protein phosphatase 1 regulatory subunit 17
3258	147.85766493736065	4.007614118223863	0.32540169471824276	9.516164943465813e-36	2.4806844837146173e-34	3258	HPT	NA	hypoparathyroidism
8106	716.9466418430236	4.321527008040888	0.353639012542974	1.4625411306997507e-35	3.78328611996679e-34	8106	PABPN1	ENSG00000100836	poly(A) binding protein nuclear 1
8882	304.2428118611368	2.256927133884952	0.1848909792426761	2.746714280794662e-35	7.061781448638489e-34	8882	ZPR1	ENSG00000109917	ZPR1 zinc finger
8392	278.24460714561087	2.3951205202315013	0.1972704081919598	5.866609498487622e-35	1.4878569872670417e-33	8392	OR3A3	ENSG00000159961	olfactory receptor family 3 subfamily A member 3
1401	320.8169350804119	2.270369924651872	0.1870671187208192	6.628111083254504e-35	1.6759367964265145e-33	1401	CRP	ENSG00000132693	C-reactive protein
2786	296.7000801001513	2.3055027472255665	0.19002350887507177	6.674266333845549e-35	1.6850771373607052e-33	2786	GNG4	ENSG00000168243	G protein subunit gamma 4
9305	205.17287200374142	2.8335474973468058	0.23716414974847075	5.848844208934349e-34	1.4295288313273504e-32	9305	NA	NA	NA
11742	202.51419267626883	-3.2657759264211657	0.2734002692338082	5.899300999688802e-34	1.4397714323878176e-32	11742	NA	NA	NA
1589	2698.3909341969083	2.3325845410624586	0.19566568009983668	7.970626645106869e-34	1.9424797786338593e-32	1589	CYP21A2	ENSG00000231852	cytochrome P450 family 21 subfamily A member 2
10707	290.7307156020894	2.414556365388533	0.20295887633570886	1.0853379051582003e-33	2.6297971687574235e-32	10707	NA	NA	NA
11230	224.05166150870497	-2.8969324501341283	0.24357781634144174	1.0923449485968912e-33	2.6429725480419035e-32	11230	PRAF2	ENSG00000243279	PRA1 domain family member 2
6559	278.1597451310821	2.3702154996965183	0.19967008348750073	1.591200131733412e-33	3.8279728883415225e-32	6559	SLC12A3	ENSG00000070915	solute carrier family 12 member 3
11529	324.48290254388087	-2.190188028340566	0.18516920433033504	2.7397619542193847e-33	6.553635129127051e-32	11529	NA	NA	NA
10919	135.67997099557547	3.9575818426922114	0.3364665732040487	7.729046962554113e-33	1.817837302366079e-31	10919	EHMT2	ENSG00000204371	euchromatic histone lysine methyltransferase 2
6463	434.41770782565743	-2.012367984111171	0.17229478087873448	1.5965136864629456e-32	3.703208055101378e-31	6463	SHFM2	NA	split hand/foot malformation (ectrodactyly) type 2
6053	257.2480201418648	2.380298250901811	0.20416142995375625	1.9426730771595197e-32	4.487601456703198e-31	6053	RNR2	NA	RNA, ribosomal 45S cluster 2
9635	250.69604792398252	-2.4851687204894657	0.21343106036744788	2.317036778501874e-32	5.315926341957978e-31	9635	CLCA2	ENSG00000137975	chloride channel accessory 2
11696	239.83025604363104	2.447707286292731	0.2105590354913138	2.816098188097701e-32	6.443355093419196e-31	11696	NA	NA	NA
1660	152.7525837140426	3.4398669692937416	0.2963735335344302	2.8995786499963827e-32	6.625360171769211e-31	1660	DHX9	ENSG00000135829	DExH-box helicase 9
11	349.34789230950093	-2.1343182871630337	0.18383101000346236	3.4677989652940493e-32	7.912972164708914e-31	11	NATP	NA	N-acetyltransferase pseudogene
9866	303.252040139512	2.217043532330687	0.19109504144579972	3.7974992441490147e-32	8.641876658306677e-31	9866	TRIM66	ENSG00000166436	tripartite motif containing 66
9095	308.8295299728111	2.113340634643498	0.18435568134660352	2.011592957877078e-31	4.469027099030342e-30	9095	TBX19	ENSG00000143178	T-box transcription factor 19
6556	706.1865094697889	3.136063540673993	0.2757764904721204	4.106084235699354e-31	9.062445416668036e-30	6556	SLC11A1	ENSG00000018280	solute carrier family 11 member 1
10139	237.19080591146434	2.468956144854006	0.2167414202728245	4.12756494273106e-31	9.097931104134955e-30	10139	ARFRP1	ENSG00000101246	ADP ribosylation factor related protein 1
8643	199.66757409554828	2.731347502478733	0.2400170333718039	4.809322512747425e-31	1.0586796224139429e-29	8643	PTCH2	ENSG00000117425	patched 2
9489	336.03729815578663	2.0203692996205707	0.17746907625364597	5.101048213100969e-31	1.1199693860315556e-29	9489	PGS1	ENSG00000087157	phosphatidylglycerophosphate synthase 1
5432	213.04152199169607	2.5804813288869917	0.23068162860141087	4.279902538110678e-30	9.07727440072844e-29	5432	POLR2C	ENSG00000102978	RNA polymerase II subunit C
12047	142.40441328067453	3.3332479540316218	0.29933664071889465	8.062934047335603e-30	1.6783659994701057e-28	12047	NA	NA	NA
11000	240.0704476144553	2.383387212922067	0.21446825357513544	9.65208294136697e-30	2.0017373981849726e-28	11000	SLC27A3	ENSG00000143554	solute carrier family 27 member 3
99	6822.837145853087	17.37807666285535	3.524372036850561	1.2819760519702148e-29	2.632741062826636e-28	99	NA	NA	NA
11936	118.85227648422386	5.334514767654583	0.48123880718284157	5.894892286733795e-29	1.1860213394097622e-27	11936	NA	NA	NA
813	224.2370978797589	-2.4058666350448106	0.22166464509049894	1.791960893813076e-28	3.512994348290128e-27	813	CALU	ENSG00000128595	calumenin
9661	207.43739993196394	2.573911340576692	0.2381795529503554	2.889703432190076e-28	5.593402965296653e-27	9661	NA	NA	NA
13064	114.79175901027887	5.28017983460057	0.4835514005467749	3.455702408882327e-28	6.66720020364024e-27	13064	NA	NA	NA
6982	248.722273956398	-2.3103782603320115	0.2147147672903775	4.858177658207015e-28	9.296785427750697e-27	6982	TRGV8	ENSG00000211696	T cell receptor gamma variable 8
13729	108.6626511489117	4.179356505846999	0.39123321490125323	1.801782829870952e-27	3.3713358727807594e-26	13729	NA	NA	NA
9910	128.6374449700801	3.3484276770608594	0.3189173897569388	8.201310561937515e-27	1.4850545146562125e-25	9910	RABGAP1L	ENSG00000152061	RAB GTPase activating protein 1 like
13176	104.40066620318082	4.5445945576914	0.4309906494952404	1.0169864581078762e-26	1.8395329704120982e-25	13176	NA	NA	NA
11138	182.05965064873976	-2.658957164014803	0.2546371636784553	1.442197398964148e-26	2.5919534897071775e-25	11138	TBC1D8	ENSG00000204634	TBC1 domain family member 8
6949	198.6566452047616	-2.4833786122471047	0.23800902161364115	1.585192224423236e-26	2.842879346036986e-25	6949	TCOF1	ENSG00000070814	treacle ribosome biogenesis factor 1
10786	314.23377443129704	2.041378007282424	0.19552515295692907	1.6010094868890212e-26	2.868191463745864e-25	10786	SLC17A3	ENSG00000124564	solute carrier family 17 member 3
9945	199.9259666644962	2.6484607418483113	0.2546237346668798	1.9961899780326114e-26	3.560999918439531e-25	9945	GFPT2	ENSG00000131459	glutamine-fructose-6-phosphate transaminase 2
1186	103.18515915991105	4.608370114487648	0.43982268639867195	2.059464949238e-26	3.666108852554748e-25	1186	CLCN7	ENSG00000103249	chloride voltage-gated channel 7
9223	177.9224910550923	2.53195427976183	0.24554513932936578	5.645911015742912e-26	9.822018750527959e-25	9223	MAGI1	ENSG00000151276	membrane associated guanylate kinase, WW and PDZ domain containing 1
11577	216.8584564515087	-2.280790707078593	0.22219543952772317	9.711365445844446e-26	1.656934084174473e-24	11577	NA	NA	NA
3663	305.5985279306619	2.0190640465505125	0.19718861888538938	1.3798394516038714e-25	2.3400298454188514e-24	3663	IRF5	ENSG00000128604	interferon regulatory factor 5
11295	232.6067133356644	2.2290699053919445	0.22069656527955633	5.299358102471549e-25	8.7491363181981265e-24	11295	NA	NA	NA
9931	110.80807178544896	3.632225008401604	0.3675932790728889	5.18310812772768e-24	8.142121349900572e-23	9931	HELZ	ENSG00000198265	helicase with zinc finger
12504	171.61608023199284	2.4538023020170336	0.2489815074763805	5.91039430600264e-24	9.250096664784801e-23	12504	NA	NA	NA
10356	242.12547827754634	2.0232801904150524	0.20610060518732629	9.773997685893065e-24	1.5128136124121253e-22	10356	HMGB1P3	NA	high mobility group box 1 pseudogene 3
12962	129.0533628323562	2.8980563663532037	0.3033499614986659	1.078356455232824e-22	1.6041981189152612e-21	12962	NA	NA	NA
8044	203.44390447629092	2.1639477582040256	0.22710971132981667	1.5332825174468334e-22	2.257034754703206e-21	8044	NA	NA	NA
2049	1376.8846003496528	14.861830990074361	3.3120726817171104	3.174211046736445e-22	4.604109735317979e-21	2049	EPHB3	ENSG00000182580	EPH receptor B3
7729	145.96577222676257	-2.658161252302404	0.2816657223449682	3.51604535034093e-22	5.091161109178096e-21	7729	NA	NA	NA
8916	94.1537793660012	-4.2725561983784335	0.4530217312549318	7.097595609583211e-22	1.0120534298508152e-20	8916	HERC3	ENSG00000138641	HECT and RLD domain containing E3 ubiquitin protein ligase 3
9673	86.34812763133469	4.085765721028515	0.4367275882914017	1.0784245975480846e-21	1.5235461596233008e-20	9673	SLC25A44	ENSG00000160785	solute carrier family 25 member 44
13005	107.11733091237559	-3.5188757814873126	0.37897783291742587	1.6408113938354438e-21	2.3006880826135614e-20	13005	NA	NA	NA
12515	193.31977659176792	-2.209924215107753	0.23827654924998817	1.7056499275153066e-21	2.385643254099482e-20	12515	NA	NA	NA
8122	123.72555996747849	2.8074257298444323	0.3054547415809977	3.502012347120253e-21	4.806347834189492e-20	8122	NA	NA	NA
10346	199.75000392293683	2.2827039365982693	0.24845262443085414	3.561768150550288e-21	4.8804048539680105e-20	10346	TRIM22	ENSG00000132274	tripartite motif containing 22
10987	91.86598259085362	3.6155988523116123	0.396081759214195	6.838554206843202e-21	9.272242579970976e-20	10987	COPS5	ENSG00000121022	COP9 signalosome subunit 5
8758	105.85379011036923	3.1246154046991506	0.3448985535828874	1.1511490505125561e-20	1.5360816173242032e-19	8758	NA	NA	NA
8526	866.3835061222317	14.118622854784341	3.238763770807896	2.846460221162618e-20	3.7448742284670692e-19	8526	DGKE	ENSG00000153933	diacylglycerol kinase epsilon
11162	90.80785608160116	3.6464030323221897	0.40767324328229193	3.532149843188984e-20	4.632508049789914e-19	11162	NUDT6	ENSG00000170917	nudix hydrolase 6
8364	169.03336929037812	2.371875177675343	0.26702503836984387	5.683135197222926e-20	7.339263552241876e-19	8364	H4C3	ENSG00000197061	H4 clustered histone 3
11850	74.59820514629487	5.030762899991057	0.570003782686048	3.2203741300869613e-19	4.00821140803137e-18	11850	NA	NA	NA
7455	114.92593250911759	-2.7643087847031094	0.3272168657763845	2.715404322193366e-18	3.1667180599540366e-17	7455	ZAN	ENSG00000146839	zonadhesin
10491	108.18840900732035	2.676429726567012	0.31998537065998406	5.268887618855125e-18	6.023957871886872e-17	10491	CRTAP	ENSG00000170275	cartilage associated protein
12873	124.8086695812083	2.417195977714144	0.2909645450960434	8.950115070775816e-18	1.0047995852790984e-16	12873	NA	NA	NA
6122	463.23579281114723	3.940886589364874	0.4797187723509458	1.2338034862439144e-17	1.3732485597057183e-16	6122	RPL3	ENSG00000100316	ribosomal protein L3
11578	82.4192204462424	3.1491322522295846	0.3859789786363132	3.144709680142998e-17	3.4165749041037473e-16	11578	NA	NA	NA
12765	63.172555841771285	4.2312240401626635	0.5233089753555845	9.145789015942276e-17	9.753963713012536e-16	12765	NA	NA	NA
12022	144.79221954243633	2.119472444772786	0.2662299048187879	1.6651359899789097e-16	1.7481851665364612e-15	12022	NA	NA	NA
13131	106.593001520731	-2.5703269550385577	0.3248792503099157	2.3100138493998785e-16	2.402756839029892e-15	13131	NA	NA	NA
9474	155.18131601152007	-2.070564557028048	0.26250297379183934	3.004301481909923e-16	3.1038304880590863e-15	9474	ATG5	ENSG00000057663	autophagy related 5
10019	78.15995848135324	6.228725147225339	0.7629100918374513	3.6114165861053815e-16	3.706048464961282e-15	10019	SH2B3	ENSG00000111252	SH2B adaptor protein 3
9646	297.24117687696696	12.40185291459038	3.083487183563148	4.3429154645376994e-16	4.435093779430858e-15	9646	CTR9	ENSG00000198730	CTR9 homolog, Paf1/RNA polymerase II complex component
9294	118.10649710934317	2.2956147187139817	0.2938122806444413	5.138715043555351e-16	5.206736542326842e-15	9294	S1PR2	ENSG00000267534	sphingosine-1-phosphate receptor 2
11920	138.44527643240409	-2.119043583183123	0.27311772292407144	8.468809835289557e-16	8.463783835387308e-15	11920	NA	NA	NA
12687	171.92522055719442	-2.003659039371684	0.258499754151655	9.0548930583399e-16	9.038790699611377e-15	12687	NA	NA	NA
14387	57.85116468518206	4.474366714335041	0.5763017212184343	1.4393939261740658e-15	1.4158524367272938e-14	14387	NA	NA	NA
8914	90.00186993513542	2.78159672509128	0.3642485909885823	1.9251341745878184e-15	1.875029467903925e-14	8914	TIMELESS	ENSG00000111602	timeless circadian regulator
2722	87.25557064121722	-2.8496696982091994	0.38078202534682126	6.613523100368909e-15	6.21494023494489e-14	2722	GLC1B	NA	glaucoma 1, open angle, B (adult-onset)
12114	60.610621722976354	3.6716661485474504	0.4898384800147316	6.910566572177539e-15	6.490459624956484e-14	12114	NA	NA	NA
12054	142.43131314222322	-2.037262023858533	0.27341097004300813	9.245907279911015e-15	8.645257001316019e-14	12054	NA	NA	NA
11157	94.87925649558848	2.6094595116416692	0.35242679652914705	1.1048268202577783e-14	1.0296227810260645e-13	11157	LSM6	ENSG00000164167	LSM6 homolog, U6 small nuclear RNA and mRNA degradation associated
11719	55.89696983604548	3.924733185830539	0.5271803283480379	1.2090220595545864e-14	1.1236165277538209e-13	11719	NA	NA	NA
11716	134.32393367703494	-2.0803621753515293	0.28416247533954786	2.4250961516557112e-14	2.2158773301075516e-13	11716	NA	NA	NA
11837	110.71338946157286	7.664042794188291	0.9861708064196584	4.8717807467297355e-14	4.359234206956894e-13	11837	NA	NA	NA
14318	75.39601800861193	-2.940748774352789	0.4078051890224375	5.190911063982443e-14	4.632482369764936e-13	14318	NA	NA	NA
9776	134.67540185703257	-2.0425493159036416	0.28384690305782306	6.092470161457735e-14	5.414100132926029e-13	9776	ATG13	ENSG00000175224	autophagy related 13
12978	118.3833663131753	-2.2312011849047786	0.3108363227699553	6.433442944924204e-14	5.705064728410932e-13	12978	NA	NA	NA
12170	96.93153272410126	2.3526041821610453	0.3281848822837326	6.864837273121785e-14	6.071631285681242e-13	12170	NA	NA	NA
12981	106.95039050741588	2.1561240163142563	0.3062201613381803	1.8124793404540137e-13	1.5493478219921619e-12	12981	NA	NA	NA
2250	92.99222352153389	-2.4208801248660436	0.3465058041004986	2.5188650562809973e-13	2.1358352239562935e-12	2250	FGF5	ENSG00000138675	fibroblast growth factor 5
13769	93.64025147804239	-2.53696735190513	0.36443461150323725	2.9872206473363973e-13	2.5190183125260357e-12	13769	NA	NA	NA
12904	72.06138808389935	2.7397088804440703	0.39397934305204363	3.1140230822500477e-13	2.620697086711185e-12	12904	NA	NA	NA
9255	56.93362519037811	3.406424916221968	0.49005038161453596	3.488956892814303e-13	2.9201806200294658e-12	9255	AIMP1	ENSG00000164022	aminoacyl tRNA synthetase complex interacting multifunctional protein 1
105	131.69120540138334	11.070112276999359	2.960135186059949	3.7500249510894586e-13	3.129356797638577e-12	105	ADARB2	ENSG00000185736	adenosine deaminase RNA specific B2 (inactive)
11129	111.29221090896179	2.0650941901423447	0.2983069949497325	4.3355844925331535e-13	3.6001599040561292e-12	11129	CLASRP	ENSG00000104859	CLK4 associating serine/arginine rich protein
11508	59.748350757290275	3.1375847029621133	0.4545699945357659	4.612326089723574e-13	3.818661325021877e-12	11508	NA	NA	NA
6358	103.5657848542181	-2.1988116707996306	0.3192647428186913	5.380972083976809e-13	4.435417028593708e-12	6358	CCL14	ENSG00000276409	C-C motif chemokine ligand 14
9893	106.76470475743699	2.0871005507071114	0.3092332282326087	1.4284676556496908e-12	1.1400661289640186e-11	9893	NA	NA	NA
11811	62.18768388831973	3.068214614689187	0.45972315850430406	2.0507099846473613e-12	1.616758246323107e-11	11811	NA	NA	NA
9290	82.3782909205731	2.4308845266119405	0.3637206666397363	2.07592572039649e-12	1.635872210176738e-11	9290	GPR55	ENSG00000135898	G protein-coupled receptor 55
6433	74.10004787493158	-2.695153755274951	0.40552373085415144	2.5928135856764086e-12	2.034621658098356e-11	6433	SFSWAP	ENSG00000061936	splicing factor SWAP
10826	89.54157463082484	2.4647732416817454	0.37404439905945247	3.6168246071649562e-12	2.8119725939361896e-11	10826	FAXDC2	ENSG00000170271	fatty acid hydroxylase domain containing 2
11182	82.2930003783181	2.330747029171204	0.35788952704153143	6.557525906534237e-12	4.9787527622198624e-11	11182	SLC2A6	ENSG00000160326	solute carrier family 2 member 6
9732	60.14875214261235	-3.0414702284268382	0.46818219501217756	7.43132101373989e-12	5.626953501410961e-11	9732	DOCK4	ENSG00000128512	dedicator of cytokinesis 4
10850	85.34622698067895	-2.502577338239787	0.38648216797567714	7.850011599217076e-12	5.92533372168604e-11	10850	CCL27	ENSG00000213927	C-C motif chemokine ligand 27
14553	73.76160192758789	2.4650177994169677	0.38111109937982257	8.610674789861824e-12	6.484962587713467e-11	14553	NA	NA	NA
10720	89.56967934807713	-2.2260650266888784	0.34594347508889506	1.1572581863101938e-11	8.646063823187073e-11	10720	UGT2B11	ENSG00000213759	UDP glucuronosyltransferase family 2 member B11
9961	69.69898559673581	2.5152065215826656	0.39240044958758413	1.2569946409356387e-11	9.378728291252173e-11	9961	MVP	ENSG00000013364	major vault protein
14923	64.90180279069267	2.6812941260800343	0.419489400037699	1.3693789543299689e-11	1.0167699114160792e-10	14923	NA	NA	NA
13870	72.56199820945778	-2.4810192611689943	0.3924783963350225	2.3348322981278105e-11	1.7057950499120315e-10	13870	NA	NA	NA
9925	52.01332735834064	-3.3021432621973053	0.5210268843868711	2.360813080037262e-11	1.7232809825672948e-10	9925	ZBTB5	ENSG00000168795	zinc finger and BTB domain containing 5
12491	76.45915013943804	10.159824880136945	2.8714627289678956	2.5425401340249304e-11	1.8519193709766362e-10	12491	NA	NA	NA
14081	79.56649278538245	-2.3179391811788994	0.36835784906589003	2.8352646780537423e-11	2.060675752197886e-10	14081	NA	NA	NA
11720	89.91162894722005	-2.1389294947489894	0.3441361297848785	4.879459264823021e-11	3.47002086231502e-10	11720	NA	NA	NA
12251	91.94380821228171	2.095816357588953	0.3379542005186464	5.250540689719178e-11	3.7229096932577247e-10	12251	NA	NA	NA
12372	77.1837269695166	2.280321755691647	0.3697375270243465	6.28667432251284e-11	4.4259028257155607e-10	12372	NA	NA	NA
14398	48.7457092014243	3.216493614283702	0.5258852712418474	8.429784007819514e-11	5.849096114201921e-10	14398	NA	NA	NA
14117	79.39199296837629	2.2626911101043943	0.3709850174555399	9.524009886824866e-11	6.559686155179171e-10	14117	NA	NA	NA
9228	93.5573525391135	2.0345324128813185	0.3329733352938395	9.598411170856567e-11	6.608227478218503e-10	9228	DLGAP2	ENSG00000198010	DLG associated protein 2
10378	48.040713321786576	3.0412670393565397	0.501097413559115	1.1404569720137719e-10	7.810205534246409e-10	10378	NA	NA	NA
9003	68.06743881912888	-2.593161625002414	0.4288062387908825	1.257828869415937e-10	8.579116306587437e-10	9003	NA	NA	NA
13444	116.58239711020904	-2.0797058526776633	0.3448156249559997	1.5151008205621275e-10	1.0234375378365916e-9	13444	NA	NA	NA
7463	41.3076197837194	3.532688876898479	0.584875561284174	1.581555337418871e-10	1.0657619800773825e-9	7463	NA	NA	NA
11516	84.55505878148325	-2.1168823423135743	0.3525258497908209	1.819134512496375e-10	1.2190300513505354e-9	11516	NA	NA	NA
12524	76.9252313454701	2.178875984906147	0.36627201453801006	2.487594272507459e-10	1.6382904790389365e-9	12524	NA	NA	NA
11495	62.22717574884873	2.564154638183652	0.4329675593116827	2.6990172551669444e-10	1.769916299727856e-9	11495	NA	NA	NA
12881	76.17901951275658	-2.233984503824206	0.37698127315165414	2.818504931782468e-10	1.8432474971346313e-9	12881	NA	NA	NA
10290	87.48027858066398	-2.0521810965683276	0.3465251432199436	3.054122009010042e-10	1.9857689046999657e-9	10290	SPEG	ENSG00000072195	striated muscle enriched protein kinase
12234	73.87538864563268	2.1987636846328766	0.37227100471737967	3.213997645363811e-10	2.0848890734948604e-9	12234	NA	NA	NA
12490	90.73603260184292	-2.003094884189437	0.33863409988236554	3.248283619118552e-10	2.106318681014879e-9	12490	NA	NA	NA
8980	64.71988944802688	2.4214889586304653	0.4143930645458807	4.432212888975344e-10	2.841205369255607e-9	8980	NA	NA	NA
15984	35.435306052917106	4.409616339224896	0.7417332915403224	4.6282729005616915e-10	2.962376117273238e-9	15984	NA	NA	NA
8462	42.56686835602038	3.2493605397068452	0.5587611750307013	5.304244355344012e-10	3.373243011480104e-9	8462	KLF11	ENSG00000172059	KLF transcription factor 11
10340	48.9175159333818	6.406582119560217	1.0230836937551464	6.183039668053195e-10	3.911434560857093e-9	10340	H2BC16P	ENSG00000217646	H2B clustered histone 16, pseudogene
6703	73.37687444790515	-2.2086614258369432	0.3811028022528649	6.316493341668042e-10	3.988366999388444e-9	6703	SPRR2D	ENSG00000163216	small proline rich protein 2D
13674	41.74850811109111	3.225891044242621	0.560853321816864	8.040572087851183e-10	5.037322691942482e-9	13674	NA	NA	NA
12951	78.91385120340027	2.051087690221746	0.35608693214867	8.0720337007625e-10	5.055152380841967e-9	12951	NA	NA	NA
8455	66.36164211069469	2.3373962591369266	0.40787641246677525	8.53242642904711e-10	5.329601671556132e-9	8455	ATRN	ENSG00000088812	attractin
12984	81.60371012814134	-2.048225156417614	0.35677958656552633	9.066807586455333e-10	5.650815683046181e-9	12984	NA	NA	NA
10005	58.55666786855484	2.454480798203621	0.43174784034761965	1.1203528648947874e-9	6.921035306246595e-9	10005	ACOT8	ENSG00000101473	acyl-CoA thioesterase 8
14973	40.53239183209929	-3.4521637801031524	0.6045820658298389	1.2165166614155294e-9	7.482155068750005e-9	14973	NA	NA	NA
12283	60.65159800607607	2.3839021484750793	0.42178105067657157	1.3693123033763757e-9	8.388220876267066e-9	12283	NA	NA	NA
10848	61.28615484925674	-2.3090284812398307	0.4235192063992051	4.446533934597597e-9	2.5883038872666275e-8	10848	PPP1R13L	ENSG00000104881	protein phosphatase 1 regulatory subunit 13 like
16111	33.51126155474409	3.5667291200143776	0.655917154688241	5.450207861731772e-9	3.135685015085857e-8	16111	NA	NA	NA
12725	67.91069856305327	-2.1387836379341287	0.39498511235915407	5.667275022058272e-9	3.253900830939696e-8	12725	NA	NA	NA
2986	33.1938509392227	8.718937281791915	2.747141980948317	1.2121767174105921e-8	6.759290040130586e-8	2986	GUCY2F	ENSG00000101890	guanylate cyclase 2F, retinal
14194	60.688317469341825	-2.2371269452802465	0.4251962231332283	1.2731698642180096e-8	7.082980017651563e-8	14194	NA	NA	NA
11054	44.87846849260173	2.6238825714500007	0.5019423848895966	1.4063543418282005e-8	7.787901057674086e-8	11054	OGFR	ENSG00000060491	opioid growth factor receptor
14250	32.76887884645749	8.692445984907824	2.74699545559979	1.4188151192359872e-8	7.854321698860627e-8	14250	NA	NA	NA
5856	63.241228520591804	2.14293068890448	0.41042436894964046	1.6149340685604578e-8	8.874352646651681e-8	5856	NA	NA	NA
12207	62.600303652080704	-2.1571368405945206	0.41495278162403043	1.8356295306290492e-8	1.0055953577030967e-7	12207	NA	NA	NA
2256	49.849737742258085	-2.435845398964335	0.4744347050790093	2.4667791045140463e-8	1.3382912409799144e-7	2256	FGF11	ENSG00000161958	fibroblast growth factor 11
14771	62.491071283421945	2.0499713593495588	0.39831500777720763	2.4919377863134505e-8	1.3515050667155718e-7	14771	NA	NA	NA
14190	65.93782630888143	-2.113067273315367	0.41369728511570025	2.934479882675916e-8	1.579815895916318e-7	14190	NA	NA	NA
15005	29.89035326744239	5.076864300681687	0.9589336202252208	3.628958575188583e-8	1.9369782062179315e-7	15005	NA	NA	NA
12393	65.24139560947509	-2.0224674238631803	0.40004389327473877	4.093285202067913e-8	2.170369105882357e-7	12393	NA	NA	NA
14637	40.751932940541124	2.6627533828961436	0.53235615585124	4.7238807100960813e-8	2.485165609435114e-7	14637	NA	NA	NA
4592	55.98265605909355	2.184502218573894	0.43626724033027114	4.83361568743054e-8	2.5421014421090034e-7	4592	NA	NA	NA
12583	49.61311722701115	2.2936426908753016	0.45876960224981117	4.976183518767961e-8	2.6146312154774556e-7	12583	NA	NA	NA
13759	43.063667589921955	2.5486240555152175	0.5144434114815811	5.949898032803266e-8	3.106861484415721e-7	13759	NA	NA	NA
11673	82.56273628425242	4.918436666093879	1.0105441939674407	6.016113864983467e-8	3.1385178899108297e-7	11673	NA	NA	NA
12836	68.326183531308	2.143316585148956	0.4342860193487727	6.778895423180343e-8	3.5200924738315446e-7	12836	NA	NA	NA
13819	61.383737492741275	-2.0316265711516825	0.41168906921996257	7.591302877271211e-8	3.929835242952573e-7	13819	NA	NA	NA
12822	43.85772839651687	-2.7136349914489246	0.5554727929684892	8.579468136293518e-8	4.4061678382184464e-7	12822	NA	NA	NA
14062	26.662521841616034	4.894277725799443	0.9637819059238355	1.073588794838548e-7	5.452121623968983e-7	14062	NA	NA	NA
8866	24.842285788605977	4.391575555769867	0.8879769588691531	1.4070901046000848e-7	7.059476678696116e-7	8866	NA	NA	NA
15094	52.095823588476925	2.138097611203734	0.44573414456517424	1.429392116256528e-7	7.161845652412952e-7	15094	NA	NA	NA
8193	22.86638038465857	8.042741244626031	2.6983371957343647	1.661872442041474e-7	8.287217034047504e-7	8193	DPF1	ENSG00000011332	double PHD fingers 1
13651	27.665777330572233	-3.96164755976156	0.814716579451877	1.7389833641365165e-7	8.661484724063572e-7	13651	NA	NA	NA
14285	53.929732401307334	-2.1683538774929323	0.45591792220897037	1.7694900598373781e-7	8.797818898039991e-7	14285	NA	NA	NA
11489	38.83227823776539	2.705431684435961	0.5735955607067108	1.8324338991825947e-7	9.10002561552194e-7	11489	NA	NA	NA
11674	40.05502190411664	-2.5519883447027114	0.5427190707559544	2.1656857984952065e-7	1.068878922821198e-6	11674	NA	NA	NA
8534	127.99213296516281	3.2336955049204765	0.7216758312726155	4.0614291894497675e-7	1.9430246463163093e-6	8534	CHST1	ENSG00000175264	carbohydrate sulfotransferase 1
16354	35.58161044355407	2.568073323501788	0.5637368952204859	4.1251716893999893e-7	1.9712795473750235e-6	16354	NA	NA	NA
14972	25.447955411583955	-4.527927510147671	0.9584273939960357	5.85731284804621e-7	2.7552276078519044e-6	14972	NA	NA	NA
15272	51.065853044891185	-2.152678986503552	0.47894158370075424	5.965468548410046e-7	2.8019005453128952e-6	15272	NA	NA	NA
13490	46.54491346604532	2.1555236294783815	0.4832948573877721	7.00440511383093e-7	3.2665240132072242e-6	13490	NA	NA	NA
8677	24.438813354713687	5.273461019414663	1.0978264059291303	7.19355725458479e-7	3.3510236284151553e-6	8677	STX10	ENSG00000104915	syntaxin 10
8325	36.64223878723463	2.5337357109954297	0.5744869007590105	8.172282669083998e-7	3.7860038554986114e-6	8325	FZD8	ENSG00000177283	frizzled class receptor 8
13960	18.421733710003494	7.62986523316327	2.68100853086423	8.17205068625908e-7	3.7860038554986114e-6	13960	NA	NA	NA
15524	24.611736916920652	-4.466034801885646	0.963312838830079	8.412596630858242e-7	3.8877093101990334e-6	15524	NA	NA	NA
13034	24.386760367356178	3.3371609610071244	0.7543050691454403	8.805052127210296e-7	4.055718758813495e-6	13034	NA	NA	NA
11246	46.3594672613536	-2.157702041373116	0.48912085488643453	8.939600963310937e-7	4.1131934486927914e-6	11246	NA	NA	NA
14195	33.762471845561244	-2.627956196012608	0.6013350529865777	1.0414622960235102e-6	4.763233314784332e-6	14195	NA	NA	NA
11610	33.18895215745801	2.5247118329643565	0.579584756852469	1.0658640892360985e-6	4.86558722221087e-6	11610	NA	NA	NA
13224	39.173485064745485	2.301238264519454	0.5287333834457362	1.1117310617011296e-6	5.060731933083091e-6	13224	NA	NA	NA
12014	43.79359827937045	-2.1857863112729534	0.5030561719558464	1.216107447477896e-6	5.511100488570444e-6	12014	NA	NA	NA
10667	49.65824910423147	-2.0068835435433496	0.46206997279029954	1.300502496960074e-6	5.873160661797365e-6	10667	FARS2	ENSG00000145982	phenylalanyl-tRNA synthetase 2, mitochondrial
15732	42.43463970272477	-2.262494217872614	0.5238931178098599	1.3393048483602112e-6	6.041760955367253e-6	15732	NA	NA	NA
15372	46.907491198590606	-2.121042808720849	0.492748143216436	1.4727034274084845e-6	6.6169492309388685e-6	15372	NA	NA	NA
12801	33.33129950132288	-2.706194705054982	0.6329367711725837	1.553952585730686e-6	6.961575297607011e-6	12801	NA	NA	NA
14601	29.70158663389881	-2.874496675799252	0.6762338273753657	1.7547540144545625e-6	7.803025509219655e-6	14601	NA	NA	NA
13867	23.580225358339277	-4.380743191582018	0.9853062920855794	1.7901911317493185e-6	7.950110405764378e-6	13867	NA	NA	NA
15972	39.262819578179105	-2.330093318031712	0.5492565380309559	1.8111219619931104e-6	8.0345874183256e-6	15972	NA	NA	NA
15567	25.945152008910966	-3.323317248869628	0.7795631617979906	1.8711030043049692e-6	8.276694140398129e-6	15567	NA	NA	NA
8515	22.036656156395214	5.090853569862467	1.1197113208598506	2.0201108062660183e-6	8.900749863296637e-6	8515	ITGA10	ENSG00000143127	integrin subunit alpha 10
12792	39.32431376357922	2.1815282084860974	0.5164780035593318	2.0387071888623976e-6	8.96860738256081e-6	12792	NA	NA	NA
12768	24.26515812248948	-3.455197871161261	0.8141373652781099	2.3273435673943873e-6	1.0161385967052498e-5	12768	NA	NA	NA
13486	25.495881454170124	-3.11199060080429	0.7420398891030485	2.5412269489807615e-6	1.1035137137915427e-5	13486	NA	NA	NA
13916	22.90875277408249	-3.61856978470811	0.8526289375256892	2.587124754245582e-6	1.122576162367833e-5	13916	NA	NA	NA
14792	40.44004761962507	2.1649097056802336	0.5241423713328466	3.041392500339854e-6	1.306890780957467e-5	14792	NA	NA	NA
14450	36.92211149181936	-2.633616642517082	0.6448514339927087	3.2564189525581566e-6	1.3964373608627289e-5	14450	NA	NA	NA
14597	37.207001774400815	-2.310687311822955	0.5628231952255337	3.294583259107769e-6	1.4113656088368057e-5	14597	NA	NA	NA
2836	24.919520843270625	-3.252259347227484	0.7884896817353472	3.37756125871483e-6	1.4436074009329374e-5	2836	NA	NA	NA
13887	25.993423460234517	-2.9615477442832816	0.7231421451225815	3.6921317340394416e-6	1.5708817180703435e-5	13887	NA	NA	NA
8429	20.274458931652646	4.9563640937976174	1.1274104462182282	3.7817637832300664e-6	1.6073927841896596e-5	8429	NA	NA	NA
17399	22.493269197667754	3.1870325779535413	0.7823828301195438	3.961443797344796e-6	1.6782569445858204e-5	17399	NA	NA	NA
12262	22.896664687544185	3.2039440059999054	0.7891163237594673	4.04866075581785e-6	1.7134819584813416e-5	12262	NA	NA	NA
18076	21.190004456641017	3.2853693270262534	0.8066314736775757	4.176527692854638e-6	1.766266357299651e-5	18076	NA	NA	NA
14828	38.937020560315545	-2.1624758705471057	0.545783047354973	6.286832631738365e-6	2.6115012708059716e-5	14828	NA	NA	NA
10081	18.314306745559165	3.8410543371074066	0.9521601764748693	6.704756023124055e-6	2.7789340740686458e-5	10081	PDCD7	ENSG00000090470	programmed cell death 7
14257	27.72149601012281	2.5619091935202016	0.6539268948942495	6.841196102530573e-6	2.8333925815694753e-5	14257	NA	NA	NA
15879	20.12849938887561	3.4151476285756757	0.8629952618010674	7.002946878553557e-6	2.8946888913805082e-5	15879	NA	NA	NA
16326	23.111978601860038	5.085740281290277	1.2242460473559862	7.065261564702953e-6	2.919013855485715e-5	16326	NA	NA	NA
13139	39.956771333014856	-2.192335164585824	0.5625369137125175	7.883722897260804e-6	3.240466038317596e-5	13139	NA	NA	NA
16705	29.663533977102972	-2.601801474697369	0.6685734948157841	7.885848759253437e-6	3.2405488800836476e-5	16705	NA	NA	NA
14565	22.591156251951016	-3.30080201463798	0.8422464554938606	8.210346133138157e-6	3.364044498346632e-5	14565	NA	NA	NA
15460	35.249965857071786	-2.3599333771618762	0.6101550252552134	8.414818776279428e-6	3.444471273518366e-5	15460	NA	NA	NA
11635	35.92707255313196	2.1238608884560524	0.5531852994463987	1.0271145152514449e-5	4.1578385665467146e-5	11635	NA	NA	NA
13681	31.558748823856927	2.323442395872076	0.6088787967799972	1.0604719277343475e-5	4.283604524597365e-5	13681	NA	NA	NA
18857	13.859219008207807	-6.76305700443654	2.666385672061459	1.0696014350707545e-5	4.31634032269147e-5	18857	NA	NA	NA
16834	17.613777605334583	4.694702458045381	1.1595648516056587	1.3220211391845867e-5	5.27180582142279e-5	16834	NA	NA	NA
16951	26.756726071983806	-5.958077609260969	1.355110474095574	1.4645733916019427e-5	5.80452245577235e-5	16951	NA	NA	NA
13328	25.045097412028024	-2.7069190838031996	0.7272548482988953	1.5738154310866623e-5	6.206803714168476e-5	13328	NA	NA	NA
14236	28.535553799542594	-2.4077839343642387	0.646898155367618	1.5789051651978153e-5	6.225418633090894e-5	14236	NA	NA	NA
18312	11.438632223227899	6.68147983641515	2.6478483121798466	1.61696380600253e-5	6.364628433632844e-5	18312	NA	NA	NA
11452	34.895286354856026	2.0650764010409906	0.5590192007542455	1.8577115195825882e-5	7.251706534485578e-5	11452	NA	NA	NA
20047	11.171725867859179	6.630589340825747	2.6477739001327496	1.878128982584357e-5	7.322920135846393e-5	20047	NA	NA	NA
15870	11.193493991453625	6.631454166494247	2.6498311315749716	1.904981202087857e-5	7.419029473441146e-5	15870	NA	NA	NA
16162	26.126505532276198	-2.499601623935925	0.6804015296162413	1.9198457598278932e-5	7.471736213427714e-5	16162	NA	NA	NA
14546	38.07182862867334	-2.0358609395284	0.5556400822872969	2.129389994973397e-5	8.234423711073755e-5	14546	NA	NA	NA
12348	40.26978961487241	2.064320887396517	0.5665902383392919	2.193509009820496e-5	8.468292463406041e-5	12348	NA	NA	NA
9861	16.898822828047255	4.0682560836433606	1.0830939930339178	2.278236636240788e-5	8.777283219925616e-5	9861	PSMD6	ENSG00000163636	proteasome 26S subunit, non-ATPase 6
16778	19.838468264290725	2.9318951013225676	0.8150085246468377	2.470566434880572e-5	9.472754727547548e-5	16778	NA	NA	NA
16273	23.018728184989154	2.6986665787926634	0.7550339599979086	2.5713273968281884e-5	9.843408357032666e-5	16273	NA	NA	NA
14885	31.099067953882702	2.191620997746529	0.614310033010843	2.800781920346379e-5	1.0680518011465811e-4	14885	NA	NA	NA
13378	35.61976854831885	2.018697601610564	0.5631522598833484	2.807491371356215e-5	1.0701257286925908e-4	13378	NA	NA	NA
12855	20.760982363120327	2.8241247613878895	0.7960978646636057	2.882960655135187e-5	1.097153840281956e-4	12855	NA	NA	NA
11855	33.822897225293396	2.0659016147105516	0.5787187435392195	2.9526047028191252e-5	1.1203664532553869e-4	11855	NA	NA	NA
18407	15.605325463964455	3.939650054583714	1.0710440862690422	3.0989984570829174e-5	1.1722177452218403e-4	18407	NA	NA	NA
12429	34.470880962638034	-2.0034582105843146	0.561011736945135	3.1094913534594255e-5	1.1756586078189656e-4	12429	NA	NA	NA
15607	10.082332322789854	6.408084565570652	2.6499980815334014	3.5326603055949484e-5	1.323470512707874e-4	15607	NA	NA	NA
13834	24.222919684987602	2.521900872370821	0.7287197281209984	3.9205916418460806e-5	1.4587442167186918e-4	13834	NA	NA	NA
9194	17.30409434578476	-4.3545201680800245	1.16318453218663	4.0367712732019835e-5	1.4983299149376548e-4	9194	SLC16A7	ENSG00000118596	solute carrier family 16 member 7
18037	18.112541744221204	2.9642392370226935	0.8667654858394536	4.8124851407416176e-5	1.767166370913407e-4	18037	NA	NA	NA
8209	15.675393542835545	3.516713181045521	1.01531026909862	5.015923913849374e-5	1.8378624610361938e-4	8209	GATD3	ENSG00000160221	glutamine amidotransferase class 1 domain containing 3
14899	25.918754690028255	-2.3416999851749867	0.686809473681522	5.108875089153776e-5	1.8702925326380347e-4	14899	NA	NA	NA
16568	16.740662599431207	-3.74310208903929	1.0630096817979187	5.425070734284411e-5	1.9804507081150983e-4	16568	NA	NA	NA
18452	9.014706901314977	6.150072488492823	2.66019625516458	7.151894129241401e-5	2.5740093425181704e-4	18452	NA	NA	NA
17144	27.39551108564917	2.1289778789113694	0.6436018198635697	7.402520865776824e-5	2.660799389107401e-4	17144	NA	NA	NA
10977	153.08945199414546	-2.4167754785201416	0.7629822126803301	8.318734789293466e-5	2.9723635444876297e-4	10977	NA	NA	NA
10753	22.875598338173894	-2.3717789301051178	0.7300836898901236	8.964668552266862e-5	3.191649438058646e-4	10753	CAPN9	ENSG00000135773	calpain 9
14782	9.080011272098314	6.115871698736492	2.694786950547371	9.386041033891371e-5	3.3290002319025e-4	14782	NA	NA	NA
8376	26.89022361553206	2.080857510540021	0.6437858709822405	9.667575321475622e-5	3.4187729612274143e-4	8376	NA	NA	NA
20138	8.448242005185868	6.0037644419038125	2.6636406901687595	1.0140071931525791e-4	3.5746035446283087e-4	20138	NA	NA	NA
18082	17.16300451994187	-3.0552620076594157	0.9428508355661737	1.0246209271480225e-4	3.608242662729548e-4	18082	NA	NA	NA
9415	8.502662314171985	5.991244176217971	2.681289859189921	1.1414888835780811e-4	3.9889339695901404e-4	9415	FADS2	ENSG00000134824	fatty acid desaturase 2
17310	14.834399967853827	-3.5221702844810854	1.08480862406054	1.3391379731161993e-4	4.633466913350482e-4	17310	NA	NA	NA
18218	17.457559391846072	-2.8105763445064373	0.896083613468634	1.3647486767131976e-4	4.7175371882687177e-4	18218	NA	NA	NA
11247	26.24462320978355	2.1125716288946994	0.6784541832020001	1.398086255555577e-4	4.824543554007361e-4	11247	NXPH4	ENSG00000182379	neurexophilin 4
10875	7.892661170853984	5.840710895872385	2.6730672744515207	1.4960963051623187e-4	5.141686077333356e-4	10875	FGL2	ENSG00000127951	fibrinogen like 2
19180	8.374256755726435	-5.642124430972631	2.668036433629697	1.9206691679932628e-4	6.49088275918253e-4	19180	NA	NA	NA
18936	12.895227497516462	3.538882464472267	1.157425781977993	2.151944633532505e-4	7.211691070385549e-4	18936	NA	NA	NA
14506	19.005242482341778	-2.4954481712106684	0.8409780050968153	2.1805658284897812e-4	7.300343648462806e-4	14506	NA	NA	NA
16510	24.711955907632767	-2.077474653852115	0.7081170974927073	2.543045629284922e-4	8.433416383843655e-4	16510	NA	NA	NA
17002	14.909397015075047	3.023274976994951	1.0438565597071818	2.581446723778912e-4	8.545618798591876e-4	17002	NA	NA	NA
21708	7.091942104747826	5.5678385358046985	2.697347916768096	2.760097088086107e-4	9.09023469767886e-4	21708	NA	NA	NA
21961	7.10282616654505	5.566946410915752	2.7001048364482187	2.792261577620682e-4	9.178544791554223e-4	21961	NA	NA	NA
13168	22.193336183339444	2.085909108292794	0.7226718499868944	2.892704655765102e-4	9.482800545665626e-4	13168	NA	NA	NA
16431	20.858553073496747	-2.172578301192283	0.7574914001589996	3.131712772821149e-4	0.0010200782029846837	16431	NA	NA	NA
18436	14.75097449671051	-4.893023862795192	1.442752982088036	3.1363171211530073e-4	0.0010209855078333007	18436	NA	NA	NA
16155	15.024626451478273	2.7887704666193165	0.9885503309716165	3.2451634890443194e-4	0.0010541773371046748	16155	NA	NA	NA
9078	12.308111162646194	3.958931122781801	1.319157260524616	3.2646271089426145e-4	0.0010598866495969467	9078	NA	NA	NA
14395	6.814151687581884	5.463878379469731	2.7077946079831148	3.41712568951475e-4	0.0011064102405581309	14395	NA	NA	NA
16691	19.502715962873147	2.329811645042482	0.8329846406269762	3.4686403243446e-4	0.0011224424108755393	16691	NA	NA	NA
13056	20.65306410490846	-2.150557262848951	0.7603961667647015	3.5461628435836935e-4	0.0011466471253062482	13056	NA	NA	NA
18885	15.152301877142751	2.57831869079062	0.9298735698510839	3.774582450372117e-4	0.001215139905644551	18885	NA	NA	NA
12387	15.935314338036786	-2.5985285280791404	0.9417923231444628	4.196814000956615e-4	0.0013431080915262143	12387	NA	NA	NA
12942	22.364325027146805	-2.0130599729274197	0.7266600406420356	4.3259181294248136e-4	0.0013807517304684205	12942	NA	NA	NA
4685	21.361098748417326	-2.059276183383349	0.7465931794140237	4.4228008741564403e-4	0.0014098044050879133	4685	NCAM2	ENSG00000154654	neural cell adhesion molecule 2
14749	12.927639722139697	3.066288810066957	1.1239952988353337	4.4505295436349224e-4	0.0014178380157928887	14749	NA	NA	NA
18851	13.6170625323985	-4.728449171025863	1.4623257043698106	4.638341478352052e-4	0.001473767367838652	18851	NA	NA	NA
8845	17.984614985557627	-2.3514181265033924	0.8785079244935743	5.092905087053138e-4	0.001607281140666695	8845	NA	NA	NA
14960	20.914090067336147	-2.019881726806811	0.7483754148851763	5.347229717616273e-4	0.0016828134637387037	14960	NA	NA	NA
21677	6.269454915047222	5.234006418037096	2.7385669974523164	5.35507580529147e-4	0.0016849677982269872	21677	NA	NA	NA
16666	6.258570853249999	5.230482006231323	2.7386849451125705	5.385653263603413e-4	0.0016942723885499994	16666	NA	NA	NA
8449	17.633189364049812	-2.330606870294394	0.8744480319345865	5.392098742566302e-4	0.0016956665326763123	8449	DHX16	ENSG00000204560	DEAH-box helicase 16
15958	16.1825399090913	2.3035463573320216	0.8682928872767595	5.434188434473574e-4	0.001707627043040399	15958	NA	NA	NA
21512	6.247686791452776	5.223183965891018	2.741557385252189	5.486790761094174e-4	0.0017219074993817722	21512	NA	NA	NA
19172	12.26363893995647	-3.6342831101606214	1.2934750865905822	5.770989238409381e-4	0.0018050419534697988	19172	NA	NA	NA
10077	6.2259186678583305	5.197250059062485	2.755590468882144	5.910820342563442e-4	0.0018456928345775704	10077	TSPAN32	ENSG00000064201	tetraspanin 32
14219	17.07971356159804	-2.276815248764348	0.8699018735150653	6.313245396592707e-4	0.0019633435360779535	14219	NA	NA	NA
14767	14.045576200429227	-2.6236123864386447	1.0070117038513056	6.667627412836153e-4	0.0020659217227628488	14767	NA	NA	NA
18938	12.544895671004427	2.7137327919346674	1.051166791506462	6.682434193769903e-4	0.0020693672641244054	18938	NA	NA	NA
11711	16.876726427437852	-2.2508580643545564	0.8684702406068193	6.807048905073944e-4	0.0021037016619828448	11711	NA	NA	NA
12123	5.980780436084057	5.097618118694558	2.760994562581134	6.861587082019288e-4	0.002118723325698803	12123	NA	NA	NA
15420	16.01383007066602	2.426497186281073	0.9535825345560918	6.861945972898617e-4	0.002118723325698803	15420	NA	NA	NA
18069	12.51417764313491	-4.558593093434859	1.4845482384808073	6.885769429449874e-4	0.002124761173292042	18069	NA	NA	NA
16447	14.290474471435067	-2.642251932543099	1.024846307288331	7.01999715232758e-4	0.0021635569554391736	16447	NA	NA	NA
15370	6.587847141744959	-4.990230547554622	2.736542385355247	7.108523987792918e-4	0.00218843773225654	15370	NA	NA	NA
17425	20.06650758933875	-2.158904617774677	0.8567682476678068	7.748921816741519e-4	0.002369563163136502	17425	NA	NA	NA
17151	11.40315048727063	-3.512762275891908	1.302330436348819	8.024705558467739e-4	0.0024481166957354477	17151	NA	NA	NA
21219	6.056968868664617	5.043058648309905	2.820820823487934	8.386273817400737e-4	0.00254605267658065	21219	NA	NA	NA
20543	6.323682581572768	-4.876079469675555	2.7516194088288937	8.576620542341122e-4	0.0025976670851263397	20543	NA	NA	NA
21783	6.323682581572768	-4.876079469675555	2.7516194088288937	8.576620542341122e-4	0.0025976670851263397	21783	NA	NA	NA
21685	6.365593718418416	-4.883100797898852	2.7563494440750023	8.578594171897216e-4	0.002597797623714244	21685	NA	NA	NA
15617	12.642256046320403	-2.7364398898733686	1.0891635462355993	8.871315359059236e-4	0.002681618213005879	15617	NA	NA	NA
16963	15.86261608691115	-2.314588599702694	0.9394757587919006	9.297397738132089e-4	0.0027993595192230356	16963	NA	NA	NA
13035	11.459120645216482	2.8342675378015496	1.1579780821944397	9.611226525913391e-4	0.0028881701409061654	13035	NA	NA	NA
11211	5.670337833526445	4.890373251542321	2.828299178328092	0.0010219364801057305	0.0030551056852441867	11211	FZD10	ENSG00000111432	frizzled class receptor 10
16251	10.977226409037064	2.754360810068234	1.15134016246273	0.0011190725164906172	0.0033248378930314034	16251	NA	NA	NA
17849	11.147128193699134	-4.317017313806652	1.5203385216160108	0.001163327894144025	0.0034429598835475183	17849	NA	NA	NA
17152	17.191424312593256	-2.0708565803250774	0.8664773765384023	0.001182940578438649	0.003495476283717643	17152	NA	NA	NA
20597	5.8791757349196825	-4.6505495938949535	2.7933786702211623	0.001219948499672437	0.00359788664351731	20597	NA	NA	NA
17651	16.9129971321109	-2.044439089091343	0.8583807986857338	0.0012290273734841773	0.00362149098328496	17651	NA	NA	NA
7844	13.275575162192586	2.275268551142303	0.9857964593328049	0.0013377090773500763	0.003911620222707985	7844	RNF103	ENSG00000239305	ring finger protein 103
9984	6.042753566662318	-4.606458995802539	2.879658649173301	0.0014589828010546438	0.004234285558924992	9984	THOC1	ENSG00000079134	THO complex subunit 1
20684	5.201829493572344	4.625022782485729	2.881440258783765	0.001470306503988552	0.004266016803440251	20684	NA	NA	NA
14517	12.255104507187978	2.3390734580738055	1.0523565000924813	0.001618009564069936	0.004660044648356032	14517	NA	NA	NA
15132	13.008668806823867	2.2235982628685913	0.9970948891936775	0.001621270357831325	0.004667839429967432	15132	NA	NA	NA
18861	5.417904433528336	-4.362663487824303	2.8724704536477104	0.0018317882388494413	0.005227472283040941	18861	NA	NA	NA
12154	4.913155014609179	4.438751053565621	2.931586998410741	0.0018591703714535928	0.005300224996661334	12154	NA	NA	NA
13571	10.008212560530934	-4.09003309393299	1.5614670356287568	0.0018601973450735893	0.005302255127122417	13571	NA	NA	NA
9915	9.622043193452305	2.8484616926661013	1.3019986635038485	0.0018692655500754769	0.005325398724965493	9915	ARNT2	ENSG00000172379	aryl hydrocarbon receptor nuclear translocator 2
14721	4.891386891014733	4.426812037413945	2.9345883626907523	0.001885944811797959	0.005367275462890773	14721	NA	NA	NA
18364	9.799584994198142	-3.1581363235648063	1.3689230759923687	0.0019138907526059547	0.005436896132571572	18364	NA	NA	NA
13741	13.436614797948655	-2.386261980175667	1.128140266139736	0.0019926710888473823	0.005635026219343395	13741	NA	NA	NA
14435	10.53864671275543	-2.728752720324038	1.247452825636561	0.0020209610910655188	0.005714067289043542	14435	NA	NA	NA
21300	9.021972443830823	4.128197703414177	1.646743209862836	0.0020284523247084017	0.005733322784170776	21300	NA	NA	NA
17293	10.594820469911243	-2.7290026453278085	1.2627109228767086	0.002119281095720176	0.005970483520204196	17293	NA	NA	NA
16440	5.220797692309182	-4.220654033728091	2.9201606502311113	0.002183036373239951	0.006132165558859178	16440	NA	NA	NA
19001	11.266824369515495	-2.446445341042214	1.1566521923835116	0.0022415018063560574	0.006280680602169053	19001	NA	NA	NA
16532	11.820300171967265	-2.489270766891286	1.1978233333341082	0.0022828737475347675	0.006388101347372131	16532	NA	NA	NA
19094	9.599736457782459	-3.9668365873845173	1.593414761347745	0.0023368556321220106	0.00652073717397426	19094	NA	NA	NA
22431	5.178886555463533	-4.167331549667262	2.9534515469725364	0.002351950874052089	0.006558780640928502	22431	NA	NA	NA
16391	8.370936887752023	4.013036085535667	1.64126857164775	0.0024082656827992383	0.006706663485751476	16391	NA	NA	NA
12416	4.635364597443237	4.210007673203765	3.0232316710182583	0.0024340842373396588	0.006772964070852587	12416	NA	NA	NA
6588	4.624480535646014	4.203287401510229	3.025461496974833	0.002451328116282432	0.006815315416575228	6588	SLN	ENSG00000170290	sarcolipin
15925	4.624480535646014	4.203287401510229	3.025461496974833	0.002451328116282432	0.006815315416575228	15925	NA	NA	NA
17760	8.558036291258805	3.140493217798268	1.4717852924864308	0.002456408306615987	0.006827185324874273	17760	NA	NA	NA
11731	9.112500440737406	2.7311856586331293	1.3234196674803547	0.002464018698222382	0.00684607735985232	11731	NA	NA	NA
15974	8.136682717774974	3.94131737864083	1.6585118843423032	0.002729155261931276	0.007524390080373721	15974	NA	NA	NA
20030	4.96501535950612	-4.014613069594399	3.0072979546882683	0.0027542911169888547	0.007588720944059607	20030	NA	NA	NA
9598	11.45438544108182	2.147994184340926	1.1059532062369601	0.0030275938186743864	0.008264658762599556	9598	NA	NA	NA
9531	14.269934655635884	-2.0066835803193577	1.0209753458161757	0.003041642665678835	0.00829628482183861	9531	BAG3	ENSG00000151929	BAG cochaperone 3
17224	10.158695850627286	-2.5872398653793858	1.3188774158111585	0.0031058647150170662	0.00845638832674008	17224	NA	NA	NA
17000	4.357574180277295	3.930159986365845	3.1772072875235455	0.0032262302842884284	0.008744522450896046	17000	NA	NA	NA
21086	4.368458242074517	3.930994656234739	3.1814654171502106	0.0032295870019039908	0.008752211958812874	21086	NA	NA	NA
18354	4.759526390917835	-3.8309811904224502	3.099236561677356	0.0032911970882822305	0.0089062765493608809	18354	NA	NA	NA
12186	12.058681286715654	-2.1729492518797215	1.1382963604534115	0.0032963927039976314	0.008918903138708243	12186	NA	NA	NA
17953	13.223860286844525	-2.085482600932907	1.0913194663163739	0.003312145373323993	0.008951456922929873	17953	NA	NA	NA
18550	4.742761936179576	-3.8090711733782507	3.115472397575352	0.0033633120460376757	0.009076630585781164	18550	NA	NA	NA
15345	12.042793556062243	-2.179597025782946	1.1491314620787583	0.003392011289070532	0.009142360772718912	15345	NA	NA	NA
24287	4.390226365668964	3.8841393853066544	3.2479662915887633	0.00341106340627288	0.009190769241861648	24287	NA	NA	NA
23026	4.324921994885625	3.827944245077459	3.2848025849214944	0.0035760264531740395	0.009609108899226237	23026	MYO16	ENSG00000041515	myosin XVI
23058	4.793055300394354	-3.7557795958779048	3.201249163099085	0.003594448479488611	0.0096524497519675009	23058	NA	NA	NA
20454	7.591985945240312	3.763449673525366	1.704724720457735	0.003657678466434607	0.009815984920280284	20454	NA	NA	NA
13196	7.789969410544316	2.9190100500569063	1.5139098568333182	0.0036640313705961275	0.009831467221293624	13196	NA	NA	NA
14215	9.001847684056948	-3.743291189904924	1.7016510189581568	0.0037044569325248946	0.0099320259104791	14215	NA	NA	NA
14369	9.569008034041	2.3519733622613015	1.2903658655800523	0.003714005964119409	0.009949707355356482	14369	NA	NA	NA
12198	8.913073135320062	-2.855343053913908	1.4725390593493648	0.0037176467564463264	0.009956293158167324	12198	NA	NA	NA
19648	9.613602275544645	-2.4810089424777186	1.3221290207968022	0.00376342771916809	0.010059702030284227	19648	NA	NA	NA
11008	8.152330487659949	2.911984250479926	1.586045655380978	0.003963355778353052	0.01055535467691879	11008	NA	NA	NA
17038	8.543533710180204	2.513471884372553	1.404358687307647	0.004047666333307384	0.010764798018461206	17038	NA	NA	NA
22905	4.545655194960422	-3.562464602598728	3.307594686496524	0.004136571649544474	0.0109700577288707	22905	EPN2	ENSG00000072134	epsin 2
23214	4.545655194960422	-3.562464602598728	3.307594686496524	0.004136571649544474	0.0109700577288707	23214	XPO6	ENSG00000169180	exportin 6
16071	9.31048390604141	2.2874301052732	1.2935261860480924	0.004153819802712075	0.011010597430768352	16071	NA	NA	NA
20473	4.554037422329551	-3.5372232424420034	3.348259038033239	0.004229923082678218	0.01119294542933708	20473	NA	NA	NA
23266	4.5121262854839035	-3.532082890175002	3.331474476672209	0.004229906185462395	0.01119294542933708	23266	ADGRL2	ENSG00000117114	adhesion G protein-coupled receptor L2
13744	7.3225777554435	3.652714484424094	1.732365287615979	0.004259514067631776	0.011265936374889133	13744	NA	NA	NA
19105	8.782791549013442	2.5230280300000842	1.4629271267152044	0.004369322086456565	0.01152559272179332	19105	NA	NA	NA
16184	7.533947116972819	2.81986141299183	1.5472912014286588	0.0043798795338704935	0.011549823261882104	16184	NA	NA	NA
20343	8.311781374631249	2.45414993722913	1.4178178070681964	0.004549026231452612	0.011941637059651128	20343	NA	NA	NA
16322	8.320163602000378	2.443843291419638	1.4203740478136968	0.004594853433684546	0.0120431644861086	16322	NA	NA	NA
20989	7.9492561590081365	-3.519763426149964	1.6936230018979848	0.0048705924697597	0.012696714735410734	20989	NA	NA	NA
14356	11.114370560338516	-2.0018101061415425	1.1591683110319952	0.004959152130361914	0.012905597569972898	14356	NA	NA	NA
19749	6.990367029291442	3.4886970411502314	1.8042085977242501	0.005449300470250174	0.014037971534191972	19749	NA	NA	NA
18987	9.244535475213723	-2.310222245410483	1.4064864928162337	0.005508373005807535	0.0141641474145364	18987	NA	NA	NA
19982	8.023106895668082	2.3420649446460113	1.4599255415790386	0.005614530266048753	0.014421703734023947	19982	NA	NA	NA
20428	10.445675571959283	2.033467107806124	1.3325997588199319	0.005919252275397083	0.015137465196307801	20428	NA	NA	NA
14668	7.5215137670933085	-3.3641635681543502	1.7391606142219036	0.0060528901011368905	0.015441701151817184	14668	NA	NA	NA
16333	7.269542596032194	2.646455066718201	1.6602478577981075	0.006068580801769121	0.015474697259508178	16333	NA	NA	NA
17073	7.687593433264039	-3.3451241929866646	1.781475037981705	0.0062491564352167685	0.015884648206649116	17073	NA	NA	NA
15893	7.8160686389975105	-2.496592835794532	1.5834288097533542	0.006815261842443402	0.0171450566816174	15893	NA	NA	NA
18294	6.4917083383737655	3.3152674250153047	1.8487990268900305	0.006822580854104447	0.017160905389562192	18294	NA	NA	NA
15436	8.774169360875877	2.0438402356540877	1.4020888526173887	0.006920943702052175	0.017387541689177777	15436	NA	NA	NA
17648	7.777968663893809	2.2168977725820684	1.5214555651434873	0.006983829878322626	0.01753768194914301	17648	NA	NA	NA
10952	6.55451087472901	3.229680214167717	1.9311790509791595	0.007556854562655413	0.01877784135091001	10952	SEC61B	ENSG00000106803	SEC61 translocon subunit beta
19708	7.810188246056474	-2.4243941524177433	1.6400157333149146	0.0075591416652794185	0.018780753266937945	19708	NA	NA	NA
17847	9.027285720743368	-2.1249418353290785	1.5173967286499919	0.00762515407080882	0.01892521658841865	17847	NA	NA	NA
14351	9.003015762720828	-2.145900799573709	1.5239948585498313	0.007631606735745666	0.018938440529024023	14351	NA	NA	NA
17747	7.071126527499186	-3.1593679929825664	1.8052498215131418	0.007723622715812593	0.019138582480030024	17747	NA	NA	NA
18765	7.587934822729931	-2.308575963509123	1.7006510607452838	0.00881533346943319	0.02155200575279543	18765	NA	NA	NA
20388	7.5544059132534125	-2.288231555745302	1.7141259523254173	0.009050714605898581	0.02206660401959347	20388	NA	NA	NA
19266	6.815344194696125	-3.01776571416432	1.8735591742603033	0.009096887783183327	0.022156404621760096	19266	NA	NA	NA
21342	6.815344194696125	-3.01776571416432	1.8735591742603033	0.009096887783183327	0.022156404621760096	21342	NA	NA	NA
18600	5.925243442244658	2.993805168532238	1.998986106764939	0.009717284040412446	0.023494481441571513	18600	NA	NA	NA
16243	6.624117846418006	-2.9484217301047035	1.9033352295554584	0.009912140210044806	0.023917529894992767	16243	NA	NA	NA
17316	6.6014729987387115	-2.9192547994226024	1.910370043992922	0.01006741633267206	0.02427828885037913	17316	NA	NA	NA
20759	7.327148821070683	-2.2170285243372443	1.7551508928462227	0.010081376959633367	0.0243049947029672	20759	NA	NA	NA
18145	6.404366257519556	-2.8015024950487804	1.9708291811087173	0.011278466361598974	0.026917428221276463	18145	NA	NA	NA
12700	5.669221148673161	2.819477583062739	2.099678700601475	0.011386064219978417	0.027143448678430996	12700	NA	NA	NA
22329	5.6558352524478455	2.7668049389537184	2.138270018356249	0.011741163382949083	0.027891266944401544	22329	NA	NA	NA
10894	5.712757395862053	2.7539155900399743	2.1937753167456746	0.011990522869335184	0.02839150803144045	10894	LYVE1	ENSG00000133800	lymphatic vessel endothelial hyaluronan receptor 1
11343	5.712757395862053	2.7539155900399743	2.1937753167456746	0.011990522869335184	0.02839150803144045	11343	MGLL	ENSG00000074416	monoglyceride lipase
18982	5.644951190650622	2.732917985547282	2.1760351324632783	0.012057946418819417	0.028527088745844194	18982	NA	NA	NA
16450	5.634067128853399	2.683423039994712	2.235588941488092	0.01250387216969773	0.02946631329658424	16450	NA	NA	NA
20582	6.1737306068238835	-2.653711428151675	2.056879441769456	0.01282830827632336	0.03016739441045739	20582	NA	NA	NA
16566	6.112553180811883	-2.5631845204601484	2.167915191032798	0.013905990392313466	0.032380652406880366	16566	NA	NA	NA
17493	5.388928897079126	2.533842102467723	2.32953153075627	0.013915239426438398	0.0323977093794031	17493	NA	NA	NA
16649	5.378044835281902	2.4945600080903536	2.3841527690829847	0.0142390427097977	0.03301466050295928	16649	NA	NA	NA
18926	5.35877854611555	2.462266964452873	2.4544941780738423	0.014647666134671429	0.03389675659033487	18926	NA	NA	NA
14971	5.943094956128211	-2.479463114916746	2.1835240492066483	0.014652271731827773	0.03390275569716676	14971	NA	NA	NA
21638	5.709957471004444	-2.28549215006767	2.3821040607537816	0.016728561868546793	0.038120295245781866	21638	NA	NA	NA
12935	5.693193016266185	-2.2743092874101607	2.3926734887127896	0.016843011171170694	0.03832923082736682	12935	NA	NA	NA
19206	5.726721925742703	-2.2478073737735453	2.453540724669346	0.01699638152386845	0.03860521511491026	19206	NA	NA	NA
