,baseMean,log2FoldChange,lfcSE,stat,pvalue,padj
105378580,27.0113628210101,1.07720042744854,0.313711066972803,3.43373422507256,0.000595327607120951,0.0054969029630551
107984868,12.8927711299725,3.39095027547323,1.10134411261883,3.07891987310856,0.00207752549824352,0.0157960426185054
105378605,3.5550219735753,-2.19533003014596,0.806659333933858,-2.72150824740344,0.00649847635304527,0.040167462471887
105378604,15.5826732374993,-1.30983018825316,0.350403575667122,-3.73806170715986,0.000185444437074714,0.00202859937655795
27237,16.1075613969136,-1.19185362313813,0.434776276015907,-2.74130326074766,0.00611959967656919,0.0383078287702049
101927479,30.2675026000228,1.1693330186001,0.348607236641173,3.35429932512765,0.000795662421464634,0.00703233636442953
105376830,7.39975626209405,-2.62169073914035,0.689053461295792,-3.80477116276313,0.000141935348076913,0.00163188879472886
79727,1201.04335149177,1.23288036242886,0.426096880642737,2.89342733645257,0.0038106245073392,0.0260980734005731
115572,27.084880197727,1.1850853720615,0.432310084762587,2.7412855120239,0.00611993028347799,0.0383078287702049
2827,134.214759022081,1.04905475795927,0.153452610349156,6.83634351720913,8.12400064430458e-12,3.83556541057699e-10
27245,383.781690860083,-1.06460391128641,0.102885635014201,-10.3474494873796,4.29782636802647e-25,7.19764280049112e-23
653160,21.1898721685847,1.5819223552573,0.409047363069533,3.86733297431964,0.000110032141798645,0.00131269528307093
339559,60.5203584121586,1.84581380802758,0.555704107860069,3.32157668428172,0.000895103818862773,0.00778152937926148
112268225,22.3245955674679,1.24363898742678,0.373844109574054,3.32662453567543,0.00087904730124039,0.00767577358171146
100874278,10.5645393166419,-1.64200384945566,0.531842393986435,-3.08738804582311,0.00201923815800823,0.0154402890639241
26828,11.8209992703805,-1.59078086395505,0.540833071160089,-2.94135279217083,0.00326782122601665,0.0230474224887753
266675,15.1297676126966,1.27908447602454,0.475884254686151,2.68780583393773,0.00719232050236823,0.0434722756411443
1263,242.832309970293,1.52808424457228,0.130338477082008,11.7239688446783,9.60636628363196e-32,2.13165267833793e-29
343521,35.5426987352847,2.17654562816924,0.363894937107216,5.98124734977544,2.21435315656567e-09,7.22595537414592e-08
149478,17.0968014006797,2.57221821935083,0.584960653298165,4.39724997715311,1.09631057049948e-05,0.000169232219543537
105378715,19.021468129952,-2.60635676202744,0.442152249699803,-5.89470428748698,3.7535296358762e-09,1.18352856298533e-07
105378728,22.0373899974403,-1.7345594323657,0.338781787824178,-5.11999019636176,3.05551540359697e-07,6.67177237941616e-06
619518,14.9313418753602,-2.22146091360056,0.516370146600799,-4.3020707688548,1.69209245217898e-05,0.000250734768039076
3725,97.6041812022199,1.2089044660632,0.174016206691498,6.94707975221177,3.72924907094004e-12,1.88051475722721e-10
3595,40.0401399510259,1.23267347481454,0.247690439448306,4.97666957820471,6.46876060500612e-07,1.31088399840261e-05
3752,21.5301564943678,1.91207427721744,0.562818586761502,3.39731899797348,0.000680495892762645,0.00614620916060924
106479023,511.420507651836,-1.63414217133986,0.0958062598077839,-17.0567369461916,3.11474919272578e-65,2.0478899136766e-62
337875,313.800125850425,-1.6710012191317,0.118133516253749,-14.1450222775256,2.00453164302117e-45,7.73574907106777e-43
107985193,25.5491311624343,-1.34115779956446,0.335060884190445,-4.0027286467798,6.26161050134718e-05,0.000799684241869892
338391,348.633622255428,-1.68268064068366,0.107223813310114,-15.6931617029604,1.68452143331894e-55,7.86937486428365e-53
440686,484.014682464363,-1.73047458639368,0.10618955800447,-16.2960899255353,1.05211215814445e-59,5.83659219730632e-57
105373467,36.0853506020051,-1.28192293332145,0.353148654005967,-3.62998108241349,0.000283441992464727,0.00292879059967044
101954267,12.7273585862653,-2.29906772471087,0.582032340204219,-3.95006869189466,7.81287674540855e-05,0.000973976039216942
107985595,8.78260315249118,-1.90343303360666,0.601499019220651,-3.1644823562188,0.00155359081430764,0.0124063626340932
101954266,76.7635798788262,-2.00467801561978,0.223022339982744,-8.98868703366168,2.50201396913617e-19,2.74171308519168e-17
101954276,11.102958220931,-2.43974419072036,0.576168886642559,-4.23442543893197,2.29136792400293e-05,0.000328565132365912
112268274,57.2986126549692,-2.01289656862013,0.273928411604708,-7.34825773211447,2.00807024321351e-13,1.23179345514207e-11
100996756,43.9377489271165,-1.6409896275927,0.271543900101909,-6.04318354040302,1.51102593830043e-09,5.13265286145016e-08
101447996,11.9920258451707,-2.22088111011691,0.556330317738823,-3.99201884079152,6.55131662530041e-05,0.000833684392346472
100847044,7.2599106935574,-3.19676879906692,1.14685240117423,-2.78742826521865,0.005312821530699,0.0342086354055019
440689,2728.94881668865,-1.63011309275784,0.0832548691866807,-19.5797928539491,2.29953684272091e-85,3.14010600246012e-82
653604,1064.01497461744,-1.63208008168218,0.0958879253149952,-17.0207049148341,5.76721186626376e-65,3.65641232321123e-62
8370,2739.53953035696,-1.52671926871262,0.145953340736119,-10.4603242448071,1.31405213748988e-25,2.35626803482023e-23
126961,3024.206743031,-1.39681937661133,0.0805480163411638,-17.3414497347155,2.28890323515089e-67,1.56279270116918e-64
8337,3491.71954100534,-1.59313812769284,0.0763638063428049,-20.8624766625838,1.1743028336044e-96,2.31624710023837e-93
723790,3481.08207345998,-1.59489222810255,0.0759891421471835,-20.9884225961309,8.36769039744357e-98,1.85679049919273e-94
333932,3029.79552922352,-1.39814429018823,0.0800280433253366,-17.4706794280148,2.39624098639188e-68,1.77241958293453e-65
554313,2739.21694512835,-1.52770028722841,0.146165047853475,-10.451885109769,1.43641301906782e-25,2.5499203914492e-23
8349,2487.50206173375,-1.82547802386893,0.0803788636435855,-22.7109210197774,3.49441882458506e-114,1.24065845948068e-110
8338,2020.82998518175,-1.82611580453118,0.0724947798673192,-25.1896178990178,5.2053917073428e-140,3.08020378629165e-136
1513,29.0572719765307,1.30981966535459,0.331885058693804,3.94660630553731,7.92667360755202e-05,0.000985394326899604
149428,26.4020215111012,1.19578252709617,0.388380874181374,3.07889138366206,0.00207772417272477,0.0157960426185054
79957,57.0311158972973,1.01697323257886,0.25959362265398,3.91755861404352,8.94503000527286e-05,0.00109135513851274
391104,7.42846773150696,2.39638421330992,0.798287899990924,3.00190471800608,0.00268296137432234,0.0194797261010103
10485,24.8878545897954,1.37278682211502,0.307143406075957,4.46953050255465,7.83914797479778e-06,0.000125031945057152
164118,7.57336553642918,4.74919630844348,1.2867088754007,3.69096413278761,0.000223405641543662,0.0023747885920258
2207,9.63170939956587,2.20872296704896,0.675692275480433,3.26882968356936,0.00107993285126589,0.0091203463252484
55811,15.9823093994796,2.27638206086479,0.529654429172886,4.2978627865335,1.724528589339e-05,0.000254690778019516
57821,22.7911125966785,1.56001280819041,0.404720633245831,3.85454231893052,0.000115946327513697,0.00137383069724019
89884,89.878996816419,-1.2648655131226,0.196342780780644,-6.44212895474737,1.17809114126733e-10,4.69965706511857e-09
100527964,35.3504335685246,-1.33723460896844,0.303062234554413,-4.41240925625244,1.02226644831538e-05,0.000159186613951707
107985230,19.0416792861704,-1.49699974678473,0.399048732291257,-3.75142088082642,0.000175835242574293,0.00193877467464525
7832,798.451506608257,1.48704566032885,0.0820090353501005,18.1327051827957,1.75889534280823e-73,1.56119550627658e-70
105371692,35.0772851570688,1.4031984000353,0.318085556580627,4.41138671972244,1.02710685780778e-05,0.000159800183521504
6900,16.4091440552566,1.67061858418032,0.451495357470837,3.70018994998908,0.000215438149634997,0.002310850774816
467,317.19773402615,1.08529942055176,0.260646262765477,4.16387869534997,3.12886390628269e-05,0.000433257348395712
92815,468.85048698306,-1.57402981584253,0.105392573198504,-14.9349215800803,1.95303721041643e-50,8.66757913982812e-48
128312,891.598213443723,-1.39797518681352,0.0890935077763636,-15.6911005269051,1.74012344770958e-55,7.92068498557449e-53
107985367,23.8556682115867,1.40687519215067,0.358098128498327,3.92874209661568,8.53913574999254e-05,0.00104904316840047
56776,21.7851617100775,-1.08159650891863,0.362365280853667,-2.98482378436088,0.00283741729800952,0.020450601654188
200159,4.42503166139273,3.12578978466999,1.18853432860492,2.6299533042003,0.00853965971226317,0.049850719898749
112268258,8.95270302704085,3.93765952038266,1.10555640084381,3.56169935552566,0.000368462173400739,0.00366439243821284
105373265,18.5741848852773,-1.10410808921372,0.320347626247889,-3.44659363375256,0.000567701799801798,0.00530412755267448
105373270,5.63233746184778,-2.68732259346379,0.706052456165759,-3.80612314282906,0.000141162118152138,0.00162510371039997
105373269,25.7292484382841,-1.81677983827266,0.295119972368916,-6.15607213462867,7.45712681778493e-10,2.62136465879838e-08
101929643,10.7487538578229,2.01587136832632,0.640281357397828,3.14841490390887,0.00164158511003867,0.0129748080469308
105374454,8.2304826409853,1.5594831061326,0.548755517711688,2.84185407854421,0.00448520154314896,0.0297094394753658
285051,7.00440640164094,3.54249945365634,0.951814814355435,3.72183685337499,0.000197778798589215,0.00214475823613668
56660,26.9256210452868,1.07448076738048,0.387349288786803,2.77393246479375,0.00553831741949598,0.0354165024606962
344022,9.10494113629158,1.85151278072879,0.644641339185719,2.87215955319827,0.00407677078641499,0.0275488523031743
1961,24.7924207477134,1.24551504435599,0.387242874433865,3.21636659209517,0.0012982487804094,0.0106795701343038
165545,14.8384982714831,1.60027115111999,0.497882026713467,3.21415730084378,0.00130827980647677,0.0107372090266184
101928214,12.7989193297228,-1.53301831302866,0.490992474116354,-3.12228474741421,0.00179453279407697,0.0139967250265617
105374852,35.5175556047987,-1.7663578061419,0.322734226458347,-5.47310344343,4.42221797193198e-08,1.13772773098169e-06
107985939,52.7911332967114,1.77572157925523,0.278424908637751,6.37773964959997,1.79720690936214e-10,6.99649496820103e-09
2736,672.555500018234,-1.0885546468771,0.0851066558604264,-12.7904760899349,1.85335043554139e-37,5.48344615528845e-35
3938,10.8025421721402,1.74294912172845,0.599788436931014,2.90593985213643,0.00366151825169475,0.025271878695212
107985780,78.8152326252133,-2.02435249279886,0.233556001730349,-8.66752503811087,4.41614550736154e-18,4.28390246156732e-16
105373774,13.4474404286385,1.26559123888271,0.466619362964981,2.71225615422584,0.00668269291926056,0.041006278846427
107985784,36.0504487279538,1.73128931962104,0.454143205597302,3.81221010968114,0.000137729718948076,0.0015897125947765
105373813,5.24898073118142,-2.57627232255027,0.699872845504032,-3.6810576936942,0.000232268436087864,0.00246016066672539
401027,6.70819423486156,3.17486462178398,0.964550134966357,3.29154961125449,0.000996370408243632,0.00852412890946552
2066,63.4420466319356,-1.34218797565995,0.389285767477019,-3.44782185169199,0.000565126648504169,0.00528563132995048
2335,19.0566417030138,1.13851842298436,0.401197148366474,2.83780287975621,0.00454252263758839,0.0300189698103436
92691,27.8693252478353,1.1842304050866,0.433996480284341,2.72866361568354,0.00635915351007707,0.039512668222222
151306,11.6555945885029,1.54381377003384,0.567960565810208,2.71817070227676,0.00656439616651348,0.0405184842656284
1144,11.3382247990332,2.57845903353748,0.710311356191107,3.63004056047184,0.000283376686581755,0.00292879059967044
1146,88.2638127063891,1.29942191355906,0.204414029121398,6.35681376246128,2.05981469558201e-10,7.93185042862731e-09
100506749,13.0181553887214,1.36975146519683,0.463050853322738,2.95810158942119,0.00309540092021941,0.0220066772799792
105373942,34.5515689405085,-1.73295312923943,0.292797646024528,-5.91860335207153,3.24686947957469e-09,1.04301921961105e-07
1293,1917.72559136929,-1.36328329297078,0.503047097405886,-2.71005100715412,0.0067272861713801,0.0411944753757639
107986013,29.4581907439657,-1.35600327246341,0.28001155997889,-4.84266889754708,1.28106661176228e-06,2.45853994508151e-05
107986075,20.9225725899823,3.20729995437823,0.550937632935034,5.82152999295374,5.83113383418161e-09,1.7604470718434e-07
11277,13.1539282335877,1.22999597865338,0.462794635060945,2.65775764339058,0.00786624384494256,0.0467810923736752
7318,65.3322986038397,1.0632617013343,0.338991745989105,3.13654156455028,0.00170953203115629,0.0134340914639603
55096,24.0018350757994,-1.23893583896386,0.332209546360971,-3.7293806049079,0.000191951031782795,0.00208705017571407
107986103,59.3279847897105,-1.13975247074811,0.211675432705729,-5.38443434922649,7.26728220382456e-08,1.79178880114297e-06
101929278,18.0600491862827,-1.01029031308849,0.341997324418194,-2.95408835378229,0.00313594209777689,0.0222676976478942
105374009,6.02340583079928,-1.91782698367214,0.692604612212284,-2.76900694834577,0.00562274360804889,0.0358016300323113
64332,370.98895539163,1.60016285899298,0.15435363352369,10.3668622659757,3.50856566020686e-25,6.04699588349439e-23
105374056,60.6237090010548,-1.02324593164672,0.216305615734086,-4.73055647757496,2.23905222641754e-06,4.08926493038726e-05
101926953,34.9203693356224,-1.09846688290604,0.249624263776117,-4.40048121240023,1.08011079590275e-05,0.000166876647944871
105374152,65.5142740186784,1.26311252095587,0.214722564931918,5.8825327527005,4.04035350205302e-09,1.26497981249462e-07
29909,20.4818972297819,-1.110312874186,0.355210127691427,-3.12579171489878,0.00177327098037366,0.0138552405121449
53829,5.75225108970428,-1.9156274051595,0.671371690232312,-2.85330381520353,0.0043267234203582,0.0288960202173521
285313,22.2931025149367,-1.30521875985441,0.354506793101117,-3.68178772665188,0.00023160421351046,0.00245458984969414
107986148,27.6295485283613,1.03691455582573,0.360500941715223,2.87631580348225,0.00402346945392421,0.0272405147772931
105374187,35.9568190459742,1.14097196052335,0.281699142659211,4.05032102601623,5.1147416255474e-05,0.000667624215711157
7066,7.26553065933135,2.00198608180554,0.73988113686283,2.70582122189811,0.00681357161154432,0.0416366689322323
101929018,5.61390114576654,1.97921992405507,0.71847290065929,2.75475932667591,0.00587353230637585,0.0370924743873298
102724808,17.586268169387,-1.04858221133581,0.388099406381381,-2.70183925585647,0.00689570912145788,0.0420084517241319
105374353,14.9315447009819,1.17664423193397,0.446673858167763,2.63423571901098,0.00843269224375512,0.0493236088010349
107986273,7.30731563722483,-2.65665732310527,0.875871842715023,-3.03315758487015,0.00242009186465882,0.0179304969872385
285429,16.8911900732526,1.32074996310287,0.443997012786135,2.97468209260014,0.00293292326518634,0.0210364661832679
105377347,20.9819797365141,-1.54388160802169,0.365474536589209,-4.22432058449259,2.39662691237133e-05,0.000341803867849375
7350,11.5529118519457,2.4212045295574,0.637837859871055,3.79595612284111,0.000147075511562209,0.00167364389823867
4306,5.69685108482348,-2.31404680008583,0.785860622816704,-2.94460204888719,0.00323370287081641,0.022870395762045
10586,470.407587246468,-1.7458043858018,0.436064599414898,-4.00354531907492,6.24002408366955e-05,0.000797501134149042
389247,8.83113037353298,1.77226655742099,0.615548834737388,2.87916483210808,0.0039872987385543,0.0270767475124398
107986334,74.1386303927696,-1.07454711872429,0.189391440733307,-5.67368363936479,1.39759127886479e-08,3.96960646118523e-07
101929003,30.0960509033432,1.96747839640492,0.394445760601503,4.98795675584053,6.10212228089592e-07,1.24654631450477e-05
153657,17.2306419240033,1.80657635518943,0.456927631436685,3.95374722581155,7.69366892296843e-05,0.00096181697690518
3673,19.3110533063312,1.80882915664745,0.56668114068409,3.19196992238678,0.00141306046339613,0.0114385085938022
107986348,98.3975037888227,-1.20368565841404,0.186656370366894,-6.44867172788186,1.12834662589346e-10,4.52153708868187e-09
101929599,29.9962661846936,-1.02869209711302,0.303532067682575,-3.38907221555515,0.000701295385955973,0.00631949019872611
26045,11.8606502427739,-1.37555661888563,0.478297323748167,-2.87594462813655,0.00402820369181246,0.0272621700103145
100505636,13.3175533545187,1.2056234704829,0.452780149547445,2.66271273528205,0.00775135555956745,0.0462217211600407
492311,20.4748668972475,1.40739828129955,0.403563118783295,3.48743038150445,0.00048768587260985,0.00465201483641594
56132,24.2520182265878,1.2725333496558,0.339231909178177,3.75121949093363,0.000175976559514993,0.00193912841993181
51294,24.2152396781955,1.1893540852481,0.335821494926266,3.54162584354296,0.000397669115838666,0.00390887161925138
91977,8.44087966634429,2.52764219896654,0.802692639292199,3.1489540021139,0.00163855984224052,0.0129624395362984
386627,12.3465922986136,-1.77474329934396,0.46732199116745,-3.79768838806483,0.000146051768157495,0.00166306028757656
1843,191.030842713715,1.15919031114772,0.142554182968884,8.13157696958453,4.23741332252165e-16,3.32843191599134e-14
107986515,13.1188879146521,-1.28595881408375,0.463771280625971,-2.77282977149433,0.00555711820203452,0.035498367154558
29116,88.3526067540592,1.07581108039039,0.160005712254434,6.72357920997021,1.77314019933152e-11,8.00936000471581e-10
8350,135.596112247605,-1.84855553590171,0.166734459314978,-11.0868235846173,1.45357926359391e-28,2.93226580537717e-26
8366,700.516279562689,-2.02510239925562,0.103959257466089,-19.4797697541866,1.63010913885163e-84,2.06697838806387e-81
8358,2671.86864530162,-1.10262570375599,0.089705499396843,-12.2916176953449,1.00474999430132e-34,2.54804598554815e-32
8335,579.726960186822,-1.82774827009345,0.104448229802409,-17.4990832640353,1.45593678013579e-68,1.12372998786829e-65
3006,3550.63134428091,-1.76372604844172,0.0644719254027391,-27.3564972261055,9.03849702744787e-165,8.02256996156273e-161
8347,1393.86303536596,-1.04593271532732,0.0710702699094374,-14.7168811467878,5.02297644270924e-49,2.12304470978511e-46
8334,979.441597825699,-1.62796170537648,0.0889422896169261,-18.3035731639931,7.7495602885066e-75,8.09236436715113e-72
3008,4494.714247262,-1.24835691898117,0.0785457805118742,-15.8933670382516,7.04401825129867e-57,3.67780623520747e-54
3017,1214.72964426021,-1.18846347912362,0.0911132962034672,-13.0437985304542,6.8935133761382e-39,2.14690613075799e-36
8344,1002.92870056402,-1.40448388102937,0.0706726917162454,-19.8730775200758,6.9602099570939e-88,1.02964705965276e-84
8351,1581.89916739455,-1.45279352208854,0.090638573135617,-16.0284244536243,8.09081846046351e-58,4.3523699790954e-55
3013,488.405955360411,-1.65610929876138,0.0993709880226186,-16.6659236434725,2.31878735479969e-62,1.3721037707468e-59
8343,530.005977533045,-1.75018246689471,0.105543230173917,-16.5826123002936,9.30926613878322e-62,5.33090620953805e-59
8339,939.207859189049,-2.07241628234168,0.103835593770879,-19.9586308228238,1.26120572278746e-88,2.2388923990923e-85
3012,1272.44999696995,-1.20949001524246,0.136479380471318,-8.86207140643231,7.85412643400669e-19,8.10618909630737e-17
3007,1161.64568900273,-3.13484192938974,0.0861968705553072,-36.3683960820632,1.34545055944019e-289,2.38844383311822e-285
8968,529.062858579623,-1.48209962920591,0.124237487571761,-11.9295685881432,8.30025275260892e-33,1.99116333600424e-30
8345,495.920906608278,-1.54681356055333,0.109532811229098,-14.1219196622099,2.78305491423286e-45,1.05116576249918e-42
8355,437.753043915253,-2.3021124538541,0.130546729336717,-17.6343939488235,1.34126556827937e-69,1.08227938036797e-66
8346,520.008452521018,-1.54265198917132,0.172519287714914,-8.94191026177045,3.82500148076951e-19,4.09044736666387e-17
8970,1255.47594797382,-2.75507566217868,0.174519936516635,-15.7865956014491,3.84794491018601e-56,1.95167765844634e-53
8969,1900.28752047991,-1.56396933734729,0.0849548117545757,-18.4094262001946,1.10385884098508e-75,1.22473138407294e-72
85236,2379.0290580055,-1.08318576243861,0.135057349483295,-8.02019117495409,1.05580712821132e-15,8.04407216309326e-14
8294,287.750238669714,-2.49083260764929,0.136835761430466,-18.203082159301,4.87840855935966e-74,4.5579741445133e-71
85235,1240.65456094691,-1.27497702027825,0.0910732439378147,-13.9994686161482,1.57040520198281e-44,5.68935370318345e-42
8340,786.853831153165,-1.12318202945179,0.0880486320476758,-12.7563825051095,2.87233241583941e-37,8.3589582042592e-35
8329,1557.82660394981,-1.46775327160053,0.0736618946591214,-19.925543300138,2.44379799400948e-88,3.9438456354233e-85
8357,1347.57301727472,-1.63290197191431,0.093580951274694,-17.4490849865498,3.49791290363954e-68,2.48379799461636e-65
8331,1412.01541070286,-1.39942864405259,0.0719952888914784,-19.4377807992688,3.6982036401745e-84,4.37670073469185e-81
8342,1696.63368117883,-1.86088107432263,0.0806051856666732,-23.0863691824734,6.34659672305062e-118,2.81661962568986e-114
8363,1447.58208458368,-1.30545164764221,0.179701462358458,-7.264557730967,3.74260758371846e-13,2.18548584954507e-11
8362,1516.58099986182,-1.33830931493982,0.175119073672004,-7.6422818307414,2.13405414700855e-14,1.46269224778748e-12
8330,189.709217278239,-1.78741632892956,0.131246121290264,-13.6188125893375,3.09559901659096e-42,1.03685044797213e-39
8341,826.22343916789,-1.1082505421579,0.0847947586010449,-13.0698000730465,4.89941222043203e-39,1.58135210431108e-36
8332,356.016937289454,-2.46952396310357,0.112994418668958,-21.8552738462118,6.92547108123355e-106,2.04901604390097e-102
3009,2668.63682096403,-1.4459651323849,0.0790227863272721,-18.2980783086595,8.57194772873941e-75,8.45384533781011e-72
8354,344.716804164273,-2.38053616461176,0.112126561147279,-21.230796166886,4.96148882079798e-100,1.25823356495437e-96
8336,1202.66112370745,-1.31844287296591,0.0838043126779669,-15.7323988567541,9.07083666221557e-56,4.35204033588246e-53
8348,1244.46853619532,-1.72842167720245,0.0967841341537196,-17.8585229109685,2.48118878040278e-71,2.09743158236715e-68
651302,9.70421647335149,1.89245789719943,0.653102634775657,2.89764241702914,0.00375978991932174,0.0258196482196517
7932,28.3026571496564,1.27537391520423,0.306484249740636,4.16130328486217,3.16436507733244e-05,0.000437150263445956
105375061,13.8687550561788,-2.71814147926554,0.533065544704488,-5.09907553821056,3.41316332774285e-07,7.36214767850438e-06
202500,31.8757187523033,1.02571388273378,0.332063136977686,3.08891222334837,0.00200890782972049,0.0153782370820173
51557,12.1806549609765,4.09697315070165,1.26119944833735,3.24847363048147,0.00116025962568968,0.00970180352107547
100861530,46.1232822287671,1.21546612731619,0.278562475213869,4.36335197834168,1.28084615646829e-05,0.000194338298885685
112267965,14.4376602568338,1.80362245822673,0.487579056775328,3.69913849490427,0.000216332535331718,0.00231764343223214
105378027,23.6212896093363,-1.30861358015722,0.284395528841771,-4.60138591308617,4.19689014392342e-06,7.13632124855637e-05
57492,242.023423850621,-1.05500558150748,0.122040787698135,-8.64469659206895,5.39484556408964e-18,5.17671883533617e-16
105378077,7.53088421431482,-1.90899455484768,0.593481728634963,-3.21660206665243,0.0012971838325721,0.0106795701343038
154197,13.710000205798,2.12518568123962,0.558636861316391,3.80423460820641,0.000142243320804452,0.00163331399153987
729603,9.48310170839512,-1.53601780150869,0.572685908264975,-2.68212955712889,0.00731551224507464,0.0440967651526537
100127955,13.0065280676253,-2.25789369786615,0.577259539190599,-3.91140127546796,9.17621650763129e-05,0.00111649208665847
1395,13.7431443668368,1.30732001440848,0.484245698619828,2.69970392743712,0.00694012077882327,0.0422157880240568
101927356,84.4177742721563,-2.42640964736632,0.518933215135659,-4.6757647739546,2.92860145931462e-06,5.1627143104025e-05
30816,10.8161753886758,1.58276806484551,0.538096100229496,2.94142266440969,0.00326708410545791,0.0230474224887753
286006,50.8730554783114,2.53205555095107,0.288013737691716,8.79144019741631,1.47654814585345e-18,1.48930015256764e-16
105375492,15.4732029077534,-1.86332848716983,0.458278816830486,-4.06592759415948,4.78417888079531e-05,0.000629101803643544
27099,22.1297011531961,-1.2588338729115,0.345660413826578,-3.64182250138446,0.000270714710621092,0.00281365781202906
64101,21.7935745129364,-2.19571921777989,0.375834389643103,-5.84225200856413,5.1499818943494e-09,1.57624963083604e-07
155054,108.095347500142,1.34407266400501,0.216072217618043,6.2204788696202,4.95639816208428e-10,1.80299139699426e-08
100131395,32.3105667409407,-1.43384323698549,0.279024947930947,-5.1387635679815,2.7655209459699e-07,6.09857488606928e-06
100507071,13.224370478268,1.62552236369047,0.489468027555298,3.32099804722552,0.000896961649233305,0.00779341464256287
107986924,33.8517354168479,1.54294342835867,0.28582998800315,5.39811598894118,6.73443267672796e-08,1.68695359814755e-06
2796,22.9880821113785,1.05598365817804,0.326369314958402,3.23554822643983,0.00121409374098396,0.0100572058282535
100505676,13.1583364354324,1.83174792456124,0.530366695986397,3.45373858958938,0.000552873008479515,0.00520116674431815
81796,1708.57406318977,-4.72611906406801,1.15259762540975,-4.10040673334534,4.12424629522005e-05,0.000552555624398086
112268030,6.22128338363077,2.08890272153385,0.719051170840435,2.90508215026244,0.00367156720378385,0.0253313878746875
101927612,64.16063633141,1.46955980551079,0.213259584988135,6.8909437556701,5.54234504539409e-12,2.68818877720863e-10
641384,31.6511272511652,-1.56600492483565,0.282023110166743,-5.55275389988346,2.81203840850885e-08,7.4953912654428e-07
100507117,6.7565132537254,-3.5504717959265,0.861372846123653,-4.12187569169881,3.75799982174903e-05,0.000511489608427851
401494,20.5721790279062,-1.2960748136766,0.387144466067642,-3.34778080865076,0.000814614130006516,0.00717668984410703
112268043,4.74695462384263,3.07800152078145,0.985158324667909,3.12437244218489,0.00178184760323714,0.0139161278718283
107987057,11.1243683483907,2.57152766395951,0.580366589261345,4.43086785411337,9.38545940030467e-06,0.000146664326825888
138724,18.7206684793843,1.2113152413788,0.416232504594468,2.91018896411988,0.00361210294387188,0.0249988504715843
100507540,4.30334825099777,3.51096118907695,1.33258060048367,2.63470831543145,0.00842096131205345,0.0492712278218764
107987097,47.7539109949594,1.32920426060874,0.252853497720531,5.25681579488313,1.46570989040728e-07,3.44170396488228e-06
107987098,20.8357761614237,-1.34708128759576,0.351397509335747,-3.83349697082991,0.000126334357420225,0.00147739625357301
570,14.0724330272521,1.62841211516472,0.479373801416189,3.39695684318581,0.000681397124720093,0.00614954842807885
229,8.30108964320731,3.76191988292899,1.11146307017666,3.38465576038532,0.000712675710830385,0.006409026959808
158401,12.3552493792959,1.80507650799452,0.478178486334571,3.77490112913935,0.000160071138913713,0.00179506181806459
138065,13.506323725578,3.5418864137404,0.908563814409989,3.89833532611076,9.68562324919663e-05,0.0011712478468647
105376241,4.58574846480819,-3.09569615009918,0.804215958100136,-3.84933439696023,0.000118439225614049,0.00139982232563288
105376266,19.4898651470547,-1.45456014436942,0.37046228596705,-3.92633798221177,8.62489413025385e-05,0.00105884592392992
2649,711.744333754881,-1.45494689394174,0.127943701708169,-11.3717742609979,5.78005581309087e-30,1.23623555173481e-27
102723468,8.80042554280474,-1.53294003356318,0.553382843707092,-2.77012569326159,0.00560346641060896,0.0357429880420877
138151,554.718658825494,-1.09894933124751,0.0842880232041605,-13.0380247331897,7.43585926760089e-39,2.2758857537664e-36
651337,8.49695499751925,-2.87829682505833,0.68113432700139,-4.22574037301816,2.38156450307644e-05,0.000340124964268809
105376411,16.3446836477833,-1.1301650299979,0.40873524747609,-2.76502953189525,0.00569176426382416,0.0361632781715843
102725112,8.0606983978703,-2.60441024079981,0.754403279526117,-3.45227852460528,0.000555873607053082,0.00521833330111386
107984214,8.83599425942901,-1.72291566528707,0.531742571692266,-3.24013114053274,0.00119474737923787,0.00993403066802375
387646,6.04861428999344,3.5083334004898,1.31166157597143,2.67472453623679,0.00747906745016946,0.044930086421458
101929256,6.56139548265947,2.34065096997776,0.808346539602262,2.89560337714744,0.00378430361953169,0.0259534628207046
8829,37.8731453084416,-3.63583568310517,1.33069740333582,-2.7322783331438,0.00628979802302799,0.0391228081656597
107984224,12.9617573965872,1.70494882895249,0.575649167359804,2.96178458273844,0.00305861693377721,0.0218058505254671
107984029,7.38361792052398,-1.87249126389428,0.638889353612881,-2.93085375942713,0.00338031870779854,0.0237371114322942
107984275,18.4729218811304,2.27353318646387,0.439162946954273,5.17696951036399,2.25519054127269e-07,5.10639572559602e-06
105378560,17.0996475043325,-1.84473224142155,0.459735169937676,-4.01259760411984,6.00542351891105e-05,0.000770847999332675
3665,28.882852760836,-1.00186580650606,0.331441050282515,-3.02275715591682,0.00250483162135925,0.0184275884551883
677833,25.6537892372477,1.2409226104357,0.401620314587715,3.08979044476267,0.0020029776066389,0.0153394557692208
338323,7.48303154704158,1.74283555570008,0.662926926209219,2.62900100568557,0.00856361076714781,0.049924866449395
133,194.426896946326,1.37142662366398,0.19316547250456,7.09975031190737,1.24982484793798e-12,6.76429594530335e-11
107984317,13.8783783058643,-1.30575296262684,0.417030523245613,-3.13107288278228,0.00174168930443626,0.0136384951620434
105376652,14.3007641090265,2.22356801117323,0.531929368578662,4.18019410568492,2.91260371247756e-05,0.000405208002381674
2785,22.0006319250654,1.08007109841954,0.370641090203693,2.91406195094549,0.00356759101310505,0.0247874268746148
347853,21.2211717922051,2.05849944513169,0.614700373219168,3.34878509077747,0.000811667276526225,0.00715783283303207
283212,6.74700102865612,3.3918543372042,1.13436066727281,2.99010220916666,0.00278884111890466,0.0201413781703806
105369403,6.39686768001658,-1.9627541137431,0.671825642399264,-2.92152307067886,0.00348324476844312,0.0243097271909125
101929043,6.26813196404933,-2.91804564742739,0.811883838009062,-3.59416644452875,0.000325431758113558,0.00329929444319353
10003,409.585902915548,1.6303465380769,0.188935372377583,8.62912284534359,6.18242623703244e-18,5.90056078278494e-16
387804,8.38700005818652,1.94861605562636,0.711803797156984,2.73757468477877,0.00618940645619712,0.0386201558560321
105369487,21.3372926840332,1.333619564262,0.326825948673171,4.08051921726581,4.49352138856998e-05,0.000593961218837634
107984391,3.64112461354199,3.97762900603827,1.39829796297847,2.84462189844405,0.00444641687458256,0.0295296641816647
23584,26.3335788444723,1.30698816813152,0.310847764102166,4.20459246958572,2.61552992584428e-05,0.000368770905995125
8074,6.85428148230701,2.35200785053317,0.745422204122737,3.15526937287999,0.00160349983111321,0.0127532836030115
10748,34.3888335235189,1.3401205931585,0.316139095928966,4.23902203307247,2.24495626721016e-05,0.000322953514226213
105369667,14.0621195912458,-1.33947520593463,0.399206151043142,-3.35534711184816,0.00079265457297401,0.00701455831477299
121504,375.29712518993,-1.22811931133925,0.12263380903647,-10.0145247137681,1.3159288509974e-23,1.93060900519884e-21
100506606,8.01751379208033,3.12793364967038,1.13353850546459,2.75944190214196,0.00579001813534393,0.0367218299173367
27289,15.9109854584116,1.95930252478211,0.594820364244138,3.29393988935108,0.00098793623250852,0.00846829744060418
105369801,5.20218661512932,-1.87630776858326,0.705054569133635,-2.66122347223258,0.00778572640869326,0.0463643794723659
105369816,12.1436870820591,1.23375431882107,0.4645680300779,2.65570215542854,0.00791434813600976,0.0469727542997142
22822,34.9220001014374,3.33702490968079,0.538653075673436,6.19512829386292,5.82375741944806e-10,2.07597071706911e-08
694,91.5132337811272,1.27169285714243,0.21982223575259,5.78509654762007,7.24706947049665e-09,2.15133741204442e-07
112268100,4.69463464282912,-1.86991695370072,0.702371898838776,-2.6622889622894,0.00776112199181583,0.0462397971276889
105370114,27.1183168105281,-1.00012747179128,0.294253775775944,-3.39886028362407,0.000676672740534177,0.00612559637427982
100874212,25.0570742801636,-1.0856054577743,0.340740297389731,-3.18602016283565,0.0014424454407001,0.0116349539352049
107984617,81.3386224647365,1.48027875243518,0.256236212069254,5.77700841142273,7.60404858891958e-09,2.24604110732946e-07
100861541,11.6554371498068,1.68338558921105,0.626689827724722,2.68615432186413,0.00722796963941083,0.0436580187270572
100289373,24.6552033376146,1.36277477884254,0.466198080432919,2.92316685984001,0.00346490780710443,0.0242066286468784
643677,35.2670102435334,1.52153840292056,0.325824081353828,4.66981567660202,3.01470109562358e-06,5.28823852267882e-05
100507650,8.24557555137443,2.08626582196145,0.692110352098272,3.01435430872623,0.00257526864548182,0.0188442576234927
107984700,6.67777424217359,-3.54944620123168,1.32628703671815,-2.67622777194192,0.00744560251757993,0.0447593416498744
105370525,8.91451375623018,-3.54988504168012,1.30669375503203,-2.71669243693072,0.00659378505548582,0.0406292510603902
3306,8.59133607336692,2.8687645593123,0.718015841183264,3.99540566484534,6.45835701479018e-05,0.000822444431323926
105370538,10.815133968372,-3.06753706335764,0.6102418089821,-5.02675663680661,4.9884475308831e-07,1.03815850607546e-05
101927971,8.19361560757952,-2.12720244616913,0.559556532571796,-3.80158629619107,0.000143772645661892,0.00164661419728381
6554,46.4171598306221,1.34566607052921,0.277268573282583,4.8532946038488,1.21427097731795e-06,2.33539960881347e-05
8748,48.8365959982493,1.0222105293503,0.238311327063843,4.28939128468892,1.79163486009049e-05,0.000263942755488185
283571,8.70343703836985,3.26609302792722,0.932010467384806,3.50435230313645,0.000457719387752518,0.00442080226952269
2353,653.073412774367,2.04310861197266,0.122427731754232,16.6882828154826,1.59492529572059e-62,9.76314270676965e-60
101928462,8.87826610918811,1.90827711409572,0.699427232688301,2.72834259935965,0.00636534599251419,0.0395234774603399
1113,19.7895944723688,-1.25953395821676,0.454510465299758,-2.77118802398987,0.00558521650659099,0.0356650228147494
112268122,20.3829420153976,1.20197960162516,0.443980892721828,2.70727777102392,0.00678374713483044,0.0414972705504859
105370774,11.1658391795014,1.72429231419284,0.615015813520981,2.80365524964509,0.00505268999794527,0.0328434100488922
105370910,22.5820097114586,1.49072426246291,0.403085740510887,3.69828081879925,0.000217064669861109,0.00232128434902072
105371026,6.98702500844112,-1.66840783427653,0.555366986355901,-3.00415378527262,0.00266320672533855,0.0193759204050041
9028,54.7333066687855,1.16719051159785,0.250327263319332,4.66265837816042,3.12150688629003e-06,5.43797745293627e-05
105371082,11.1781576872991,2.26904040783602,0.850069554248251,2.66924088328586,0.00760229064385744,0.0455470345966106
8651,28.3973542482295,1.9018155218992,0.521595405531814,3.64615083209968,0.00026619776485983,0.00277646458389642
29108,6.25685380406159,2.56555656320741,0.876329081764876,2.92761773698133,0.00341569709614584,0.0239193115782174
100652740,10.3232859642138,1.94656411643983,0.603444015209304,3.22575759702358,0.00125639717419192,0.0103785773086342
91807,23.4595574243075,1.57949770087827,0.433053833504228,3.6473472318606,0.000264961750154281,0.00276682411102282
105371271,13.2026787349054,-1.61780915003274,0.471159589329914,-3.43367552453639,0.000595456534359789,0.0054969029630551
100189089,7.39866225857973,2.43651693074648,0.747000263391455,3.26173503565374,0.00110732593138435,0.0093162321961777
101927978,27.0782413029844,-2.07204315022169,0.350347349201123,-5.91425382537203,3.33383438924553e-09,1.06775270983968e-07
107984830,23.8511582292384,-1.02808679960366,0.333311097795628,-3.08446615310133,0.00203917811335728,0.0155763725767291
105371414,34.1884853790026,-1.91149627352161,0.32855670841028,-5.81785799708786,5.96065045247346e-09,1.7904139903944e-07
101930112,23.0464935158123,1.12646271805313,0.396804438605919,2.83883598180176,0.00452784240869229,0.0299695221622317
2811,44.0473075194133,1.40879289657102,0.272122366357709,5.17705661400557,2.25413830719521e-07,5.10639572559602e-06
339168,9.32424693818507,2.31133616536362,0.728233990182395,3.17389217823343,0.00150409553174864,0.0120708426218815
101928266,7.99946049798476,-2.27097702539543,0.56152610326103,-4.0442946680606,5.24808796810066e-05,0.000683020950217911
100616122,15.5486858937446,-1.08143570406189,0.403010217172124,-2.68339525397197,0.00728788009058699,0.0439899515022442
107984990,6.44817874614168,-3.0470073197085,0.691610075393275,-4.40567225394433,1.054563109576e-05,0.000163356058649155
314,69.1805010778573,1.08750419889775,0.221757633185352,4.90402149083536,9.38942100143725e-07,1.84995562283589e-05
8639,32.7614475602693,1.66022264606376,0.371188932397085,4.47271591677662,7.72323517402346e-06,0.000123516099828166
379,39.5212027805461,1.30035777358411,0.323794537603493,4.01599663542341,5.91951000090081e-05,0.000760920648341718
3216,74.4327128819116,1.02033581463577,0.369912149513877,2.75831928196101,0.00580994200739331,0.036821881654854
55018,5.64303590146859,3.506302081221,1.15071309083877,3.04706890808483,0.0023108472827373,0.0172434472312537
107984993,9.07621906987875,-1.9649067735934,0.577652671092087,-3.4015367225406,0.000670081251366327,0.00607522082444078
101929185,491.827731875284,1.09362997277165,0.0871875089661479,12.543424921066,4.3191697560281e-36,1.19802971107829e-33
56155,18.3955780499925,1.33654147731646,0.478777107945834,2.79157347988257,0.0052452446584295,0.0338594847914329
100616387,55.2245995896843,1.00228547331677,0.219636829855806,4.56337616043167,5.03375070490056e-06,8.39841564975515e-05
102723961,9.19653054469451,3.83340529702647,1.32164199551416,2.90048690192775,0.00372583409249509,0.0256161916382544
105371922,21.3771690071555,1.11218081147346,0.370294837158924,3.00350072392754,0.00266892913948835,0.0194016503211291
107985021,19.7395434706974,-2.82896114141882,0.485531019981622,-5.82653018034955,5.6591636793492e-09,1.71143907386383e-07
101928855,9.13186570880028,-2.23137197405751,0.638844586320804,-3.49282442371203,0.000477940643067126,0.00457626876792212
400627,26.3413812013786,-1.07656070368924,0.331018505116407,-3.25226743233178,0.00114488245464676,0.0095867704409855
107987250,23.645774209815,-1.02011292685106,0.325098695564652,-3.13785610575663,0.00170188403242722,0.0133934527218341
101927521,39.4974896458013,-1.07166116039305,0.294614024851481,-3.63750897783392,0.000275287599625227,0.00285616918091585
107987258,26.5972338113475,-1.47102181586632,0.327192904393261,-4.4958854428526,6.928103147017e-06,0.000111992072450841
105372107,12.9907691162585,-1.72877158678511,0.48694976659406,-3.55020518620821,0.000384931005687703,0.00380684970081789
107985147,38.0252422483555,-1.86768789092332,0.276707728503475,-6.74967736183005,1.48174278099166e-11,6.7101780224908e-10
105372106,10.0752474421299,-1.44105661884263,0.540721467053863,-2.66506271092633,0.00769739672719172,0.0459926579269968
105372105,10.9968432841074,-2.37072502278792,0.608993738734583,-3.89285615269872,9.90709012078255e-05,0.0011955857499941
5366,76.2740529221461,1.01111635000873,0.178393006419901,5.66791473668404,1.44545858691422e-08,4.08595236224542e-07
374872,9.92115578366288,1.76512567451544,0.667171947314943,2.64568329291909,0.00815261057193833,0.048033531573596
2528,10.6052978173914,1.6662549964535,0.582397281443273,2.86102811524851,0.00422269602640474,0.0283300452988424
8744,172.943176576484,1.42797027233707,0.137872913024084,10.3571487757543,3.8836648780308e-25,6.62911720334642e-23
105372269,16.2111169648616,1.64311159358134,0.551728388554411,2.97811681919517,0.00290025421155939,0.0208437092398206
100125288,25.3623864281069,1.04030319065189,0.339003220985336,3.06871181821865,0.00214983863311796,0.0162399725170681
9592,1362.72819051164,1.08845673454711,0.0815977785213769,13.3392937193989,1.36748965027131e-40,4.49549560585488e-38
80726,21.1983991867126,2.32270703268108,0.647479104332197,3.58730809556656,0.000334109461450676,0.00336994952254114
9518,361.142397985203,1.06856304725325,0.151398032903023,7.05797180296068,1.68950329938512e-12,8.89972183106367e-11
107985285,7.2889063065109,2.03289571178521,0.765710295789692,2.65491495016224,0.00793284065153351,0.047017817906041
126248,29.631693178953,1.24332117489714,0.361601888426421,3.43837024830729,0.000585226924028791,0.00543071006553011
374897,5.32272604355824,3.9521345104496,1.30344125598622,3.03207719741794,0.00242877080927519,0.0179722965428316
2354,170.851431703922,1.19772550776918,0.168841921323891,7.09376852844252,1.30508350333886e-12,7.04189737120713e-11
105372439,17.3406976149367,1.53086850268029,0.448330859802023,3.41459542480814,0.00063876813952571,0.00585108978991765
105372471,23.0148382323494,1.26070012333115,0.366164006557357,3.44299303250515,0.000575314135784007,0.00536395826598618
6615,105.32478193718,1.34240543339799,0.154401789776138,8.69423492657889,3.49174556009439e-18,3.4057949001536e-16
102724334,466.102724616749,-1.15402888719878,0.106816555275328,-10.8038392009945,3.30105710162382e-27,6.43960062286e-25
109864280,8388.19117994752,-3.58627375138691,0.950880058984238,-3.77153113844651,0.000162248906211409,0.0018148976578859
109910380,8513.25220625709,-3.49788616145082,0.930275699610218,-3.76005324326587,0.000169877197660296,0.00188008728981645
109910382,16622.2055027629,-2.39714167834416,0.792550446651892,-3.02459192152477,0.00248968802212843,0.0183313736079734
106631781,8432.82052400074,-3.59766289209776,0.946323829897766,-3.8017249259024,0.00014369220838788,0.00164661419728381
106632264,21949.6068295761,-2.26219129821185,0.776084026710591,-2.91487934341347,0.00355826079271875,0.0247613663631294
388815,164.88405912339,-1.02610319310781,0.119727028947348,-8.57035543376808,1.03166121821628e-17,9.44023193081202e-16
112268282,22.3573071388794,-1.85629937708801,0.316459421597711,-5.86583697750599,4.46872696672986e-09,1.38686785163267e-07
105372797,5.25280495875743,-2.13856600271424,0.811116501537646,-2.63657070058386,0.00837487458538012,0.04905007378412
54145,467.653714926475,-1.13714182009031,0.106934964614319,-10.6339570428777,2.07133174601286e-26,3.91173203778939e-24
27439,35.5913646000458,1.25411392108137,0.299644642769448,4.18533736992692,2.84742873399888e-05,0.00039769909430329
26226,25.0571175682349,-1.08521501427448,0.318383590652415,-3.40851427691583,0.000653176671724212,0.00594625244946062
107985554,5.91112608740345,-2.19774090704354,0.747132899644046,-2.94156623017217,0.00326557002686032,0.0230474224887753
100874123,6.07335158711874,-1.82382589540326,0.663454802986755,-2.74898288051081,0.00597805084119405,0.0376053715566537
10343,23.2822433514673,3.15010949943049,0.610264503932835,5.16187567707065,2.4448764809684e-07,5.47998071845342e-06
109864273,8399.2143794465,-3.58009507747166,0.948628085001612,-3.7739712054441,0.000160669313551536,0.00180063235742857
51311,46.5232186179235,-1.14647199951554,0.209164652123687,-5.48119382445935,4.22465335055447e-08,1.09005881219539e-06
5199,8.78581275404155,1.84913048775066,0.670188384889832,2.75912046439693,0.00579571659690882,0.0367448432244019
93953,18.0269141623976,1.4726635491217,0.394092552460532,3.73684694097128,0.000186342274679862,0.00203691383012125
11254,40.1535927752164,1.07377979473388,0.297374386107937,3.61086847050819,0.00030517340602304,0.00312244282635216
2892,12.6889743203089,-3.63536460948252,1.34878096518383,-2.69529649611198,0.00703260216225227,0.0426521194343363
100008588,8271.08932428068,-3.57876319301059,0.947346126587337,-3.77767227053803,0.000158301002095303,0.00177745691916244
100008589,21786.9036433684,-2.22322691321846,0.771365066432184,-2.88219807969995,0.00394911392990992,0.0268703221478578
