sample	library_size	library_size_million	detected_genes	pct_zeros	exposure	dev_stage	age_pcw	testis_id	qc_flag
testis_10-12GW_Ctrl_DMSO_EH3840	705834	0.705834	13392	52.69014731338538	DMSO	8-10PCW	8+4	EH3840	LOW_LIB
testis_10-12GW_Ctrl_DMSO_EH4026	456570	0.45657	11737	58.536757692443565	DMSO	8-10PCW	9+3	EH4026	LOW_LIB
testis_10-12GW_Ctrl_DMSO_EH4072	426615	0.426615	10194	63.98770622107606	DMSO	8-10PCW	9+6	EH4072	LOW_LIB
testis_10-12GW_Ctrl_DMSO_EH4105	483769	0.483769	11316	60.02402232663299	DMSO	8-10PCW	9+6	EH4105	LOW_LIB
testis_10-12GW_Ctrl_DMSO_EH4111	519110	0.51911	11236	60.30663793407991	DMSO	8-10PCW	9+1	EH4111	LOW_LIB
testis_10-12GW_Ctrl_DMSO_EH4112	521060	0.52106	10759	61.99173349348217	DMSO	8-10PCW	9+0	EH4112	LOW_LIB
testis_10-12GW_Ctrl_DMSO_EH4138	591219	0.591219	11513	59.32808139329495	DMSO	8-10PCW	8+6	EH4138	LOW_LIB
testis_10-12GW_Ctrl_DMSO_EH4142	484858	0.484858	10410	63.22464408096937	DMSO	8-10PCW	9+2	EH4142	LOW_LIB
testis_10-12GW_Ctrl_DMSO_EH4155	256351	0.256351	9342	66.99756244038578	DMSO	8-10PCW	9+2	EH4155	LOW_LIB
testis_10-12GW_Ctrl_DMSO_EH4174	569172	0.569172	11104	60.77295368636732	DMSO	8-10PCW	9+2	EH4174	LOW_LIB
testis_10-12GW_Ctrl_EtOH_EH3413	799712	0.799712	14421	49.05500406259936	EtOH	8-10PCW	9+4	EH3413	LOW_LIB
testis_10-12GW_Ctrl_EtOH_EH4072	430755	0.430755	10719	62.13304129720564	EtOH	8-10PCW	9+6	EH4072	LOW_LIB
testis_10-12GW_Ctrl_EtOH_EH4080	392437	0.392437	10406	63.23877486134172	EtOH	8-10PCW	9+6	EH4080	LOW_LIB
testis_10-12GW_Ctrl_EtOH_EH4105	343910	0.34391	9866	65.14643021160845	EtOH	8-10PCW	9+6	EH4105	LOW_LIB
testis_10-12GW_Ctrl_EtOH_EH4111	317610	0.31761	10067	64.43635849789804	EtOH	8-10PCW	9+1	EH4111	LOW_LIB
testis_10-12GW_Ctrl_EtOH_EH4138	322731	0.322731	9842	65.23121489384252	EtOH	8-10PCW	8+6	EH4138	LOW_LIB
testis_10-12GW_Ctrl_EtOH_EH4142	176743	0.176743	8331	70.56911717949623	EtOH	8-10PCW	9+2	EH4142	LOW_LIB
testis_10-12GW_Ctrl_EtOH_EH4147	474682	0.474682	11298	60.08761083830855	EtOH	8-10PCW	8+1	EH4147	LOW_LIB
testis_10-12GW_Ctrl_EtOH_EH4155	675264	0.675264	11825	58.22588052425195	EtOH	8-10PCW	9+2	EH4155	LOW_LIB
testis_10-12GW_Ctrl_EtOH_EH4174	326122	0.326122	9664	65.86003462041191	EtOH	8-10PCW	9+2	EH4174	LOW_LIB
testis_10-12GW_Ctrl_DMSO-EtOH_EH3417	239593	0.239593	10765	61.97053732292366	DMSO-EtOH	8-10PCW	8+6	EH3417	LOW_LIB
testis_10-12GW_Ctrl_DMSO-EtOH_EH4072	196014	0.196014	8999	68.20927685731444	DMSO-EtOH	8-10PCW	9+6	EH4072	LOW_LIB
testis_10-12GW_Ctrl_DMSO-EtOH_EH4080	546455	0.546455	10945	61.33465220616808	DMSO-EtOH	8-10PCW	9+6	EH4080	LOW_LIB
testis_10-12GW_Ctrl_DMSO-EtOH_EH4105	259847	0.259847	9171	67.60165330130357	DMSO-EtOH	8-10PCW	9+6	EH4105	LOW_LIB
testis_10-12GW_Ctrl_DMSO-EtOH_EH4111	237902	0.237902	9035	68.08209983396334	DMSO-EtOH	8-10PCW	9+1	EH4111	LOW_LIB
testis_10-12GW_Ctrl_DMSO-EtOH_EH4112	167353	0.167353	8253	70.84466739675699	DMSO-EtOH	8-10PCW	9+0	EH4112	LOW_LIB
testis_10-12GW_Ctrl_DMSO-EtOH_EH4138	164265	0.164265	8585	69.67181262585227	DMSO-EtOH	8-10PCW	8+6	EH4138	LOW_LIB
testis_10-12GW_Ctrl_DMSO-EtOH_EH4142	903092	0.903092	12772	54.88041827109902	DMSO-EtOH	8-10PCW	9+2	EH4142	OK
testis_10-12GW_Ctrl_DMSO-EtOH_EH4147	260153	0.260153	9634	65.96601547320451	DMSO-EtOH	8-10PCW	8+1	EH4147	LOW_LIB
testis_10-12GW_Ctrl_DMSO-EtOH_EH4155	215181	0.215181	8842	68.76390998692902	DMSO-EtOH	8-10PCW	9+2	EH4155	LOW_LIB
testis_10-12GW_CBD_EH3840	673745	0.673745	12849	54.60840074893136	CBD	8-10PCW	8+4	EH3840	LOW_LIB
testis_10-12GW_CBD_EH4026	490071	0.490071	12431	56.085067297841526	CBD	8-10PCW	9+3	EH4026	LOW_LIB
testis_10-12GW_CBD_EH4072	463771	0.463771	10900	61.493623485356984	CBD	8-10PCW	9+6	EH4072	LOW_LIB
testis_10-12GW_CBD_EH4105	401299	0.401299	10183	64.0265658671	CBD	8-10PCW	9+6	EH4105	LOW_LIB
testis_10-12GW_CBD_EH4111	381199	0.381199	10414	63.21051330059703	CBD	8-10PCW	9+1	EH4111	LOW_LIB
testis_10-12GW_CBD_EH4112	460928	0.460928	10677	62.28141449111527	CBD	8-10PCW	9+0	EH4112	LOW_LIB
testis_10-12GW_CBD_EH4138	469492	0.469492	10499	62.91023421768467	CBD	8-10PCW	8+6	EH4138	LOW_LIB
testis_10-12GW_CBD_EH4142	479046	0.479046	10819	61.77977178789698	CBD	8-10PCW	9+2	EH4142	LOW_LIB
testis_10-12GW_CBD_EH4155	286028	0.286028	9844	65.22414950365634	CBD	8-10PCW	9+2	EH4155	LOW_LIB
testis_10-12GW_CBD_EH4174	418569	0.418569	10319	63.54611933444024	CBD	8-10PCW	9+2	EH4174	LOW_LIB
testis_10-12GW_THC_EH3413	453628	0.453628	12341	56.40300985621931	THC	8-10PCW	9+4	EH3413	LOW_LIB
testis_10-12GW_THC_EH4072	223916	0.223916	9290	67.18126258522628	THC	8-10PCW	9+6	EH4072	LOW_LIB
testis_10-12GW_THC_EH4080	260592	0.260592	9368	66.90571236796552	THC	8-10PCW	9+6	EH4080	LOW_LIB
testis_10-12GW_THC_EH4105	411457	0.411457	10227	63.871127283004206	THC	8-10PCW	9+6	EH4105	LOW_LIB
testis_10-12GW_THC_EH4111	228476	0.228476	9100	67.8524746529127	THC	8-10PCW	9+1	EH4111	LOW_LIB
testis_10-12GW_THC_EH4138	269370	0.26937	9162	67.63344755714134	THC	8-10PCW	8+6	EH4138	LOW_LIB
testis_10-12GW_THC_EH4142	588045	0.588045	11328	59.98162998551595	THC	8-10PCW	9+2	EH4142	LOW_LIB
testis_10-12GW_THC_EH4147	367069	0.367069	10493	62.93143038824319	THC	8-10PCW	8+1	EH4147	LOW_LIB
testis_10-12GW_THC_EH4155	138964	0.138964	8125	71.29685236867206	THC	8-10PCW	9+2	EH4155	LOW_LIB
testis_10-12GW_THC_EH4174	217551	0.217551	8929	68.4565655138305	THC	8-10PCW	9+2	EH4174	LOW_LIB
testis_10-12GW_CBD-THC_EH3417	622093	0.622093	13171	53.470872928957505	CBD-THC	8-10PCW	8+6	EH3417	LOW_LIB
testis_10-12GW_CBD-THC_EH4072	133053	0.133053	8426	70.23351114565301	CBD-THC	8-10PCW	9+6	EH4072	LOW_LIB
testis_10-12GW_CBD-THC_EH4080	204027	0.204027	8287	70.72455576359205	CBD-THC	8-10PCW	9+6	EH4080	LOW_LIB
testis_10-12GW_CBD-THC_EH4105	147950	0.14795	7812	72.40258593280814	CBD-THC	8-10PCW	9+6	EH4105	LOW_LIB
testis_10-12GW_CBD-THC_EH4111	169637	0.169637	8234	70.91178860352562	CBD-THC	8-10PCW	9+1	EH4111	LOW_LIB
testis_10-12GW_CBD-THC_EH4112	149252	0.149252	7898	72.0987741548027	CBD-THC	8-10PCW	9+0	EH4112	LOW_LIB
testis_10-12GW_CBD-THC_EH4138	101003	0.101003	6943	75.47249796870032	CBD-THC	8-10PCW	8+6	EH4138	LOW_LIB
testis_10-12GW_CBD-THC_EH4142	760683	0.760683	11958	57.75603207687144	CBD-THC	8-10PCW	9+2	EH4142	LOW_LIB
testis_10-12GW_CBD-THC_EH4147	257321	0.257321	9574	66.1779771787897	CBD-THC	8-10PCW	8+1	EH4147	LOW_LIB
testis_10-12GW_CBD-THC_EH4155	433302	0.433302	10642	62.4050588193733	CBD-THC	8-10PCW	9+2	EH4155	LOW_LIB
testis_12-14GW_Ctrl_DMSO_EH3265	287380	0.28738	11365	59.85092026707175	DMSO	10-12PCW	11+0	EH3265	LOW_LIB
testis_12-14GW_Ctrl_DMSO_EH3345	418886	0.418886	12414	56.14512311442399	DMSO	10-12PCW	12+2	EH3345	LOW_LIB
testis_12-14GW_Ctrl_DMSO_EH3351	265552	0.265552	11246	60.27131098314904	DMSO	10-12PCW	11+3	EH3351	LOW_LIB
testis_12-14GW_Ctrl_DMSO_EH3366	204523	0.204523	10482	62.97029003426714	DMSO	10-12PCW	11+3	EH3366	LOW_LIB
testis_12-14GW_Ctrl_DMSO_EH3412	317065	0.317065	11398	59.734341328999896	DMSO	10-12PCW	12+1	EH3412	LOW_LIB
testis_12-14GW_Ctrl_DMSO_EH4075	193132	0.193132	8653	69.43158935952238	DMSO	10-12PCW	11+4	EH4075	LOW_LIB
testis_12-14GW_Ctrl_DMSO_EH4109	225058	0.225058	8852	68.72858303599816	DMSO	10-12PCW	11+2	EH4109	LOW_LIB
testis_12-14GW_Ctrl_DMSO_EH4114	226969	0.226969	8984	68.26226728371074	DMSO	10-12PCW	10+1	EH4114	LOW_LIB
testis_12-14GW_Ctrl_DMSO_EH4115	158573	0.158573	8194	71.05309640724909	DMSO	10-12PCW	11+5	EH4115	LOW_LIB
testis_12-14GW_Ctrl_DMSO_EH4168	181625	0.181625	8272	70.77754618998836	DMSO	10-12PCW	11+2	EH4168	LOW_LIB
testis_12-14GW_Ctrl_EtOH_EH3265	295295	0.295295	12087	57.30031440986328	EtOH	10-12PCW	11+0	EH3265	LOW_LIB
testis_12-14GW_Ctrl_EtOH_EH3345	100543	0.100543	8921	68.4848270745752	EtOH	10-12PCW	12+2	EH3345	LOW_LIB
testis_12-14GW_Ctrl_EtOH_EH3351	118946	0.118946	9582	66.14971561804501	EtOH	10-12PCW	11+3	EH3351	LOW_LIB
testis_12-14GW_Ctrl_EtOH_EH3366	185664	0.185664	10166	64.0866216836825	EtOH	10-12PCW	11+3	EH3366	LOW_LIB
testis_12-14GW_Ctrl_EtOH_EH3412	191970	0.19197	10506	62.885505352033064	EtOH	10-12PCW	12+1	EH3412	LOW_LIB
testis_12-14GW_Ctrl_EtOH_EH4075	171954	0.171954	8496	69.98622248913696	EtOH	10-12PCW	11+4	EH4075	LOW_LIB
testis_12-14GW_Ctrl_EtOH_EH4109	176962	0.176962	8487	70.01801674497474	EtOH	10-12PCW	11+2	EH4109	LOW_LIB
testis_12-14GW_Ctrl_EtOH_EH4114	279869	0.279869	9590	66.12145405730033	EtOH	10-12PCW	10+1	EH4114	LOW_LIB
testis_12-14GW_Ctrl_EtOH_EH4115	417809	0.417809	10376	63.344755714134315	EtOH	10-12PCW	11+5	EH4115	LOW_LIB
testis_12-14GW_Ctrl_EtOH_EH4168	255880	0.25588	8975	68.29406153954852	EtOH	10-12PCW	11+2	EH4168	LOW_LIB
testis_12-14GW_Ctrl_DMSO-EtOH_EH3234	418562	0.418562	12297	56.558448440315125	DMSO-EtOH	10-12PCW	11+5	EH3234	LOW_LIB
testis_12-14GW_Ctrl_DMSO-EtOH_EH3265	196961	0.196961	10099	64.32331225491927	DMSO-EtOH	10-12PCW	11+0	EH3265	LOW_LIB
testis_12-14GW_Ctrl_DMSO-EtOH_EH3345	313359	0.313359	11181	60.50093616419967	DMSO-EtOH	10-12PCW	12+2	EH3345	LOW_LIB
testis_12-14GW_Ctrl_DMSO-EtOH_EH3351	353899	0.353899	11643	58.86883103119369	DMSO-EtOH	10-12PCW	11+3	EH3351	LOW_LIB
testis_12-14GW_Ctrl_DMSO-EtOH_EH3412	104033	0.104033	8486	70.02154944006782	DMSO-EtOH	10-12PCW	12+1	EH3412	LOW_LIB
testis_12-14GW_Ctrl_DMSO-EtOH_EH4075	280971	0.280971	9618	66.02253859469388	DMSO-EtOH	10-12PCW	11+4	EH4075	LOW_LIB
testis_12-14GW_Ctrl_DMSO-EtOH_EH4109	141429	0.141429	7556	73.30695587663828	DMSO-EtOH	10-12PCW	11+2	EH4109	LOW_LIB
testis_12-14GW_Ctrl_DMSO-EtOH_EH4114	153841	0.153841	7851	72.26481082417777	DMSO-EtOH	10-12PCW	10+1	EH4114	LOW_LIB
testis_12-14GW_Ctrl_DMSO-EtOH_EH4115	195546	0.195546	8983	68.26579997880383	DMSO-EtOH	10-12PCW	11+5	EH4115	LOW_LIB
testis_12-14GW_Ctrl_DMSO-EtOH_EH4168	170211	0.170211	7846	72.2824742996432	DMSO-EtOH	10-12PCW	11+2	EH4168	LOW_LIB
testis_12-14GW_CBD_EH3265	150937	0.150937	10070	64.42576041261879	CBD	10-12PCW	11+0	EH3265	LOW_LIB
testis_12-14GW_CBD_EH3345	230714	0.230714	10703	62.18956441869502	CBD	10-12PCW	12+2	EH3345	LOW_LIB
testis_12-14GW_CBD_EH3351	203405	0.203405	10655	62.35913378316318	CBD	10-12PCW	11+3	EH3351	LOW_LIB
testis_12-14GW_CBD_EH3366	98435	0.098435	8344	70.52319214328611	CBD	10-12PCW	11+3	EH3366	LOW_LIB
testis_12-14GW_CBD_EH3412	113592	0.113592	8758	69.06065637474829	CBD	10-12PCW	12+1	EH3412	LOW_LIB
testis_12-14GW_CBD_EH4075	113331	0.113331	7482	73.56837531352669	CBD	10-12PCW	11+4	EH4075	LOW_LIB
testis_12-14GW_CBD_EH4109	361262	0.361262	10311	63.57438089518494	CBD	10-12PCW	11+2	EH4109	LOW_LIB
testis_12-14GW_CBD_EH4114	89577	0.089577	5996	78.81796022185326	CBD	10-12PCW	10+1	EH4114	LOW_LIB
testis_12-14GW_CBD_EH4115	428641	0.428641	10406	63.23877486134172	CBD	10-12PCW	11+5	EH4115	LOW_LIB
testis_12-14GW_CBD_EH4168	90204	0.090204	6832	75.86462712403292	CBD	10-12PCW	11+2	EH4168	LOW_LIB
testis_12-14GW_THC_EH3265	178760	0.17876	10479	62.98088811954641	THC	10-12PCW	11+0	EH3265	LOW_LIB
testis_12-14GW_THC_EH3345	365340	0.36534	12052	57.423958738121314	THC	10-12PCW	12+2	EH3345	LOW_LIB
testis_12-14GW_THC_EH3351	128628	0.128628	9459	66.58423711449466	THC	10-12PCW	11+3	EH3351	LOW_LIB
testis_12-14GW_THC_EH3366	172633	0.172633	9763	65.51029780619635	THC	10-12PCW	11+3	EH3366	LOW_LIB
testis_12-14GW_THC_EH3412	203784	0.203784	10659	62.34500300279082	THC	10-12PCW	12+1	EH3412	LOW_LIB
testis_12-14GW_THC_EH4075	231256	0.231256	8696	69.27968347051966	THC	10-12PCW	11+4	EH4075	LOW_LIB
testis_12-14GW_THC_EH4109	118902	0.118902	7201	74.561062634684	THC	10-12PCW	11+2	EH4109	LOW_LIB
testis_12-14GW_THC_EH4114	384690	0.38469	10647	62.38739534390787	THC	10-12PCW	10+1	EH4114	LOW_LIB
testis_12-14GW_THC_EH4115	50893	0.050893	5092	82.01151658600347	THC	10-12PCW	11+5	EH4115	LOW_LIB
testis_12-14GW_THC_EH4168	193977	0.193977	8975	68.29406153954852	THC	10-12PCW	11+2	EH4168	LOW_LIB
testis_12-14GW_CBD-THC_EH3234	262229	0.262229	11294	60.10174161868089	CBD-THC	10-12PCW	11+5	EH3234	LOW_LIB
testis_12-14GW_CBD-THC_EH3265	174834	0.174834	10428	63.16105556929381	CBD-THC	10-12PCW	11+0	EH3265	LOW_LIB
testis_12-14GW_CBD-THC_EH3345	330028	0.330028	11694	58.688663581446285	CBD-THC	10-12PCW	12+2	EH3345	LOW_LIB
testis_12-14GW_CBD-THC_EH3351	302221	0.302221	11584	59.07726004168581	CBD-THC	10-12PCW	11+3	EH3351	LOW_LIB
testis_12-14GW_CBD-THC_EH3412	298917	0.298917	11293	60.10527431377397	CBD-THC	10-12PCW	12+1	EH3412	LOW_LIB
testis_12-14GW_CBD-THC_EH4075	157466	0.157466	8169	71.14141378457626	CBD-THC	10-12PCW	11+4	EH4075	LOW_LIB
testis_12-14GW_CBD-THC_EH4109	249899	0.249899	9442	66.64429293107712	CBD-THC	10-12PCW	11+2	EH4109	LOW_LIB
testis_12-14GW_CBD-THC_EH4114	220118	0.220118	8378	70.40308051012116	CBD-THC	10-12PCW	10+1	EH4114	LOW_LIB
testis_12-14GW_CBD-THC_EH4115	239337	0.239337	8769	69.02179672872435	CBD-THC	10-12PCW	11+5	EH4115	LOW_LIB
testis_12-14GW_CBD-THC_EH4168	1113911	1.113911	13207	53.343695905606396	CBD-THC	10-12PCW	11+2	EH4168	OK
