probe_id	logFC	AveExpr	t	P.Value	adj.P.Val
7892580	-1.5473130402714346	4.4483196606351125	NA	NA	NA
7892597	-1.19806489493108	6.371353132875898	NA	NA	NA
7892600	-1.2806426412918883	3.480490806061606	NA	NA	NA
7892609	-1.680031465417989	4.68643905262431	NA	NA	NA
7892690	-1.0561979490595874	4.702005270960815	NA	NA	NA
7892858	-1.214288462060599	2.722741003323395	NA	NA	NA
7892897	-1.4281991798924487	8.657150164506932	NA	NA	NA
7892964	-1.3280947442710391	4.004379992342008	NA	NA	NA
7892970	-1.4678427929090976	5.186901045996152	NA	NA	NA
7893024	-1.7739192159329207	4.392954039910363	NA	NA	NA
7893108	-1.7676606210737504	3.2933965996466474	NA	NA	NA
7893161	-1.3911451936498551	3.6347176755793216	NA	NA	NA
7893211	-1.1495461148953083	5.06565477163916	NA	NA	NA
7893347	-1.0322455195128195	2.1455036966252523	NA	NA	NA
7893388	-1.1773649642277202	4.414117987871931	NA	NA	NA
7893431	-1.0444187301966918	4.146341648903023	NA	NA	NA
7893450	-1.0255964741221484	4.263393060127207	NA	NA	NA
7893537	-1.556568600551187	4.71469634710574	NA	NA	NA
7893702	-1.1258631282228704	2.8827246131245334	NA	NA	NA
7893863	-1.2822443720495227	3.019269669241374	NA	NA	NA
7893865	-1.1454076292647226	4.738138886041184	NA	NA	NA
7893996	-1.2319473439459205	4.193414610661713	NA	NA	NA
7894002	-1.0921372176634554	6.039902004892406	NA	NA	NA
7894038	-2.4179714396171943	5.055409039723912	NA	NA	NA
7894047	-1.510125081117537	3.710769095044023	NA	NA	NA
7894105	-1.1651944043374955	4.9906188865435315	NA	NA	NA
7894123	-1.1902387080835157	3.039676121469312	NA	NA	NA
7894143	-1.1645687961971753	2.9895896970629003	NA	NA	NA
7894163	-1.594111588004675	6.170326519459	NA	NA	NA
7894166	-1.220458459644035	2.938904513203151	NA	NA	NA
7894243	-1.167174625831107	2.59176538963683	NA	NA	NA
7894253	-1.0263156196772618	4.8086239007220435	NA	NA	NA
7894259	-1.1113972164446335	4.210729769228165	NA	NA	NA
7894287	-1.6174474476487166	5.119269540568978	NA	NA	NA
7894334	-1.8587625962743495	3.035846292767621	NA	NA	NA
7894362	-2.0506516630041904	3.8025779642405926	NA	NA	NA
7894419	-1.417809906665119	7.638752248850805	NA	NA	NA
7894534	-1.0123312198023116	3.41877240741072	NA	NA	NA
7894636	-1.118632877456624	3.1690077232017053	NA	NA	NA
7894780	-1.1059692955813292	3.7769304379771067	NA	NA	NA
7894867	-1.0407187781611134	6.7315940536669	NA	NA	NA
7894893	-1.2970138593305878	3.0373063393772317	NA	NA	NA
7895058	-1.6180087270558539	4.10582197552305	NA	NA	NA
7895064	-1.1410866542631308	3.377288438368903	NA	NA	NA
7895076	-1.2267737811140322	2.7150789737187866	NA	NA	NA
7895136	-4.5083995481125925	4.663766063166069	NA	NA	NA
7895152	-1.210802405112552	4.5406301574573105	NA	NA	NA
7895228	-2.0239289394593256	4.825330818611109	NA	NA	NA
7895565	-1.0155894600628166	2.6537893334446085	NA	NA	NA
7895691	-1.2160845104587459	9.782162300823297	NA	NA	NA
7895700	-1.6538951747967126	3.0509769435523335	NA	NA	NA
7895804	-1.0928506271230214	3.611039384658889	NA	NA	NA
7895995	-1.2023937629277475	8.3710882083866	NA	NA	NA
7896006	-1.103749235668419	3.2635231284382495	NA	NA	NA
7896011	-1.0907349602630054	2.93485549488273	NA	NA	NA
7896032	-1.1278078423203555	5.014164236332945	NA	NA	NA
7896079	-1.2825067621850739	4.9105311627563255	NA	NA	NA
7896199	-1.2092521969237646	6.0600830464946025	NA	NA	NA
7896215	-2.0155905656629907	2.8701292481191945	NA	NA	NA
7896232	-1.2665086166060302	5.262755971750487	NA	NA	NA
7896283	-1.5100910542664066	3.8941598883853614	NA	NA	NA
7896344	-1.1950788776448356	2.9053637795100835	NA	NA	NA
7896555	-1.2791216493346176	3.6546067850241784	NA	NA	NA
7896665	-1.7739299583682815	2.623414201656602	NA	NA	NA
7896687	-1.5117798556568944	7.39511345005484	NA	NA	NA
7896688	-1.0039358833436847	10.502868919717216	NA	NA	NA
7896703	-2.0135368591994016	6.543476793237979	NA	NA	NA
7896704	-1.7876869679119824	9.441090567943363	NA	NA	NA
7896752	-1.0113600695816736	9.341658992591366	NA	NA	NA
7896817	-1.3216833032968047	8.762572644636327	NA	NA	NA
7897801	-1.4416075845013765	8.869644303780142	NA	NA	NA
7900167	-1.368554618301383	8.261418024786646	NA	NA	NA
7900699	-1.2956597273549573	9.755546139711225	NA	NA	NA
7901010	-1.573421329419384	7.578878336432143	NA	NA	NA
7902541	-1.2444689446302029	11.989932446369659	NA	NA	NA
7902553	-1.34273475213236	9.943293185775442	NA	NA	NA
7902913	-1.3635405371921845	8.09571995122688	NA	NA	NA
7903090	-1.121604411423672	2.656174541537893	NA	NA	NA
7905085	-1.4002879230013825	10.483819079513054	NA	NA	NA
7906205	-1.2471258800635479	10.906008250330796	NA	NA	NA
7906501	-1.657688600328381	10.002276422248668	NA	NA	NA
7906757	-1.420356064851342	5.627698714087248	NA	NA	NA
7906775	-1.0292528329495134	9.480798871360351	NA	NA	NA
7906786	-1.6549402619558764	8.55913667940761	NA	NA	NA
7906930	-1.6021600731826409	7.494534673894167	NA	NA	NA
7907183	-1.2339506158328426	7.749023008064386	NA	NA	NA
7908459	-2.0796156211060888	8.369612538615842	NA	NA	NA
7908488	-1.7368381691220698	5.812813592724819	NA	NA	NA
7908812	-2.3897094909481353	10.64628227971353	NA	NA	NA
7908924	-1.4485196288909865	8.131596134066267	NA	NA	NA
7909568	-1.829880965735283	10.312672540391215	NA	NA	NA
7909708	-1.0399143713461267	9.987565706788939	NA	NA	NA
7909730	-1.1818535169150373	9.77632213040028	NA	NA	NA
7910950	-1.3498507737360068	5.49586350186175	NA	NA	NA
7910997	-1.3907978898359321	7.883965665190154	NA	NA	NA
7913154	-1.0070428406283263	8.218474986665068	NA	NA	NA
7913655	-1.002968599742271	9.451920220865889	NA	NA	NA
7914127	-1.311288088722982	12.577030677504226	NA	NA	NA
7914851	-1.2671043413561351	6.356110666232787	NA	NA	NA
7914878	-1.6292999038560092	6.782038224344612	NA	NA	NA
7914974	-1.4498452698074722	9.580894808599181	NA	NA	NA
7915787	-1.4690776039119466	9.64748755950544	NA	NA	NA
7916167	-1.4767804138091556	7.650109106893044	NA	NA	NA
7916432	-1.4784665527572844	11.756615446554719	NA	NA	NA
7916882	-1.2034522832399865	6.394123124743491	NA	NA	NA
7916898	-1.454144751526405	7.499092487462787	NA	NA	NA
7917561	-1.1358017544032322	6.5858303029034495	NA	NA	NA
7917728	-1.1639472768010943	9.353318504644463	NA	NA	NA
7919314	-1.3197711609864262	7.735186751589547	NA	NA	NA
7919589	-1.413047521820447	11.099758314334942	NA	NA	NA
7919612	-1.865375945954959	10.929198267700158	NA	NA	NA
7919614	-1.4002879230013825	10.483819079513054	NA	NA	NA
7919642	-1.2346797223298562	11.040675341135923	NA	NA	NA
7919984	-1.0208723453040651	9.769780086573828	NA	NA	NA
7921533	-2.033930279354932	9.988543505861784	NA	NA	NA
7921955	-2.0480631390371817	8.806255169605913	NA	NA	NA
7922174	-3.0921090195877508	8.220234706284664	NA	NA	NA
7922219	-1.4308132164175626	7.257673932648782	NA	NA	NA
7922474	-1.2990412319163056	8.038760237366558	NA	NA	NA
7923034	-1.4673016763835847	5.470902751157325	NA	NA	NA
7923039	-1.137690913915284	3.1337394635400395	NA	NA	NA
7923086	-1.8081928903785958	7.985845537963428	NA	NA	NA
7923189	-1.8329867603951255	7.500293732209334	NA	NA	NA
7923426	-1.027385962490527	9.39319969145997	NA	NA	NA
7923762	-2.698470347110101	9.824742903712217	NA	NA	NA
7925492	-1.3501637129761086	9.271928955359162	NA	NA	NA
7926259	-1.6778806791527314	8.33778080966004	NA	NA	NA
7927710	-1.7208450281783803	7.766431067568853	NA	NA	NA
7928046	-1.4547500762916243	9.314791769597797	NA	NA	NA
7929047	-1.3966440300595782	8.814372421607398	NA	NA	NA
7929052	-2.1971247842574275	9.63172918045661	NA	NA	NA
7929065	-2.8792570945806073	10.333215327223002	NA	NA	NA
7929072	-1.5701665560912144	9.684263752788429	NA	NA	NA
7929078	-1.0884051292855466	6.3596749692088395	NA	NA	NA
7929258	-1.4095228353345206	8.374724099138675	NA	NA	NA
7929334	-1.3695504891659986	8.157321781309351	NA	NA	NA
7929511	-1.5705066403811685	8.559703493688252	NA	NA	NA
7929533	-1.3402901334396113	3.447397199458302	NA	NA	NA
7930593	-1.63572505624359	7.212113963499247	NA	NA	NA
7933075	-1.2040862970092139	10.4166263237376	NA	NA	NA
7933442	-1.2196927109145452	4.7295964736546035	NA	NA	NA
7933707	-1.3796161088602297	8.19700613371421	NA	NA	NA
7933855	-1.3175285103159906	7.3054084640471935	NA	NA	NA
7937007	-1.1333649495835143	7.940910532280566	NA	NA	NA
7937020	-1.9769347086438849	8.423202999587753	NA	NA	NA
7937335	-1.4925266800685293	11.824244661331935	NA	NA	NA
7937915	-1.1612338162842164	9.909413017158045	NA	NA	NA
7938035	-2.0930629480273133	8.77174388020461	NA	NA	NA
7939007	-1.0648388235623978	7.213402551419808	NA	NA	NA
7939024	-1.011563475687102	6.459115887517095	NA	NA	NA
7939056	-1.2028374360394203	5.5664665443497725	NA	NA	NA
7939237	-1.0552014092740354	8.008703994826227	NA	NA	NA
7939546	-1.5331636931318045	9.140016029296927	NA	NA	NA
7939839	-1.1682353052336243	10.340693509246332	NA	NA	NA
7939897	-1.168423644983454	8.083561750663982	NA	NA	NA
7939912	-1.106274286430569	5.256924613213658	NA	NA	NA
7940147	-2.440953276148792	8.39051131670707	NA	NA	NA
7940508	-1.0606037878471568	8.750022374285711	NA	NA	NA
7940565	-1.5869099859475977	10.619780526259941	NA	NA	NA
7941587	-1.2997462742663135	8.99318792828721	NA	NA	NA
7942832	-1.4461253834743113	7.40390864702405	NA	NA	NA
7943025	-1.8483179260635492	6.354333411293829	NA	NA	NA
7945321	-1.0161818531614895	8.72923930489539	NA	NA	NA
7945962	-1.2077936776247462	8.48369381964017	NA	NA	NA
7946089	-1.0810411105433868	9.043928491354809	NA	NA	NA
7947248	-1.527254548546714	7.276541073243937	NA	NA	NA
7947274	-1.0824169616371293	6.064158947331995	NA	NA	NA
7947553	-1.4423145786805707	7.542060234338887	NA	NA	NA
7948058	-1.0288027260412411	6.996140593965052	NA	NA	NA
7948148	-1.0313780370354904	4.578058885552455	NA	NA	NA
7948354	-1.2206677462139224	5.6087566184321425	NA	NA	NA
7948894	-1.1000724845018741	8.420894433579956	NA	NA	NA
7949364	-1.2206821425645957	7.133640922886691	NA	NA	NA
7950971	-1.8483179260635492	6.354333411293829	NA	NA	NA
7951077	-1.0216165599852172	10.197193547490414	NA	NA	NA
7951479	-1.200378496509808	6.752090184469863	NA	NA	NA
7952179	-1.180972753448705	9.323938878429843	NA	NA	NA
7952268	-1.348088993484124	10.527320237689764	NA	NA	NA
7952830	-1.165863313072606	9.2312372679181	NA	NA	NA
7953218	-1.1139417107588603	7.2320989140766185	NA	NA	NA
7953351	-1.0724875089717294	9.587447128877734	NA	NA	NA
7954419	-1.235008945548934	8.785981004253605	NA	NA	NA
7954645	-1.4630218341886714	9.698765639881774	NA	NA	NA
7954899	-2.4357426145316587	9.364222896993049	NA	NA	NA
7954926	-1.294681641726906	6.567494664590958	NA	NA	NA
7955441	-1.8430174516833846	8.302344831560807	NA	NA	NA
7955663	-1.0263725654723945	8.93229802669536	NA	NA	NA
7955736	-1.0089540961493917	7.658294599973205	NA	NA	NA
7956120	-1.726066972065306	10.40723287672908	NA	NA	NA
7957140	-2.4804129050093993	7.643204261784424	NA	NA	NA
7957167	-1.1781082688081632	8.966929006726732	NA	NA	NA
7957737	-1.1520912858786385	9.677728863883665	NA	NA	NA
7957861	-1.2416457686410194	8.026633295809464	NA	NA	NA
7958031	-1.017461553932769	6.246305725812391	NA	NA	NA
7958051	-2.309000310948237	9.558707184359594	NA	NA	NA
7958455	-1.0679150891897482	8.77771485927175	NA	NA	NA
7958884	-2.371946961901905	10.96665723214526	NA	NA	NA
7958895	-2.0602738245570382	10.136222390338304	NA	NA	NA
7958913	-2.292261602413898	10.98658140782669	NA	NA	NA
7959085	-1.0457631262639948	4.439915562258269	NA	NA	NA
7959777	-1.0316755053927746	9.3744854119862	NA	NA	NA
7960340	-1.571179512401578	8.993914856193646	NA	NA	NA
7961182	-1.0783666020662115	4.0344486432044775	NA	NA	NA
7961514	-2.7303921391784707	6.0504953546598514	NA	NA	NA
7961755	-1.2657045934499225	6.322407311501863	NA	NA	NA
7961757	-1.2132608257896607	9.641509845031385	NA	NA	NA
7962312	-1.0640874587141331	6.506584827838662	NA	NA	NA
7963157	-1.1275238744576601	9.49590497180596	NA	NA	NA
7964834	-1.1467897872026693	10.990619638848443	NA	NA	NA
7966878	-1.1111747712699742	8.118982730195448	NA	NA	NA
7967117	-1.4254138209125005	8.628462472028327	NA	NA	NA
7969374	-1.1320704938158261	6.790413012255559	NA	NA	NA
7969986	-1.115817095894423	9.42542446807467	NA	NA	NA
7970317	-1.041241912884086	11.619846249329138	NA	NA	NA
7970513	-1.5189764515328452	7.509842010109165	NA	NA	NA
7970624	-1.1147296708250014	7.010496157472736	NA	NA	NA
7971296	-1.6710365938914693	6.892361573500308	NA	NA	NA
7972650	-1.6027091604992396	9.057078006484364	NA	NA	NA
7974902	-1.3613938706600628	10.993298203596055	NA	NA	NA
7975390	-1.5559899018697347	8.226148179605879	NA	NA	NA
7975889	-1.147118680187587	8.385415999280966	NA	NA	NA
7976443	-1.738306965159632	11.051931956402779	NA	NA	NA
7978776	-1.1462608098859794	6.7585724377098835	NA	NA	NA
7979131	-1.0393152836323507	4.933083598212532	NA	NA	NA
7979307	-2.1387381803825942	7.6230610737808755	NA	NA	NA
7979721	-1.4791570548676667	8.272166737112594	NA	NA	NA
7981427	-1.3070920512072526	10.806402536367491	NA	NA	NA
7982358	-1.6709401960143655	7.9996203688616125	NA	NA	NA
7982663	-1.89882079043503	8.214864275820176	NA	NA	NA
7982757	-1.7121449957214354	7.714533139469907	NA	NA	NA
7982792	-1.1676608268583184	7.1215344845985085	NA	NA	NA
7982889	-1.688305825004635	9.614292895240364	NA	NA	NA
7983594	-1.0538265142998746	8.164374535399457	NA	NA	NA
7983661	-1.1270268405703598	2.9216563643513713	NA	NA	NA
7983718	-1.6095524237064502	7.832282130290523	NA	NA	NA
7983969	-1.1712155122632826	9.18411486535894	NA	NA	NA
7984155	-1.1471903751808803	10.685256710021422	NA	NA	NA
7984174	-2.785569437530823	8.975843081341168	NA	NA	NA
7984259	-1.690006655546295	6.367711439694955	NA	NA	NA
7984540	-1.3262185028203	8.686812978156178	NA	NA	NA
7984779	-1.032382448206512	8.786932952830359	NA	NA	NA
7985829	-1.593674824421921	8.834614951756945	NA	NA	NA
7985873	-1.515681904988952	8.155622340715487	NA	NA	NA
7987636	-1.4531787415668882	7.203865721689571	NA	NA	NA
7988414	-1.4454094873881242	10.699844919908486	NA	NA	NA
7989647	-2.982822462067822	8.238990263441714	NA	NA	NA
7989657	-1.0305496289198537	6.5263010622034745	NA	NA	NA
7990683	-1.0696679324857552	7.793708006524372	NA	NA	NA
7990818	-1.100294528081271	7.037329846555476	NA	NA	NA
7991246	-1.6924896387852355	7.82453537176605	NA	NA	NA
7991406	-1.4014762325613965	9.625948919169788	NA	NA	NA
7991777	-1.142431321064178	8.682014109566076	NA	NA	NA
7993126	-1.3214621081077027	9.298755930406356	NA	NA	NA
7994109	-1.3013115493068401	9.830005690917343	NA	NA	NA
7997381	-1.5316151992865956	8.518077405533614	NA	NA	NA
8001133	-1.6686651268002919	7.308074652332062	NA	NA	NA
8003204	-1.0791102368503882	9.95722434081081	NA	NA	NA
8004167	-1.3071844090760631	9.046864488515293	NA	NA	NA
8004545	-1.1971357908343414	10.502394872441768	NA	NA	NA
8005547	-1.102459090233781	9.633523110592307	NA	NA	NA
8005553	-1.102459090233781	9.633523110592307	NA	NA	NA
8006187	-1.1692883774870992	7.379834039013817	NA	NA	NA
8007071	-1.869313024662473	8.516157285770962	NA	NA	NA
8007446	-1.1074631049696073	11.459554932096122	NA	NA	NA
8008784	-1.2418518176891382	9.2553411330512	NA	NA	NA
8009301	-1.041676196159603	10.099787615412701	NA	NA	NA
8009326	-1.56719918514192	9.574212152896974	NA	NA	NA
8009334	-1.1452686924008244	9.644712079213274	NA	NA	NA
8012403	-1.3250090241382324	8.425770608355386	NA	NA	NA
8013323	-1.102459090233781	9.633523110592307	NA	NA	NA
8013325	-1.102459090233781	9.633523110592307	NA	NA	NA
8013329	-1.102459090233781	9.633523110592307	NA	NA	NA
8013671	-1.3294272273903935	8.070908253169797	NA	NA	NA
8013771	-1.0274930085740763	7.6807379893392245	NA	NA	NA
8014974	-1.911419341541004	9.73965444924471	NA	NA	NA
8015511	-1.5947822087337098	9.288360016078194	NA	NA	NA
8016147	-1.432571680199409	8.059700097267955	NA	NA	NA
8017262	-1.5841219721877131	8.804299170234863	NA	NA	NA
8017885	-1.222141889065031	8.565137398820255	NA	NA	NA
8018849	-1.6464382562329796	8.620502072650488	NA	NA	NA
8018975	-1.1808581019562947	12.340158820446838	NA	NA	NA
8019842	-1.9141053448237422	10.552791452631878	NA	NA	NA
8019857	-1.6922226330154375	7.249344565395575	NA	NA	NA
8021187	-1.422305749014515	7.253389575371273	NA	NA	NA
8021245	-1.2723096394637219	6.973037027094268	NA	NA	NA
8021484	-1.9713633287600274	8.315708392455667	NA	NA	NA
8022640	-1.1089245217201604	9.46497739046648	NA	NA	NA
8022817	-1.171176340510038	7.415661124438085	NA	NA	NA
8023121	-1.5135268865850025	8.020846720428176	NA	NA	NA
8024900	-1.897013066979751	9.364839983948158	NA	NA	NA
8025828	-1.4162413705419716	9.356544446563412	NA	NA	NA
8027152	-1.6174816419664566	10.214810297845405	NA	NA	NA
8028719	-1.5929997629687325	9.04630294384146	NA	NA	NA
8034122	-1.6933356941181348	8.120045813892979	NA	NA	NA
8034772	-2.3526036071266745	9.994101711310586	NA	NA	NA
8035304	-1.8039861998485822	10.765451762192203	NA	NA	NA
8035838	-1.1245785347967718	8.214865915190336	NA	NA	NA
8040080	-2.8816376465779303	9.840637053738106	NA	NA	NA
8040223	-2.228239449669317	7.917006697523764	NA	NA	NA
8040440	-1.216105503325906	8.29036528024725	NA	NA	NA
8040578	-1.2213994074277252	8.3694762964137	NA	NA	NA
8040587	-1.0211700600140343	8.917506059897782	NA	NA	NA
8041445	-1.3406072069691937	3.0563677652958194	NA	NA	NA
8043036	-1.5333132751917216	8.898968370433106	NA	NA	NA
8043602	-1.5187011203162015	8.512216720724624	NA	NA	NA
8044737	-1.1897317254223325	4.456852207150737	NA	NA	NA
8044804	-1.6142273464042667	10.063121115462634	NA	NA	NA
8045075	-2.347655265897526	7.916526780238684	NA	NA	NA
8045835	-1.098128638804467	7.419934771375763	NA	NA	NA
8046746	-1.5850590562085145	7.420289678949361	NA	NA	NA
8047086	-1.1275053878536978	7.618605436525625	NA	NA	NA
8047288	-1.3528032322869992	7.820163689351908	NA	NA	NA
8048976	-1.1841538410727281	7.152815701371228	NA	NA	NA
8050102	-2.6888611463576986	9.928318020175839	NA	NA	NA
8053142	-1.0087705949047407	9.204360736179822	NA	NA	NA
8053349	-1.4582537686933135	7.9791547104386975	NA	NA	NA
8053484	-1.0507585950515494	10.100713798136681	NA	NA	NA
8054580	-1.5960854793245831	7.851163979596537	NA	NA	NA
8054702	-1.9675789049486383	7.972253213213007	NA	NA	NA
8056285	-1.4914655390837108	9.347158712472321	NA	NA	NA
8056457	-1.4355337044372147	7.2309190774534695	NA	NA	NA
8056572	-2.1038553201244348	6.397620923755814	NA	NA	NA
8056877	-1.0402329080418902	7.199823269558543	NA	NA	NA
8057480	-1.7974929356766651	8.189214370823107	NA	NA	NA
8057506	-1.350308519556064	10.47263879191921	NA	NA	NA
8057744	-1.0973924831100668	12.09280133465936	NA	NA	NA
8058542	-1.4899523979279508	7.351818636494034	NA	NA	NA
8058857	-1.380055324796814	10.844598179754387	NA	NA	NA
8059650	-1.2072162588939008	9.310366347080652	NA	NA	NA
8059838	-1.2221519162128764	8.75987980809345	NA	NA	NA
8060940	-1.558381037479327	8.646498188204784	NA	NA	NA
8061471	-1.2474118482163234	9.627292058279645	NA	NA	NA
8061564	-1.377798230810786	9.573413801056171	NA	NA	NA
8061579	-1.436237511285766	9.681671478722773	NA	NA	NA
8062571	-1.1538036257250397	8.612562573077795	NA	NA	NA
8062766	-1.888906847182941	9.250599354605828	NA	NA	NA
8064844	-1.5611177726211913	9.45552118010873	NA	NA	NA
8065321	-1.0205771241805333	4.501400734351627	NA	NA	NA
8066117	-1.4114001471888393	10.816785004715344	NA	NA	NA
8067125	-1.1308512659907386	9.21421012708644	NA	NA	NA
8068231	-1.6837626865393567	9.431932579295733	NA	NA	NA
8068697	-3.269124310800212	9.807155590187387	NA	NA	NA
8068713	-2.4016331326178584	11.13139487333087	NA	NA	NA
8069676	-1.9576499684296547	9.550357325035318	NA	NA	NA
8070073	-1.0048872673414309	6.420506921901083	NA	NA	NA
8071036	-1.2715313999071594	11.929516844714037	NA	NA	NA
8071155	-1.561796583829837	10.208996085454213	NA	NA	NA
8071212	-1.8102552138374355	8.227105754087235	NA	NA	NA
8072710	-1.03466743799863	9.474893597243945	NA	NA	NA
8073062	-2.554213835873135	9.43699615601473	NA	NA	NA
8073680	-1.0778310507819677	5.2708755765282	NA	NA	NA
8073858	-1.1066346690157243	7.916819808144662	NA	NA	NA
8074606	-1.812630465480046	10.668130907359775	NA	NA	NA
8075401	-1.088406935574099	7.851872823310764	NA	NA	NA
8075992	-1.1159689587085335	10.302295317829333	NA	NA	NA
8077270	-1.5596170750534082	9.763442006606759	NA	NA	NA
8077731	-1.265508057914058	7.491495872161902	NA	NA	NA
8078134	-1.4047324846010243	3.9475047120386972	NA	NA	NA
8078286	-1.2701054338039546	7.302581633959798	NA	NA	NA
8079237	-1.6830576769917593	7.70223874940597	NA	NA	NA
8079334	-1.0364764965449726	8.733458902224108	NA	NA	NA
8080162	-1.188679888760257	9.454742120836588	NA	NA	NA
8080562	-1.053333730774531	8.396007086195617	NA	NA	NA
8082012	-2.0611068218908164	7.430503342118078	NA	NA	NA
8082075	-1.421078688912674	10.48549247088302	NA	NA	NA
8082100	-1.0456027716402279	10.070146556520218	NA	NA	NA
8083941	-1.1533728156395107	8.413729728041549	NA	NA	NA
8084524	-1.251889492206315	8.414702995425191	NA	NA	NA
8084732	-2.1072942955645617	8.834013148429216	NA	NA	NA
8085164	-1.1852479489868486	7.403277383156584	NA	NA	NA
8085754	-1.56997346785041	8.018363313464185	NA	NA	NA
8086216	-2.0509481324387395	3.6488691882762856	NA	NA	NA
8086799	-1.331132382637172	7.709178226415782	NA	NA	NA
8087485	-1.2435466917549203	10.042758169270371	NA	NA	NA
8090018	-1.2007404768068	10.276325358737786	NA	NA	NA
8091327	-1.0380835852564978	10.102848464978413	NA	NA	NA
8091411	-1.430040651540569	11.040915515155644	NA	NA	NA
8092169	-3.0120576495584332	9.419072503983662	NA	NA	NA
8092520	-1.4799161644090635	9.570597327437042	NA	NA	NA
8094259	-1.233158009050971	10.11825245055135	NA	NA	NA
8094278	-2.055431058790079	8.687517681087897	NA	NA	NA
8095585	-1.0534863084905748	10.913468729179886	NA	NA	NA
8095806	-1.146613516945914	5.859251537635518	NA	NA	NA
8096335	-1.7684800697147338	10.350221239589194	NA	NA	NA
8097017	-1.3399362368684002	9.461091145312087	NA	NA	NA
8097356	-1.5357938352551388	7.607306866245555	NA	NA	NA
8097829	-1.1696836275564992	6.818290560127442	NA	NA	NA
8097857	-1.4566567333143645	6.529883119397558	NA	NA	NA
8099476	-1.041475431696071	7.715033218495087	NA	NA	NA
8099685	-1.2882296001513716	9.695922298806389	NA	NA	NA
8101126	-2.5094614041129297	8.106675453297548	NA	NA	NA
8101235	-1.3544223124438668	3.4833502351499326	NA	NA	NA
8102076	-1.7813493270695222	7.123112134398332	NA	NA	NA
8102532	-1.4262733415549382	8.274445195072392	NA	NA	NA
8102560	-1.1456906113892433	7.236560592010176	NA	NA	NA
8102643	-1.5692526515194016	8.720757140414074	NA	NA	NA
8103254	-1.6730449112222905	7.827641402246041	NA	NA	NA
8103563	-1.4179891997660405	9.568115408693966	NA	NA	NA
8103601	-1.5335211079773927	9.06874760383969	NA	NA	NA
8103736	-1.1435387379364013	10.694875325326304	NA	NA	NA
8103894	-1.6954811874833675	7.998314945450781	NA	NA	NA
8103932	-1.3756145974274538	8.373858619626066	NA	NA	NA
8104234	-1.2426770459350953	8.110938320580875	NA	NA	NA
8104663	-1.4451290078376378	10.364973061217142	NA	NA	NA
8104912	-1.2290874964701501	10.236147197440683	NA	NA	NA
8104930	-2.1257404165016496	10.201394535303121	NA	NA	NA
8105828	-1.4369508280669718	8.484273285470438	NA	NA	NA
8106743	-1.036808263037024	11.41771741328013	NA	NA	NA
8107706	-1.5020578605245785	7.987570319884999	NA	NA	NA
8107722	-1.1461470043192037	8.005263591201444	NA	NA	NA
8108217	-2.020959814231416	9.60227970827307	NA	NA	NA
8108301	-2.183235950761717	8.221026275682389	NA	NA	NA
8109194	-1.185606698829126	9.891371599548602	NA	NA	NA
8109490	-1.1205165549279448	7.891983901208576	NA	NA	NA
8109712	-1.4796656321599313	6.533912675454108	NA	NA	NA
8109912	-1.3932912518325349	9.813996635813012	NA	NA	NA
8111255	-1.279265613649156	5.602375131334222	NA	NA	NA
8111443	-2.4477067236358288	9.337203591450594	NA	NA	NA
8112202	-1.4791464028875936	7.308303275356662	NA	NA	NA
8112260	-1.2775890733392243	8.024723335760823	NA	NA	NA
8112902	-1.1556842799219975	9.413883179436368	NA	NA	NA
8112971	-3.178810306421699	9.361788010074822	NA	NA	NA
8114470	-2.308774990799696	8.384813666554578	NA	NA	NA
8115623	-1.3530059587962295	8.685547965210759	NA	NA	NA
8117395	-1.5133977584769802	9.548529350171412	NA	NA	NA
8117408	-1.167308531348577	6.805271028859831	NA	NA	NA
8117426	-1.5798192684423746	10.94685169277593	NA	NA	NA
8117429	-1.3323207666056884	5.173125019178433	NA	NA	NA
8117529	-1.0060233512454242	4.450454073630664	NA	NA	NA
8117583	-1.4471411451891685	7.633014475181907	NA	NA	NA
8117594	-2.1762666490648233	8.527685193208132	NA	NA	NA
8117608	-2.1064377028069803	8.049817498646188	NA	NA	NA
8118086	-1.493816369381257	7.9733637507354285	NA	NA	NA
8118669	-1.515900385910582	8.22085941163117	NA	NA	NA
8120838	-1.946168014465199	6.8176617993140916	NA	NA	NA
8121209	-1.1650298435310482	10.096831355467499	NA	NA	NA
8121225	-1.4139842873605613	8.958084362895583	NA	NA	NA
8121784	-1.243654402265527	10.418800904515946	NA	NA	NA
8122099	-1.1163255780362284	9.267994205316112	NA	NA	NA
8122202	-1.5642198075480742	7.503234709798949	NA	NA	NA
8122222	-1.2606035471322778	7.596780147919647	NA	NA	NA
8122982	-1.0360915680048883	8.825856361609208	NA	NA	NA
8124388	-2.3266404682154054	10.364965909931728	NA	NA	NA
8124391	-1.8900415268718307	7.513042438717658	NA	NA	NA
8124416	-1.4656638797270318	11.210539601721742	NA	NA	NA
8124440	-1.2461746396291602	7.138616264447419	NA	NA	NA
8124524	-1.6409326428820954	9.65686301564643	NA	NA	NA
8124527	-2.9314164186585057	8.424179492837947	NA	NA	NA
8124531	-2.151725948976795	10.96271500981063	NA	NA	NA
8124534	-1.2075877667942008	8.031850488847079	NA	NA	NA
8126035	-1.1997341647318258	9.076855421970846	NA	NA	NA
8126371	-1.0346272726218295	10.96520431951595	NA	NA	NA
8126428	-1.3056379803691964	7.057572456070601	NA	NA	NA
8127031	-1.013270172278828	10.59616444577868	NA	NA	NA
8128894	-1.089451688183038	10.025027507875649	NA	NA	NA
8128991	-1.8193144344185317	10.21560612398179	NA	NA	NA
8129573	-1.0899328508636827	7.359142360773201	NA	NA	NA
8130370	-1.4230469946370214	4.645122510277638	NA	NA	NA
8130374	-1.186633347353336	9.11140386354698	NA	NA	NA
8131550	-1.7369249732050873	6.797419233767666	NA	NA	NA
8132250	-1.6575481719621044	8.63931370525355	NA	NA	NA
8132318	-1.687567084484872	9.709779161625999	NA	NA	NA
8134869	-1.0300721295096498	10.03374557972474	NA	NA	NA
8135218	-2.261301384998042	6.9669033135138285	NA	NA	NA
8135488	-1.1167265696607576	9.62257642634248	NA	NA	NA
8135705	-1.101300535336545	6.825832632318299	NA	NA	NA
8135734	-1.5098347823176947	8.783669617322488	NA	NA	NA
8136557	-1.3836317121882962	8.681804859171852	NA	NA	NA
8137526	-1.1315701136994036	9.548270378013529	NA	NA	NA
8138337	-1.3073021305892416	8.242555897773642	NA	NA	NA
8138353	-1.4915781445851106	10.955314431259957	NA	NA	NA
8138799	-1.534616632184476	7.726311589740579	NA	NA	NA
8139128	-1.1340254689834257	6.432138956452909	NA	NA	NA
8139632	-1.0265600566683437	7.90737555011671	NA	NA	NA
8140463	-1.98388764906072	7.559517781754449	NA	NA	NA
8140504	-1.184876421976421	9.041710013137028	NA	NA	NA
8140967	-1.30393448027578	11.208547768291073	NA	NA	NA
8141140	-1.4105172776016817	8.3572933785645	NA	NA	NA
8141872	-1.5011436107382714	9.324967954427098	NA	NA	NA
8142687	-1.0960771931833602	10.650518704393686	NA	NA	NA
8143221	-1.0594176154185106	7.474133845906568	NA	NA	NA
8143766	-1.2476742061738877	5.128629814941338	NA	NA	NA
8144036	-1.0429532382213313	9.188827246884923	NA	NA	NA
8144153	-1.1427188208094705	9.421995304239484	NA	NA	NA
8145418	-1.5693251659476388	7.288616942730352	NA	NA	NA
8145570	-2.2375885852149526	8.306057203363135	NA	NA	NA
8146357	-1.0676591495095078	10.127219930541962	NA	NA	NA
8146967	-1.2966757797224755	9.130310728527917	NA	NA	NA
8147244	-1.5717018821636284	7.9623339668362965	NA	NA	NA
8148124	-1.0889491420372757	7.727200877958557	NA	NA	NA
8148435	-1.4083936926119476	7.479199311066331	NA	NA	NA
8148572	-1.4383570258273881	10.373980915910462	NA	NA	NA
8149574	-1.2222300398210422	7.066438285567978	NA	NA	NA
8149955	-2.149408135873312	7.789646789616244	NA	NA	NA
8150186	-1.0146409229236966	8.930470378331606	NA	NA	NA
8150509	-1.154416352930836	11.937136169567747	NA	NA	NA
8151032	-1.2952570344420788	6.862785543557107	NA	NA	NA
8151871	-1.3961300049828012	9.277895953321213	NA	NA	NA
8152092	-1.1396608828762673	5.090863528557696	NA	NA	NA
8152119	-1.258936728426403	7.896724736981229	NA	NA	NA
8152522	-1.8264710614526738	10.456471296342947	NA	NA	NA
8154135	-1.7298890946363006	8.425099645403737	NA	NA	NA
8154285	-1.6501928207689547	8.333999712438048	NA	NA	NA
8154295	-1.8173289374202533	5.673413218749655	NA	NA	NA
8155214	-1.4212251235366136	9.00629594186448	NA	NA	NA
8155248	-1.0430400650634426	2.6647855313005495	NA	NA	NA
8155930	-1.328510527038513	7.58828087414479	NA	NA	NA
8156770	-1.507507995464925	7.50885779318937	NA	NA	NA
8156923	-1.1461732639264355	7.032465636526151	NA	NA	NA
8156982	-1.4848324760700864	8.460001454472623	NA	NA	NA
8158771	-1.2473266813082056	9.54670663261122	NA	NA	NA
8160168	-1.3846523726058635	8.472515789855276	NA	NA	NA
8160559	-1.7549046225602254	11.143540592117677	NA	NA	NA
8160786	-1.1315047447770556	7.477040819270845	NA	NA	NA
8162179	-1.1235686555840019	9.082406303948538	NA	NA	NA
8162216	-1.00054934910861	10.184846006706639	NA	NA	NA
8162729	-1.0712008570594644	10.273788340539653	NA	NA	NA
8165667	-1.0113600695816736	9.341658992591366	NA	NA	NA
8165817	-1.0413777727186684	8.336938948818464	NA	NA	NA
8165860	-1.5257261337579733	3.859507645530386	NA	NA	NA
8165866	-1.195953173468867	7.398325557981584	NA	NA	NA
8166784	-1.2283196232674864	12.095462415812094	NA	NA	NA
8168146	-1.1346297786494492	8.134064788841837	NA	NA	NA
8168264	-1.5096897156140638	11.086072345457026	NA	NA	NA
8168517	-2.326452349845866	9.30787125815143	NA	NA	NA
8168531	-1.828991949399465	5.913487481733183	NA	NA	NA
8168794	-1.4593255061584527	7.853776538741149	NA	NA	NA
8169061	-1.5768200745590715	11.357796936147437	NA	NA	NA
8170468	-1.0127636548824483	8.579513016207224	NA	NA	NA
8172220	-1.2143040444851545	7.635403045160741	NA	NA	NA
8173524	-1.288829651559487	9.037882940191633	NA	NA	NA
8173755	-1.4499127298028274	8.11084092232377	NA	NA	NA
8173812	-1.0461223768242771	7.905395419077965	NA	NA	NA
8174189	-1.3970829310595176	7.437822194968028	NA	NA	NA
8174543	-1.7855045583333649	9.19403630531691	NA	NA	NA
8174767	-1.4043723085772157	11.5607846797064	NA	NA	NA
8175332	-1.272256721934037	4.064165927050239	NA	NA	NA
8177947	-1.493816369381257	7.9733637507354285	NA	NA	NA
8179228	-1.5431171086081843	8.016847797340255	NA	NA	NA
8179564	-1.6474473233187013	8.332755341593813	NA	NA	NA
8180255	-1.60227578374427	10.771573607332723	NA	NA	NA
8180321	-1.60227578374427	10.771573607332723	NA	NA	NA
